{
  "timestamps": [
    1756785600000,
    1756872000000,
    1756958400000,
    1757044800000,
    1757304000000,
    1757390400000,
    1757476800000,
    1757563200000,
    1757649600000,
    1757908800000,
    1757995200000,
    1758081600000,
    1758168000000,
    1758254400000,
    1758513600000,
    1758600000000,
    1758686400000,
    1758772800000,
    1758859200000,
    1759118400000,
    1759204800000,
    1759291200000,
    1759377600000,
    1759464000000,
    1759723200000,
    1759809600000,
    1759896000000,
    1759982400000,
    1760068800000,
    1760328000000,
    1760414400000,
    1760500800000,
    1760587200000,
    1760673600000,
    1760932800000,
    1761019200000,
    1761105600000,
    1761192000000,
    1761278400000,
    1761537600000,
    1761624000000,
    1761710400000,
    1761796800000,
    1761883200000,
    1762146000000,
    1762232400000,
    1762318800000,
    1762405200000,
    1762491600000,
    1762750800000,
    1762837200000,
    1762923600000,
    1763010000000,
    1763096400000,
    1763355600000,
    1763442000000,
    1763528400000,
    1763614800000,
    1763701200000,
    1763960400000,
    1764046800000,
    1764133200000,
    1764306000000,
    1764565200000,
    1764651600000,
    1764738000000,
    1764824400000,
    1764910800000,
    1765170000000,
    1765256400000,
    1765342800000,
    1765429200000,
    1765515600000,
    1765774800000,
    1765861200000,
    1765947600000,
    1766034000000,
    1766120400000,
    1766379600000,
    1766466000000,
    1766552400000,
    1766725200000,
    1766984400000,
    1767070800000,
    1767157200000,
    1767330000000,
    1767589200000,
    1767675600000,
    1767762000000,
    1767848400000
  ],
  "open": [
    350.239990234375,
    345.7200012207031,
    342.239990234375,
    345.80999755859375,
    348.8599853515625,
    362.75,
    356.2900085449219,
    354.69000244140625,
    361.1000061035156,
    350.5,
    350.1600036621094,
    353.17999267578125,
    366.8599853515625,
    368.94000244140625,
    364.1600036621094,
    364.17999267578125,
    355.6000061035156,
    351.9100036621094,
    353.7099914550781,
    362.0400085449219,
    360.5400085449219,
    347.1600036621094,
    343.760009765625,
    352.0,
    346.92999267578125,
    352.5899963378906,
    350.0,
    349.7699890136719,
    347.9100036621094,
    339.25,
    335.2200012207031,
    335.4200134277344,
    333.8599853515625,
    327.75,
    334.6400146484375,
    343.5899963378906,
    355.4800109863281,
    352.510009765625,
    357.2099914550781,
    355.57000732421875,
    360.0,
    355.5199890136719,
    338.20001220703125,
    338.70001220703125,
    340.30999755859375,
    335.0199890136719,
    332.6099853515625,
    333.0,
    325.8299865722656,
    328.0,
    329.5,
    333.6099853515625,
    335.010009765625,
    332.9100036621094,
    331.1099853515625,
    323.7799987792969,
    323.17999267578125,
    318.8699951171875,
    313.57000732421875,
    325.0,
    317.7699890136719,
    319.20001220703125,
    317.79998779296875,
    316.3900146484375,
    321.6199951171875,
    321.9800109863281,
    328.57000732421875,
    330.6000061035156,
    347.45001220703125,
    341.3999938964844,
    342.1300048828125,
    341.6499938964844,
    351.5400085449219,
    352.6000061035156,
    350.0,
    347.8900146484375,
    355.8699951171875,
    355.5299987792969,
    355.5899963378906,
    357.4700012207031,
    352.2099914550781,
    352.5,
    353.3699951171875,
    352.0299987792969,
    351.010009765625,
    350.67999267578125,
    330.1099853515625,
    330.0,
    336.239990234375,
    337.3800048828125
  ],
  "high": [
    352.7099914550781,
    348.510009765625,
    344.4100036621094,
    354.6700134277344,
    358.82000732421875,
    362.75,
    359.19000244140625,
    355.25,
    366.5,
    358.0,
    356.94000244140625,
    365.0,
    370.8599853515625,
    370.30999755859375,
    365.3800048828125,
    368.7300109863281,
    355.6000061035156,
    357.0,
    360.7200012207031,
    363.1700134277344,
    362.0,
    349.8299865722656,
    351.7300109863281,
    352.5899963378906,
    357.3399963378906,
    353.3299865722656,
    354.04998779296875,
    350.6000061035156,
    348.7200012207031,
    340.2799987792969,
    338.82000732421875,
    335.6000061035156,
    336.6499938964844,
    335.1000061035156,
    344.20001220703125,
    358.3699951171875,
    360.19000244140625,
    354.3500061035156,
    358.1000061035156,
    358.55999755859375,
    363.70001220703125,
    355.5199890136719,
    344.70001220703125,
    341.260009765625,
    342.4599914550781,
    340.54998779296875,
    336.8399963378906,
    333.20001220703125,
    331.010009765625,
    329.9599914550781,
    334.0,
    338.3999938964844,
    340.0,
    333.75,
    332.3800048828125,
    326.6400146484375,
    323.3599853515625,
    323.17999267578125,
    327.75,
    325.7699890136719,
    321.5199890136719,
    321.6700134277344,
    322.30999755859375,
    326.1400146484375,
    325.9599914550781,
    326.989990234375,
    330.8900146484375,
    348.5899963378906,
    348.4800109863281,
    347.7799987792969,
    347.9200134277344,
    357.0,
    362.7099914550781,
    355.0,
    355.8599853515625,
    357.79998779296875,
    358.3399963378906,
    357.54998779296875,
    359.57000732421875,
    359.6700134277344,
    354.75,
    356.2300109863281,
    356.67999267578125,
    355.2699890136719,
    352.8800048828125,
    351.1199951171875,
    334.4700012207031,
    336.3999938964844,
    342.7799987792969,
    343.95001220703125
  ],
  "low": [
    341.2799987792969,
    343.3599853515625,
    331.5,
    345.1000061035156,
    343.5899963378906,
    353.0299987792969,
    348.1199951171875,
    347.1600036621094,
    341.6099853515625,
    345.04998779296875,
    348.32000732421875,
    353.17999267578125,
    365.8500061035156,
    362.5400085449219,
    359.3599853515625,
    361.29998779296875,
    347.79998779296875,
    351.5,
    352.7799987792969,
    358.79998779296875,
    349.8999938964844,
    340.04998779296875,
    342.4200134277344,
    346.30999755859375,
    342.0400085449219,
    344.239990234375,
    347.5199890136719,
    344.29998779296875,
    336.94000244140625,
    335.6099853515625,
    332.7200012207031,
    329.2099914550781,
    327.5,
    327.70001220703125,
    334.25,
    343.32000732421875,
    352.8699951171875,
    348.7099914550781,
    353.2900085449219,
    352.4100036621094,
    357.79998779296875,
    337.04998779296875,
    333.1000061035156,
    336.79998779296875,
    332.8800048828125,
    332.80999755859375,
    331.239990234375,
    324.54998779296875,
    323.0299987792969,
    325.0,
    329.1300048828125,
    333.17999267578125,
    332.79998779296875,
    328.5899963378906,
    324.42999267578125,
    320.79998779296875,
    315.17999267578125,
    312.0899963378906,
    311.5899963378906,
    318.3399963378906,
    315.57000732421875,
    316.1000061035156,
    317.5199890136719,
    316.1099853515625,
    318.0799865722656,
    320.6300048828125,
    324.1199951171875,
    329.7099914550781,
    338.05999755859375,
    338.4800109863281,
    340.57000732421875,
    333.7900085449219,
    349.0899963378906,
    343.8800048828125,
    345.42999267578125,
    347.79998779296875,
    351.3599853515625,
    351.5899963378906,
    354.70001220703125,
    350.5799865722656,
    351.1099853515625,
    352.2799987792969,
    351.1600036621094,
    350.010009765625,
    349.69000244140625,
    331.6400146484375,
    327.44000244140625,
    329.5,
    334.6199951171875,
    334.67999267578125
  ],