{
  "timestamps": [
    1756785600000,
    1756872000000,
    1756958400000,
    1757044800000,
    1757304000000,
    1757390400000,
    1757476800000,
    1757563200000,
    1757649600000,
    1757908800000,
    1757995200000,
    1758081600000,
    1758168000000,
    1758254400000,
    1758513600000,
    1758600000000,
    1758686400000,
    1758772800000,
    1758859200000,
    1759118400000,
    1759204800000,
    1759291200000,
    1759377600000,
    1759464000000,
    1759723200000,
    1759809600000,
    1759896000000,
    1759982400000,
    1760068800000,
    1760328000000,
    1760414400000,
    1760500800000,
    1760587200000,
    1760673600000,
    1760932800000,
    1761019200000,
    1761105600000,
    1761192000000,
    1761278400000,
    1761537600000,
    1761624000000,
    1761710400000,
    1761796800000,
    1761883200000,
    1762146000000,
    1762232400000,
    1762318800000,
    1762405200000,
    1762491600000,
    1762750800000,
    1762837200000,
    1762923600000,
    1763010000000,
    1763096400000,
    1763355600000,
    1763442000000,
    1763528400000,
    1763614800000,
    1763701200000,
    1763960400000,
    1764046800000,
    1764133200000,
    1764306000000,
    1764565200000,
    1764651600000,
    1764738000000,
    1764824400000,
    1764910800000,
    1765170000000,
    1765256400000,
    1765342800000,
    1765429200000,
    1765515600000,
    1765774800000,
    1765861200000,
    1765947600000,
    1766034000000,
    1766120400000,
    1766379600000,
    1766466000000,
    1766552400000,
    1766725200000,
    1766984400000,
    1767070800000,
    1767157200000,
    1767330000000,
    1767589200000,
    1767675600000,
    1767762000000,
    1767848400000
  ],
  "open": [
    177.1300048828125,
    174.76499938964844,
    178.89999389648438,
    194.5,
    194.6999969482422,
    213.30499267578125,
    225.43499755859375,
    233.74000549316406,
    233.0,
    229.0,
    232.88999938964844,
    244.22500610351562,
    255.0,
    245.30999755859375,
    239.875,
    236.49000549316406,
    212.0,
    192.5500030517578,
    200.53500366210938,
    208.21499633789062,
    200.69000244140625,
    191.7899932861328,
    200.0,
    212.5,
    228.55999755859375,
    221.11000061035156,
    214.74000549316406,
    222.0,
    226.1699981689453,
    214.46499633789062,
    183.83999633789062,
    170.57000732421875,
    163.9600067138672,
    159.6300048828125,
    155.00999450683594,
    154.5,
    153.86000061035156,
    154.88999938964844,
    167.60000610351562,
    171.0,
    172.0,
    171.0,
    168.00999450683594,
    181.5,
    191.38499450683594,
    181.3699951171875,
    184.0749969482422,
    181.72000122070312,
    157.1199951171875,
    173.0,
    170.05999755859375,
    167.75999450683594,
    154.99000549316406,
    139.22999572753906,
    145.375,
    138.10000610351562,
    139.52999877929688,
    154.47999572753906,
    138.60000610351562,
    145.72999572753906,
    143.51499938964844,
    145.61000061035156,
    157.08999633789062,
    155.6199951171875,
    172.30999755859375,
    150.32000732421875,
    150.99000549316406,
    154.85000610351562,
    162.89999389648438,
    164.08999633789062,
    166.57000732421875,
    161.6300048828125,
    172.49000549316406,
    150.5,
    141.5500030517578,
    149.77000427246094,
    144.99000549316406,
    145.9600067138672,
    166.9199981689453,
    166.75,
    169.02000427246094,
    172.1300048828125,
    163.85000610351562,
    170.52000427246094,
    170.5,
    171.68499755859375,
    184.97999572753906,
    166.50999450683594,
    158.0,
    164.97000122070312
  ],
  "high": [
    180.6999969482422,
    179.98500061035156,
    188.0500030517578,
    197.3699951171875,
    220.69000244140625,
    217.9199981689453,
    230.8800048828125,
    237.82000732421875,
    234.77000427246094,
    235.8800048828125,
    241.2899932861328,
    252.60000610351562,
    262.8999938964844,
    249.61000061035156,
    243.1999969482422,
    236.49000549316406,
    213.69000244140625,
    205.1699981689453,
    201.99000549316406,
    209.5399932861328,
    205.39999389648438,
    195.8800048828125,
    211.68600463867188,
    214.2899932861328,
    232.0,
    224.1199951171875,
    219.6750030517578,
    229.75,
    230.0,
    216.27000427246094,
    184.0,
    170.5800018310547,
    167.41000366210938,
    160.26499938964844,
    159.75,
    161.19500732421875,
    158.27000427246094,
    166.3300018310547,
    170.1999969482422,
    174.22999572753906,
    174.92999267578125,
    175.5,
    175.63999938964844,
    201.86000061035156,
    198.24000549316406,
    193.2100067138672,
    191.39999389648438,
    184.0,
    165.4949951171875,
    176.8000030517578,
    174.3699951171875,
    167.9550018310547,
    155.07000732421875,
    151.39999389648438,
    147.49000549316406,
    144.0500030517578,
    144.7100067138672,
    160.7729949951172,
    143.9199981689453,
    151.60800170898438,
    145.33999633789062,
    156.67999267578125,
    158.4199981689453,
    173.20399475097656,
    182.52999877929688,
    153.60000610351562,
    154.0,
    163.1199951171875,
    176.64999389648438,
    171.7100067138672,
    167.19900512695312,
    174.39999389648438,
    172.49000549316406,
    152.19000244140625,
    147.25,
    152.75999450683594,
    148.8800048828125,
    166.92999267578125,
    175.38999938964844,
    171.8300018310547,
    172.3300018310547,
    172.8800048828125,
    170.61000061035156,
    175.97999572753906,
    174.22000122070312,
    182.89999389648438,
    185.17999267578125,
    166.88999938964844,
    168.49000549316406,
    167.8000030517578
  ],
  "low": [
    167.5,
    172.5,
    174.50999450683594,
    184.0,
    194.00999450683594,
    208.27999877929688,
    217.0,
    228.50999450683594,
    226.0,
    226.1999969482422,
    231.99000549316406,
    236.36000061035156,
    244.0500030517578,
    231.17999267578125,
    232.0,
    219.25,
    195.67999267578125,
    191.66000366210938,
    193.25,
    198.2899932861328,
    189.27999877929688,
    186.1199951171875,
    198.1999969482422,
    198.27999877929688,
    217.0,
    205.9199981689453,
    211.33999633789062,
    219.14999389648438,
    205.82000732421875,
    196.0,
    160.1199951171875,
    158.35000610351562,
    159.8000030517578,
    154.5,
    153.39999389648438,
    150.3300018310547,
    148.50999450683594,
    154.88999938964844,
    164.3350067138672,
    168.0,
    166.72999572753906,
    169.5,
    167.4199981689453,
    181.0,
    187.5,
    179.30999755859375,
    172.72000122070312,
    162.3800048828125,
    151.61000061035156,
    167.5500030517578,
    166.5399932861328,
    153.9499969482422,
    137.91000366210938,
    136.64300537109375,
    137.42999267578125,
    136.80999755859375,
    137.8000030517578,
    137.5500030517578,
    131.4199981689453,
    145.0,
    136.5399932861328,
    144.04400634765625,
    152.3300018310547,
    152.80999755859375,
    142.50999450683594,
    144.6699981689453,
    147.0,
    154.13999938964844,
    161.5500030517578,
    163.50999450683594,
    162.61000061035156,
    153.25,
    146.8800048828125,
    143.0800018310547,
    140.61000061035156,
    140.10000610351562,
    143.67999267578125,
    145.9600067138672,
    166.50999450683594,
    164.5500030517578,
    167.52499389648438,
    166.10000610351562,
    160.8000030517578,
    167.5,
    166.3000030517578,
    171.68499755859375,
    162.52999877929688,
    151.10000610351562,
    153.1999969482422,
    155.5500030517578
  ],