{
  "timestamps": [
    1756785600000,
    1756872000000,
    1756958400000,
    1757044800000,
    1757304000000,
    1757390400000,
    1757476800000,
    1757563200000,
    1757649600000,
    1757908800000,
    1757995200000,
    1758081600000,
    1758168000000,
    1758254400000,
    1758513600000,
    1758600000000,
    1758686400000,
    1758772800000,
    1758859200000,
    1759118400000,
    1759204800000,
    1759291200000,
    1759377600000,
    1759464000000,
    1759723200000,
    1759809600000,
    1759896000000,
    1759982400000,
    1760068800000,
    1760328000000,
    1760414400000,
    1760500800000,
    1760587200000,
    1760673600000,
    1760932800000,
    1761019200000,
    1761105600000,
    1761192000000,
    1761278400000,
    1761537600000,
    1761624000000,
    1761710400000,
    1761796800000,
    1761883200000,
    1762146000000,
    1762232400000,
    1762318800000,
    1762405200000,
    1762491600000,
    1762750800000,
    1762837200000,
    1762923600000,
    1763010000000,
    1763096400000,
    1763355600000,
    1763442000000,
    1763528400000,
    1763614800000,
    1763701200000,
    1763960400000,
    1764046800000,
    1764133200000,
    1764306000000,
    1764565200000,
    1764651600000,
    1764738000000,
    1764824400000,
    1764910800000,
    1765170000000,
    1765256400000,
    1765342800000,
    1765429200000,
    1765515600000,
    1765774800000,
    1765861200000,
    1765947600000,
    1766034000000,
    1766120400000,
    1766379600000,
    1766466000000,
    1766552400000,
    1766725200000,
    1766984400000,
    1767070800000,
    1767157200000,
    1767330000000,
    1767589200000,
    1767675600000,
    1767762000000,
    1767848400000
  ],
  "open": [
    223.52000427246094,
    225.2100067138672,
    231.19000244140625,
    235.19000244140625,
    234.94000244140625,
    236.36000061035156,
    237.52000427246094,
    231.49000549316406,
    230.35000610351562,
    230.6300048828125,
    232.94000244140625,
    233.77000427246094,
    232.5,
    232.3699951171875,
    230.55999755859375,
    227.8300018310547,
    224.14999389648438,
    220.05999755859375,
    219.0800018310547,
    220.0800018310547,
    222.02999877929688,
    217.36000061035156,
    221.00999450683594,
    223.44000244140625,
    221.0,
    220.8800048828125,
    222.9199981689453,
    225.0,
    226.2100067138672,
    217.6999969482422,
    215.55999755859375,
    216.6199951171875,
    215.6699981689453,
    214.55999755859375,
    213.8800048828125,
    218.42999267578125,
    219.3000030517578,
    219.0,
    221.97000122070312,
    227.66000366210938,
    228.22000122070312,
    231.6699981689453,
    227.05999755859375,
    250.10000610351562,
    255.36000061035156,
    250.3800048828125,
    249.02999877929688,
    249.16000366210938,
    242.89999389648438,
    248.33999633789062,
    248.41000366210938,
    250.24000549316406,
    243.0500030517578,
    235.05999755859375,
    233.25,
    228.10000610351562,
    223.74000549316406,
    227.0500030517578,
    216.35000610351562,
    222.55999755859375,
    226.3800048828125,
    230.74000549316406,
    231.24000549316406,
    233.22000122070312,
    235.00999450683594,
    233.35000610351562,
    232.77000427246094,
    230.32000732421875,
    229.58999633789062,
    226.83999633789062,
    228.80999755859375,
    230.7100067138672,
    229.8699951171875,
    227.92999267578125,
    223.0399932861328,
    224.66000366210938,
    225.7100067138672,
    226.75999450683594,
    228.61000061035156,
    229.05999755859375,
    232.1300048828125,
    232.0399932861328,
    231.94000244140625,
    231.2100067138672,
    232.91000366210938,
    231.33999633789062,
    228.83999633789062,
    232.10000610351562,
    239.61000061035156,
    243.05999755859375
  ],
  "high": [
    226.1699981689453,
    227.1699981689453,
    235.77000427246094,
    236.0,
    237.60000610351562,
    238.85000610351562,
    237.67999267578125,
    231.52999877929688,
    230.7899932861328,
    233.72999572753906,
    235.89999389648438,
    234.3000030517578,
    233.47999572753906,
    234.16000366210938,
    230.57000732421875,
    227.86000061035156,
    224.55999755859375,
    220.6699981689453,
    221.0500030517578,
    222.60000610351562,
    222.24000549316406,
    222.14999389648438,
    222.80999755859375,
    224.1999969482422,
    221.72999572753906,
    222.88999938964844,
    226.72999572753906,
    228.2100067138672,
    228.25,
    220.67999267578125,
    219.32000732421875,
    217.7100067138672,
    218.58999633789062,
    214.8000030517578,
    216.69000244140625,
    223.32000732421875,
    220.00999450683594,
    221.3000030517578,
    225.39999389648438,
    228.39999389648438,
    231.49000549316406,
    232.82000732421875,
    228.44000244140625,
    250.5,
    258.6000061035156,
    257.010009765625,
    251.0,
    250.3800048828125,
    244.89999389648438,
    251.75,
    249.75,
    250.3699951171875,
    243.75,
    238.72999572753906,
    234.60000610351562,
    230.1999969482422,
    223.74000549316406,
    227.41000366210938,
    222.2100067138672,
    227.3300018310547,
    230.52000427246094,
    231.75,
    233.2899932861328,
    235.8000030517578,
    238.97000122070312,
    233.3800048828125,
    233.5,
    231.24000549316406,
    230.8300018310547,
    228.57000732421875,
    232.4199981689453,
    232.11000061035156,
    230.0800018310547,
    227.92999267578125,
    223.66000366210938,
    225.19000244140625,
    229.22999572753906,
    229.1300048828125,
    229.47999572753906,
    232.4499969482422,
    232.9499969482422,
    232.99000549316406,
    232.60000610351562,
    232.77000427246094,
    232.99000549316406,
    235.4600067138672,
    234.0,
    243.17999267578125,
    245.2899932861328,
    246.41000366210938
  ],
  "low": [
    221.8300018310547,
    224.36000061035156,
    230.77999877929688,
    231.92999267578125,
    233.75,
    235.0800018310547,
    229.10000610351562,
    229.33999633789062,
    226.2899932861328,
    230.32000732421875,
    232.22999572753906,
    228.7100067138672,
    228.7899932861328,
    229.6999969482422,
    227.50999450683594,
    220.07000732421875,
    219.4499969482422,
    216.47000122070312,
    218.02000427246094,
    219.3000030517578,
    217.88999938964844,
    216.61000061035156,
    218.9499969482422,
    219.33999633789062,
    216.02999877929688,
    220.1699981689453,
    221.19000244140625,
    221.75,
    216.0,
    217.0399932861328,
    212.60000610351562,
    212.66000366210938,
    212.80999755859375,
    211.02999877929688,
    213.58999633789062,
    217.99000549316406,
    216.52000427246094,
    218.17999267578125,
    221.89999389648438,
    225.5399932861328,
    226.2100067138672,
    227.75999450683594,
    222.75,
    243.97999572753906,
    252.89999389648438,
    248.66000366210938,
    246.16000366210938,
    242.1699981689453,
    238.49000549316406,
    245.58999633789062,
    247.22999572753906,
    243.75,
    236.5,
    232.88999938964844,
    229.19000244140625,
    222.4199981689453,
    218.52000427246094,
    216.74000549316406,
    215.17999267578125,
    222.27000427246094,
    223.8000030517578,
    228.77000427246094,
    230.22000122070312,
    232.25,
    233.5500030517578,
    230.61000061035156,
    226.8000030517578,
    228.5500030517578,
    226.27000427246094,
    225.11000061035156,
    228.4600067138672,
    228.69000244140625,
    225.1199951171875,
    221.5,
    221.1300048828125,
    220.99000549316406,
    224.41000366210938,
    225.5800018310547,
    226.7100067138672,
    228.72999572753906,
    231.3300018310547,
    231.17999267578125,
    230.77000427246094,
    230.1999969482422,
    230.1199951171875,
    224.6999969482422,
    227.17999267578125,
    232.07000732421875,
    239.52000427246094,
    241.8800048828125
  ],