{
  "timestamps": [
    1756785600000,
    1756872000000,
    1756958400000,
    1757044800000,
    1757304000000,
    1757390400000,
    1757476800000,
    1757563200000,
    1757649600000,
    1757908800000,
    1757995200000,
    1758081600000,
    1758168000000,
    1758254400000,
    1758513600000,
    1758600000000,
    1758686400000,
    1758772800000,
    1758859200000,
    1759118400000,
    1759204800000,
    1759291200000,
    1759377600000,
    1759464000000,
    1759723200000,
    1759809600000,
    1759896000000,
    1759982400000,
    1760068800000,
    1760328000000,
    1760414400000,
    1760500800000,
    1760587200000,
    1760673600000,
    1760932800000,
    1761019200000,
    1761105600000,
    1761192000000,
    1761278400000,
    1761537600000,
    1761624000000,
    1761710400000,
    1761796800000,
    1761883200000,
    1762146000000,
    1762232400000,
    1762318800000,
    1762405200000,
    1762491600000,
    1762750800000,
    1762837200000,
    1762923600000,
    1763010000000,
    1763096400000,
    1763355600000,
    1763442000000,
    1763528400000,
    1763614800000,
    1763701200000,
    1763960400000,
    1764046800000,
    1764133200000,
    1764306000000,
    1764565200000,
    1764651600000,
    1764738000000,
    1764824400000,
    1764910800000,
    1765170000000,
    1765256400000,
    1765342800000,
    1765429200000,
    1765515600000,
    1765774800000,
    1765861200000,
    1765947600000,
    1766034000000,
    1766120400000,
    1766379600000,
    1766466000000,
    1766552400000,
    1766725200000,
    1766984400000,
    1767070800000,
    1767157200000,
    1767330000000,
    1767589200000,
    1767675600000,
    1767762000000,
    1767848400000
  ],
  "open": [
    464.0,
    487.69000244140625,
    497.79998779296875,
    506.0,
    537.0750122070312,
    546.8150024414062,
    562.8300170898438,
    568.0,
    573.0549926757812,
    578.5399780273438,
    596.7000122070312,
    603.5700073242188,
    616.3250122070312,
    628.47998046875,
    647.0499877929688,
    641.0,
    652.75,
    624.8699951171875,
    652.6699829101562,
    685.4000244140625,
    713.0,
    714.8350219726562,
    710.1900024414062,
    691.02001953125,
    684.4749755859375,
    595.2150268554688,
    631.3900146484375,
    615.9400024414062,
    599.6099853515625,
    590.0,
    576.9400024414062,
    603.3800048828125,
    612.8099975585938,
    600.3400268554688,
    593.3099975585938,
    567.6900024414062,
    568.72998046875,
    560.8400268554688,
    607.5650024414062,
    634.25,
    643.989990234375,
    627.4099731445312,
    622.9500122070312,
    621.5599975585938,
    646.9849853515625,
    630.1749877929688,
    610.0,
    651.469970703125,
    614.0,
    635.9500122070312,
    647.4000244140625,
    602.0,
    579.4400024414062,
    534.3400268554688,
    554.4450073242188,
    533.35498046875,
    530.1099853515625,
    554.25,
    521.6500244140625,
    525.469970703125,
    555.1199951171875,
    565.760009765625,
    589.7899780273438,
    588.1300048828125,
    632.530029296875,
    654.8699951171875,
    671.280029296875,
    687.4450073242188,
    697.6749877929688,
    689.5850219726562,
    717.1599731445312,
    697.0,
    714.280029296875,
    682.5700073242188,
    668.5,
    684.5900268554688,
    675.0,
    702.0,
    731.969970703125,
    727.3800048828125,
    727.8499755859375,
    727.7100219726562,
    705.0250244140625,
    697.8900146484375,
    693.7100219726562,
    683.3699951171875,
    617.7000122070312,
    629.9400024414062,
    618.0,
    621.8599853515625
  ],
  "high": [
    481.8599853515625,
    499.8699951171875,
    511.0,
    507.8699951171875,
    555.5,
    559.239990234375,
    576.010009765625,
    576.4400024414062,
    587.8800048828125,
    595.27001953125,
    605.3800048828125,
    613.6900024414062,
    632.8809814453125,
    653.0599975585938,
    657.0,
    670.1890258789062,
    662.4990234375,
    643.9240112304688,
    671.1799926757812,
    745.6099853515625,
    720.5599975585938,
    727.489990234375,
    710.989990234375,
    695.0,
    687.0,
    644.469970703125,
    654.97998046875,
    618.989990234375,
    601.8300170898438,
    591.3200073242188,
    596.77001953125,
    615.3800048828125,
    616.280029296875,
    612.739990234375,
    595.697021484375,
    568.0,
    571.5819702148438,
    591.3099975585938,
    627.1099853515625,
    645.7000122070312,
    649.64697265625,
    633.7550048828125,
    638.3800048828125,
    652.8699951171875,
    654.9000244140625,
    630.5399780273438,
    623.780029296875,
    656.2999877929688,
    633.5900268554688,
    675.0,
    647.8699951171875,
    603.0,
    580.427978515625,
    570.9910278320312,
    558.9400024414062,
    541.7999877929688,
    545.260009765625,
    562.5599975585938,
    529.97998046875,
    564.7999877929688,
    557.77001953125,
    590.5399780273438,
    599.5900268554688,
    624.72998046875,
    679.7000122070312,
    667.0900268554688,
    698.469970703125,
    702.2999877929688,
    706.6900024414062,
    726.8300170898438,
    721.4169921875,
    723.489990234375,
    716.2969970703125,
    691.9000244140625,
    682.9420166015625,
    688.989990234375,
    704.1300048828125,
    732.0,
    738.010009765625,
    737.0,
    734.77001953125,
    732.0,
    705.3900146484375,
    699.72998046875,
    698.7860107421875,
    683.5,
    642.280029296875,
    632.0399780273438,
    643.5800170898438,
    628.5
  ],
  "low": [
    452.25,
    485.0799865722656,
    490.6579895019531,
    469.79998779296875,
    535.7000122070312,
    544.9229736328125,
    561.5,
    560.7899780273438,
    572.1099853515625,
    574.2269897460938,
    589.280029296875,
    587.22998046875,
    613.780029296875,
    617.5599975585938,
    639.5150146484375,
    637.510009765625,
    635.5,
    619.489990234375,
    646.469970703125,
    683.5,
    699.219970703125,
    697.5059814453125,
    674.4000244140625,
    673.1699829101562,
    545.0,
    592.260009765625,
    616.239990234375,
    591.5,
    566.9000244140625,
    562.280029296875,
    566.489990234375,
    592.3200073242188,
    594.6799926757812,
    589.2000122070312,
    553.0,
    547.1290283203125,
    553.239990234375,
    560.8400268554688,
    605.5,
    620.72998046875,
    620.8699951171875,
    617.2000122070312,
    619.75,
    621.5599975585938,
    620.5999755859375,
    607.9299926757812,
    589.0,
    607.22998046875,
    576.4099731445312,
    635.4099731445312,
    583.0,
    578.0,
    542.47998046875,
    529.0,
    532.3099975585938,
    522.0,
    525.4299926757812,
    519.2000122070312,
    489.29998779296875,
    523.0,
    535.8499755859375,
    563.5,
    583.4000244140625,
    576.0,
    631.1900024414062,
    645.0,
    668.47998046875,
    678.6900024414062,
    683.530029296875,
    684.0,
    698.510009765625,
    696.0,
    668.739990234375,
    661.5599975585938,
    654.0,
    656.8699951171875,
    674.0,
    700.0040283203125,
    722.030029296875,
    710.25,
    721.5499877929688,
    708.2000122070312,
    682.0,
    683.6160278320312,
    672.280029296875,
    610.5800170898438,
    603.77001953125,
    595.510009765625,
    611.0,
    605.1510009765625
  ],