{
  "timestamps": [
    1756785600000,
    1756872000000,
    1756958400000,
    1757044800000,
    1757304000000,
    1757390400000,
    1757476800000,
    1757563200000,
    1757649600000,
    1757908800000,
    1757995200000,
    1758081600000,
    1758168000000,
    1758254400000,
    1758513600000,
    1758600000000,
    1758686400000,
    1758772800000,
    1758859200000,
    1759118400000,
    1759204800000,
    1759291200000,
    1759377600000,
    1759464000000,
    1759723200000,
    1759809600000,
    1759896000000,
    1759982400000,
    1760068800000,
    1760328000000,
    1760414400000,
    1760500800000,
    1760587200000,
    1760673600000,
    1760932800000,
    1761019200000,
    1761105600000,
    1761192000000,
    1761278400000,
    1761537600000,
    1761624000000,
    1761710400000,
    1761796800000,
    1761883200000,
    1762146000000,
    1762232400000,
    1762318800000,
    1762405200000,
    1762491600000,
    1762750800000,
    1762837200000,
    1762923600000,
    1763010000000,
    1763096400000,
    1763355600000,
    1763442000000,
    1763528400000,
    1763614800000,
    1763701200000,
    1763960400000,
    1764046800000,
    1764133200000,
    1764306000000,
    1764565200000,
    1764651600000,
    1764738000000,
    1764824400000,
    1764910800000,
    1765170000000,
    1765256400000,
    1765342800000,
    1765429200000,
    1765515600000,
    1765774800000,
    1765861200000,
    1765947600000,
    1766034000000,
    1766120400000,
    1766379600000,
    1766466000000,
    1766552400000,
    1766725200000,
    1766984400000,
    1767070800000,
    1767157200000,
    1767330000000,
    1767589200000,
    1767675600000,
    1767762000000,
    1767848400000
  ],
  "open": [
    48.16999816894531,
    49.06999969482422,
    45.400001525878906,
    42.56999969482422,
    36.9119987487793,
    39.59000015258789,
    38.099998474121094,
    37.709999084472656,
    38.59000015258789,
    40.27000045776367,
    41.0,
    40.279998779296875,
    41.93000030517578,
    41.97999954223633,
    46.76499938964844,
    48.89500045776367,
    54.97999954223633,
    51.650001525878906,
    50.209999084472656,
    49.959999084472656,
    48.56999969482422,
    53.5099983215332,
    58.529998779296875,
    65.66000366210938,
    69.16500091552734,
    67.41000366210938,
    84.80999755859375,
    80.70500183105469,
    89.80000305175781,
    86.6500015258789,
    88.69499969482422,
    98.79000091552734,
    95.0,
    83.37000274658203,
    86.42500305175781,
    81.5,
    72.05000305175781,
    71.875,
    74.0,
    76.0,
    80.58999633789062,
    83.30999755859375,
    78.2300033569336,
    77.8499984741211,
    80.36000061035156,
    67.80999755859375,
    69.7699966430664,
    68.81500244140625,
    64.20500183105469,
    71.30999755859375,
    67.87000274658203,
    68.19499969482422,
    64.04499816894531,
    58.65999984741211,
    60.560001373291016,
    55.90999984741211,
    58.90999984741211,
    61.380001068115234,
    53.005001068115234,
    53.0,
    55.23500061035156,
    56.404998779296875,
    56.66999816894531,
    54.349998474121094,
    53.21500015258789,
    57.58000183105469,
    62.220001220703125,
    71.4000015258789,
    74.98999786376953,
    73.27999877929688,
    72.75,
    78.32499694824219,
    83.0199966430664,
    77.23999786376953,
    65.6050033569336,
    70.0199966430664,
    65.19999694824219,
    67.7249984741211,
    79.66000366210938,
    82.2300033569336,
    89.94999694824219,
    77.0,
    70.63999938964844,
    72.36000061035156,
    75.00499725341797,
    74.33999633789062,
    82.02999877929688,
    90.9000015258789,
    91.05000305175781,
    88.625
  ],
  "high": [
    50.439998626708984,
    49.400001525878906,
    45.720001220703125,
    43.119998931884766,
    40.939998626708984,
    39.66999816894531,
    38.099998474121094,
    39.04999923706055,
    39.209999084472656,
    41.5099983215332,
    41.60599899291992,
    41.970001220703125,
    42.16999816894531,
    46.08000183105469,
    48.93000030517578,
    56.38999938964844,
    56.72999954223633,
    51.97999954223633,
    51.47999954223633,
    52.380001068115234,
    49.720001220703125,
    57.19499969482422,
    66.83000183105469,
    68.80000305175781,
    74.7699966430664,
    76.0,
    91.41400146484375,
    88.67900085449219,
    90.6500015258789,
    92.06999969482422,
    99.12999725341797,
    99.81999969482422,
    102.79000091552734,
    87.5,
    89.63999938964844,
    82.46800231933594,
    72.69999694824219,
    74.26000213623047,
    74.26000213623047,
    79.8499984741211,
    81.29000091552734,
    84.0,
    80.4800033569336,
    80.93000030517578,
    80.36000061035156,
    71.94999694824219,
    71.80500030517578,
    70.19999694824219,
    69.98999786376953,
    72.36000061035156,
    71.5,
    70.67500305175781,
    65.30000305175781,
    64.83999633789062,
    61.97999954223633,
    59.400001525878906,
    61.75,
    61.599998474121094,
    53.709999084472656,
    55.487998962402344,
    56.0,
    57.47999954223633,
    57.810001373291016,
    54.38999938964844,
    57.86000061035156,
    61.880001068115234,
    73.8499984741211,
    75.13999938964844,
    76.79000091552734,
    74.75,
    80.29000091552734,
    85.44999694824219,
    84.61000061035156,
    77.69000244140625,
    68.87999725341797,
    70.38999938964844,
    67.68000030517578,
    76.44200134277344,
    87.02999877929688,
    87.75,
    92.94999694824219,
    77.4000015258789,
    74.88999938964844,
    78.3499984741211,
    75.5,
    83.76000213623047,
    92.44999694824219,
    97.94000244140625,
    95.33999633789062,
    93.98999786376953
  ],
  "low": [
    47.10200119018555,
    45.189998626708984,
    41.04999923706055,
    41.650001525878906,
    36.5,
    36.08000183105469,
    36.939998626708984,
    37.18000030517578,
    37.72999954223633,
    39.849998474121094,
    39.880001068115234,
    39.5,
    40.150001525878906,
    41.869998931884766,
    45.220001220703125,
    48.61000061035156,
    53.111000061035156,
    48.02000045776367,
    48.11000061035156,
    47.81999969482422,
    47.5,
    50.81999969482422,
    57.40999984741211,
    64.0999984741211,
    68.69999694824219,
    67.27999877929688,
    79.81999969482422,
    80.61000061035156,
    81.93000030517578,
    83.0,
    85.30000305175781,
    93.13999938964844,
    88.93000030517578,
    80.8499984741211,
    81.69999694824219,
    76.33000183105469,
    66.6709976196289,
    70.80500030517578,
    72.31999969482422,
    74.5,
    76.44999694824219,
    77.01200103759766,
    74.5,
    77.62999725341797,
    71.0,
    67.0999984741211,
    68.06999969482422,
    65.04000091552734,
    61.88999938964844,
    67.0,
    66.86000061035156,
    64.4000015258789,
    59.869998931884766,
    57.91999816894531,
    56.15999984741211,
    54.66999816894531,
    57.47999954223633,
    50.29999923706055,
    49.310001373291016,
    51.5,
    52.31999969482422,
    55.5099983215332,
    55.79999923706055,
    52.20000076293945,
    53.08000183105469,
    56.150001525878906,
    61.54999923706055,
    70.5999984741211,
    70.7509994506836,
    69.81999969482422,
    70.9000015258789,
    76.74299621582031,
    74.51000213623047,
    67.5250015258789,
    65.25,
    61.400001525878906,
    64.01000213623047,
    67.31999969482422,
    77.91999816894531,
    81.9800033569336,
    77.6500015258789,
    71.02999877929688,
    69.69000244140625,
    72.04000091552734,
    71.61000061035156,
    69.25,
    80.87999725341797,
    90.19000244140625,
    83.91000366210938,
    86.8499984741211
  ],