{
  "timestamps": [
    1756785600000,
    1756872000000,
    1756958400000,
    1757044800000,
    1757304000000,
    1757390400000,
    1757476800000,
    1757563200000,
    1757649600000,
    1757908800000,
    1757995200000,
    1758081600000,
    1758168000000,
    1758254400000,
    1758513600000,
    1758600000000,
    1758686400000,
    1758772800000,
    1758859200000,
    1759118400000,
    1759204800000,
    1759291200000,
    1759377600000,
    1759464000000,
    1759723200000,
    1759809600000,
    1759896000000,
    1759982400000,
    1760068800000,
    1760328000000,
    1760414400000,
    1760500800000,
    1760587200000,
    1760673600000,
    1760932800000,
    1761019200000,
    1761105600000,
    1761192000000,
    1761278400000,
    1761537600000,
    1761624000000,
    1761710400000,
    1761796800000,
    1761883200000,
    1762146000000,
    1762232400000,
    1762318800000,
    1762405200000,
    1762491600000,
    1762750800000,
    1762837200000,
    1762923600000,
    1763010000000,
    1763096400000,
    1763355600000,
    1763442000000,
    1763528400000,
    1763614800000,
    1763701200000,
    1763960400000,
    1764046800000,
    1764133200000,
    1764306000000,
    1764565200000,
    1764651600000,
    1764738000000,
    1764824400000,
    1764910800000,
    1765170000000,
    1765256400000,
    1765342800000,
    1765429200000,
    1765515600000,
    1765774800000,
    1765861200000,
    1765947600000,
    1766034000000,
    1766120400000,
    1766379600000,
    1766466000000,
    1766552400000,
    1766725200000,
    1766984400000,
    1767070800000,
    1767157200000,
    1767330000000,
    1767589200000,
    1767675600000,
    1767762000000,
    1767848400000
  ],
  "open": [
    239.5,
    242.6300048828125,
    237.4600067138672,
    231.0,
    229.9600067138672,
    235.2100067138672,
    232.0,
    241.69000244140625,
    245.1300048828125,
    245.27000427246094,
    254.47999572753906,
    265.67999267578125,
    278.4200134277344,
    283.5899963378906,
    278.2699890136719,
    293.32000732421875,
    302.0400085449219,
    293.0799865722656,
    303.3599853515625,
    310.4200134277344,
    307.67999267578125,
    318.1700134277344,
    354.45001220703125,
    374.42999267578125,
    385.3900146484375,
    390.7300109863281,
    399.7699890136719,
    408.1499938964844,
    397.82000732421875,
    392.2900085449219,
    401.510009765625,
    406.0,
    385.0,
    364.5,
    361.1099853515625,
    367.1400146484375,
    373.57000732421875,
    366.5,
    372.92999267578125,
    388.739990234375,
    384.8999938964844,
    384.3399963378906,
    375.8599853515625,
    372.20001220703125,
    375.4800109863281,
    354.25,
    357.0,
    350.80999755859375,
    319.8999938964844,
    338.3599853515625,
    329.19000244140625,
    328.1000061035156,
    316.94000244140625,
    280.0199890136719,
    291.0199890136719,
    283.989990234375,
    279.79998779296875,
    294.4200134277344,
    271.0400085449219,
    272.5400085449219,
    276.989990234375,
    283.5199890136719,
    283.92999267578125,
    274.9800109863281,
    258.79998779296875,
    266.5899963378906,
    272.0,
    286.7900085449219,
    281.17999267578125,
    286.1099853515625,
    264.25,
    243.4199981689453,
    247.25,
    240.5,
    232.66000366210938,
    235.0,
    233.25999450683594,
    232.14999389648438,
    250.0,
    253.41000366210938,
    260.9599914550781,
    261.82000732421875,
    251.85000610351562,
    250.9199981689453,
    244.5800018310547,
    248.4499969482422,
    268.57000732421875,
    297.7900085449219,
    318.9800109863281,
    350.010009765625
  ],
  "high": [
    241.0399932861328,
    245.0399932861328,
    238.13999938964844,
    232.30999755859375,
    239.3699951171875,
    236.57000732421875,
    247.25,
    257.07000732421875,
    250.8300018310547,
    251.75,
    266.4200134277344,
    274.5199890136719,
    288.0,
    289.3699951171875,
    289.510009765625,
    301.1199951171875,
    307.1099853515625,
    302.4800109863281,
    305.010009765625,
    317.1099853515625,
    316.6000061035156,
    346.239990234375,
    363.7699890136719,
    383.79998779296875,
    392.82000732421875,
    400.010009765625,
    410.75,
    417.8599853515625,
    408.989990234375,
    411.0,
    411.1600036621094,
    409.6600036621094,
    387.260009765625,
    368.7300109863281,
    366.1499938964844,
    379.6700134277344,
    378.2900085449219,
    371.0,
    380.20001220703125,
    391.1600036621094,
    386.79998779296875,
    394.05999755859375,
    379.0,
    375.79998779296875,
    380.0,
    367.9100036621094,
    361.5799865722656,
    350.80999755859375,
    332.1700134277344,
    341.17999267578125,
    333.1000061035156,
    334.55999755859375,
    318.010009765625,
    299.7200012207031,
    292.3500061035156,
    288.0899963378906,
    286.2099914550781,
    295.6000061035156,
    273.54998779296875,
    282.0299987792969,
    280.0,
    283.95001220703125,
    284.0,
    275.19000244140625,
    266.3900146484375,
    272.4100036621094,
    292.75,
    287.45001220703125,
    285.5199890136719,
    291.5,
    269.7300109863281,
    252.77999877929688,
    249.27000427246094,
    243.1999969482422,
    237.67999267578125,
    240.2899932861328,
    238.2100067138672,
    245.13999938964844,
    257.989990234375,
    263.3599853515625,
    262.989990234375,
    261.82000732421875,
    255.0,
    251.83999633789062,
    244.5800018310547,
    257.8900146484375,
    302.489990234375,
    318.2300109863281,
    333.0,
    371.3999938964844
  ],
  "low": [
    232.0,
    237.47000122070312,
    221.0500030517578,
    220.8800048828125,
    229.5500030517578,
    230.22000122070312,
    225.75,
    241.10000610351562,
    242.0,
    243.44000244140625,
    253.13999938964844,
    262.3900146484375,
    275.80999755859375,
    277.94000244140625,
    275.44000244140625,
    291.7799987792969,
    297.4599914550781,
    278.1000061035156,
    294.0,
    305.30999755859375,
    303.7200012207031,
    318.0,
    349.7099914550781,
    366.82000732421875,
    373.0299987792969,
    386.010009765625,
    389.989990234375,
    396.0,
    390.1300048828125,
    381.010009765625,
    391.55999755859375,
    377.010009765625,
    368.55999755859375,
    349.0899963378906,
    355.0,
    361.1199951171875,
    345.2799987792969,
    359.95001220703125,
    364.3699951171875,
    375.0,
    379.07000732421875,
    375.0,
    363.0,
    359.0799865722656,
    363.1000061035156,
    347.8999938964844,
    345.79998779296875,
    324.4800109863281,
    307.32000732421875,
    324.4800109863281,
    324.0400085449219,
    320.0400085449219,
    293.45001220703125,
    280.0199890136719,
    278.6700134277344,
    275.6400146484375,
    276.8299865722656,
    270.989990234375,
    260.2799987792969,
    272.2200012207031,
    269.67999267578125,
    273.5199890136719,
    277.6400146484375,
    257.30999755859375,
    257.80999755859375,
    261.239990234375,
    269.5,
    273.3699951171875,
    275.8500061035156,
    278.5,
    242.85000610351562,
    239.5,
    235.13999938964844,
    231.1300048828125,
    231.9499969482422,
    227.47000122070312,
    230.63999938964844,
    232.10000610351562,
    247.6199951171875,
    252.00999450683594,
    256.0,
    252.5,
    247.66000366210938,
    242.6300048828125,
    239.8000030517578,
    241.64999389648438,
    268.0,
    297.4100036621094,
    314.3699951171875,
    335.010009765625
  ],