{
  "timestamps": [
    1756785600000,
    1756872000000,
    1756958400000,
    1757044800000,
    1757304000000,
    1757390400000,
    1757476800000,
    1757563200000,
    1757649600000,
    1757908800000,
    1757995200000,
    1758081600000,
    1758168000000,
    1758254400000,
    1758513600000,
    1758600000000,
    1758686400000,
    1758772800000,
    1758859200000,
    1759118400000,
    1759204800000,
    1759291200000,
    1759377600000,
    1759464000000,
    1759723200000,
    1759809600000,
    1759896000000,
    1759982400000,
    1760068800000,
    1760328000000,
    1760414400000,
    1760500800000,
    1760587200000,
    1760673600000,
    1760932800000,
    1761019200000,
    1761105600000,
    1761192000000,
    1761278400000,
    1761537600000,
    1761624000000,
    1761710400000,
    1761796800000,
    1761883200000,
    1762146000000,
    1762232400000,
    1762318800000,
    1762405200000,
    1762491600000,
    1762750800000,
    1762837200000,
    1762923600000,
    1763010000000,
    1763096400000,
    1763355600000,
    1763442000000,
    1763528400000,
    1763614800000,
    1763701200000,
    1763960400000,
    1764046800000,
    1764133200000,
    1764306000000,
    1764565200000,
    1764651600000,
    1764738000000,
    1764824400000,
    1764910800000,
    1765170000000,
    1765256400000,
    1765342800000,
    1765429200000,
    1765515600000,
    1765774800000,
    1765861200000,
    1765947600000,
    1766034000000,
    1766120400000,
    1766379600000,
    1766466000000,
    1766552400000,
    1766725200000,
    1766984400000,
    1767070800000,
    1767157200000,
    1767330000000,
    1767589200000,
    1767675600000,
    1767762000000,
    1767848400000
  ],
  "open": [
    289.3399963378906,
    302.2900085449219,
    305.05999755859375,
    355.7799987792969,
    342.75,
    349.54998779296875,
    351.5199890136719,
    371.17999267578125,
    362.9100036621094,
    359.8699951171875,
    365.42999267578125,
    358.8500061035156,
    350.0,
    344.6499938964844,
    342.42999267578125,
    340.239990234375,
    339.760009765625,
    332.989990234375,
    337.42999267578125,
    336.0,
    330.1199951171875,
    328.1499938964844,
    347.6099853515625,
    341.5,
    335.9200134277344,
    337.0299987792969,
    333.82000732421875,
    345.75,
    345.3900146484375,
    352.7699890136719,
    350.1300048828125,
    354.4700012207031,
    356.79998779296875,
    349.6099853515625,
    353.79998779296875,
    350.0,
    347.29998779296875,
    340.3999938964844,
    352.510009765625,
    361.5400085449219,
    362.6199951171875,
    373.19000244140625,
    386.3999938964844,
    378.2699890136719,
    372.0,
    358.5199890136719,
    350.8900146484375,
    360.1099853515625,
    354.19000244140625,
    357.8999938964844,
    358.9700012207031,
    358.0400085449219,
    351.5799865722656,
    331.4700012207031,
    339.82000732421875,
    343.20001220703125,
    340.7099914550781,
    366.0,
    345.1600036621094,
    347.7300109863281,
    384.92999267578125,
    385.54998779296875,
    399.3500061035156,
    394.8500061035156,
    388.30999755859375,
    380.0,
    380.67999267578125,
    386.1700134277344,
    402.4800109863281,
    398.75,
    402.20001220703125,
    404.8299865722656,
    379.9599914550781,
    361.8900146484375,
    336.0199890136719,
    346.6099853515625,
    336.0,
    333.3399963378906,
    346.0299987792969,
    340.80999755859375,
    350.69000244140625,
    351.05999755859375,
    348.7200012207031,
    349.9700012207031,
    349.7300109863281,
    352.7799987792969,
    354.739990234375,
    343.6000061035156,
    341.70001220703125,
    342.7799987792969
  ],
  "high": [
    298.7099914550781,
    304.45001220703125,
    308.7799987792969,
    356.3399963378906,
    354.1700134277344,
    350.9800109863281,
    372.9700012207031,
    374.2300109863281,
    364.3900146484375,
    365.5,
    365.69000244140625,
    359.92999267578125,
    350.70001220703125,
    346.2699890136719,
    346.6700134277344,
    345.2200012207031,
    340.0799865722656,
    338.05999755859375,
    339.0799865722656,
    341.04998779296875,
    331.04998779296875,
    337.95001220703125,
    347.6099853515625,
    344.3999938964844,
    344.1300048828125,
    338.1099853515625,
    346.5400085449219,
    347.30999755859375,
    350.6000061035156,
    359.3800048828125,
    350.6700134277344,
    359.3999938964844,
    363.239990234375,
    350.9700012207031,
    356.5899963378906,
    351.1000061035156,
    348.010009765625,
    346.57000732421875,
    358.29998779296875,
    362.75,
    374.05999755859375,
    386.4800109863281,
    386.3999938964844,
    378.82000732421875,
    374.8500061035156,
    368.95001220703125,
    364.8699951171875,
    363.5,
    354.5,
    360.0,
    361.8900146484375,
    358.8699951171875,
    353.54998779296875,
    344.739990234375,
    352.20001220703125,
    347.9700012207031,
    359.69000244140625,
    376.0799865722656,
    348.6000061035156,
    382.0,
    388.1300048828125,
    399.8699951171875,
    403.0,
    395.4200134277344,
    393.5,
    382.29998779296875,
    383.8900146484375,
    393.5299987792969,
    407.2900085449219,
    406.92999267578125,
    414.6099853515625,
    409.29998779296875,
    382.0,
    362.0,
    347.5,
    346.6099853515625,
    336.0299987792969,
    343.45001220703125,
    346.239990234375,
    350.1099853515625,
    352.8599853515625,
    353.25,
    350.3299865722656,
    352.67999267578125,
    349.8800048828125,
    360.6600036621094,
    355.0299987792969,
    349.04998779296875,
    349.70001220703125,
    343.67999267578125
  ],
  "low": [
    287.1700134277344,
    296.3999938964844,
    302.25,
    331.4200134277344,
    341.25,
    335.8299865722656,
    350.54998779296875,
    358.760009765625,
    357.1600036621094,
    356.3399963378906,
    356.989990234375,
    341.5,
    343.7900085449219,
    336.42999267578125,
    337.94000244140625,
    337.0199890136719,
    333.80999755859375,
    327.29998779296875,
    330.5799865722656,
    327.54998779296875,
    324.6099853515625,
    324.5,
    335.25,
    335.739990234375,
    334.55999755859375,
    326.5799865722656,
    332.6199951171875,
    340.3999938964844,
    324.04998779296875,
    343.5199890136719,
    339.6499938964844,
    347.5,
    349.489990234375,
    340.7799987792969,
    347.8399963378906,
    341.30999755859375,
    335.510009765625,
    340.3999938964844,
    350.8800048828125,
    355.0799865722656,
    362.5299987792969,
    373.19000244140625,
    370.05999755859375,
    365.1000061035156,
    361.9800109863281,
    351.0,
    350.0899963378906,
    352.7099914550781,
    337.2699890136719,
    354.6099853515625,
    349.6700134277344,
    351.67999267578125,
    334.1600036621094,
    329.05999755859375,
    337.5199890136719,
    335.510009765625,
    337.79998779296875,
    345.17999267578125,
    331.79998779296875,
    347.6600036621094,
    371.75,
    383.260009765625,
    397.1600036621094,
    385.1000061035156,
    379.7900085449219,
    370.6499938964844,
    376.5299987792969,
    385.1499938964844,
    397.3999938964844,
    395.510009765625,
    399.55999755859375,
    394.19000244140625,
    355.1499938964844,
    337.510009765625,
    335.05999755859375,
    321.4200134277344,
    323.6300048828125,
    332.5799865722656,
    337.2200012207031,
    338.5400085449219,
    347.1400146484375,
    347.75,
    344.69000244140625,
    349.29998779296875,
    345.4200134277344,
    345.55999755859375,
    336.5,
    338.0,
    335.8800048828125,
    330.5
  ],