{
  "timestamps": [
    1756785600000,
    1756872000000,
    1756958400000,
    1757044800000,
    1757304000000,
    1757390400000,
    1757476800000,
    1757563200000,
    1757649600000,
    1757908800000,
    1757995200000,
    1758081600000,
    1758168000000,
    1758254400000,
    1758513600000,
    1758600000000,
    1758686400000,
    1758772800000,
    1758859200000,
    1759118400000,
    1759204800000,
    1759291200000,
    1759377600000,
    1759464000000,
    1759723200000,
    1759809600000,
    1759896000000,
    1759982400000,
    1760068800000,
    1760328000000,
    1760414400000,
    1760500800000,
    1760587200000,
    1760673600000,
    1760932800000,
    1761019200000,
    1761105600000,
    1761192000000,
    1761278400000,
    1761537600000,
    1761624000000,
    1761710400000,
    1761796800000,
    1761883200000,
    1762146000000,
    1762232400000,
    1762318800000,
    1762405200000,
    1762491600000,
    1762750800000,
    1762837200000,
    1762923600000,
    1763010000000,
    1763096400000,
    1763355600000,
    1763442000000,
    1763528400000,
    1763614800000,
    1763701200000,
    1763960400000,
    1764046800000,
    1764133200000,
    1764306000000,
    1764565200000,
    1764651600000,
    1764738000000,
    1764824400000,
    1764910800000,
    1765170000000,
    1765256400000,
    1765342800000,
    1765429200000,
    1765515600000,
    1765774800000,
    1765861200000,
    1765947600000,
    1766034000000,
    1766120400000,
    1766379600000,
    1766466000000,
    1766552400000,
    1766725200000,
    1766984400000,
    1767070800000,
    1767157200000,
    1767330000000,
    1767589200000,
    1767675600000,
    1767762000000,
    1767848400000
  ],
  "open": [
    733.8099975585938,
    737.260009765625,
    725.780029296875,
    731.0,
    736.3699951171875,
    734.0900268554688,
    736.6599731445312,
    751.6099853515625,
    756.6599731445312,
    760.0,
    760.7899780273438,
    750.6699829101562,
    756.3499755859375,
    771.77001953125,
    766.3300170898438,
    769.1599731445312,
    789.2899780273438,
    696.969970703125,
    718.0,
    716.3400268554688,
    716.0399780273438,
    708.6400146484375,
    719.9099731445312,
    721.510009765625,
    719.2000122070312,
    720.8800048828125,
    715.6400146484375,
    726.02001953125,
    733.1799926757812,
    705.530029296875,
    698.6799926757812,
    708.530029296875,
    648.5,
    645.510009765625,
    675.1400146484375,
    687.989990234375,
    709.77001953125,
    704.4099731445312,
    726.4400024414062,
    746.5900268554688,
    746.1199951171875,
    750.47998046875,
    760.8499755859375,
    745.0,
    737.0599975585938,
    715.4600219726562,
    563.8400268554688,
    628.5999755859375,
    587.0,
    611.3499755859375,
    583.1599731445312,
    570.3499755859375,
    565.8800048828125,
    548.9000244140625,
    554.5599975585938,
    541.27001953125,
    533.0,
    541.8499755859375,
    519.6099853515625,
    521.4600219726562,
    523.5,
    533.5900268554688,
    538.739990234375,
    531.52001953125,
    534.8099975585938,
    536.75,
    547.489990234375,
    551.02001953125,
    553.7000122070312,
    550.989990234375,
    552.2999877929688,
    563.989990234375,
    584.1300048828125,
    568.1799926757812,
    548.3200073242188,
    546.3400268554688,
    555.8400268554688,
    566.2999877929688,
    603.9500122070312,
    597.260009765625,
    587.0399780273438,
    591.1500244140625,
    580.0,
    579.0,
    572.9400024414062,
    573.3699951171875,
    569.6500244140625,
    602.9099731445312,
    619.7899780273438,
    630.5999755859375
  ],
  "high": [
    748.8300170898438,
    738.0,
    731.1900024414062,
    738.77001953125,
    750.0,
    740.0,
    750.9600219726562,
    765.010009765625,
    765.4400024414062,
    774.3200073242188,
    766.6300048828125,
    762.1799926757812,
    772.0,
    779.0900268554688,
    778.9400024414062,
    792.1599731445312,
    789.2899780273438,
    723.1500244140625,
    722.0,
    722.8400268554688,
    724.8800048828125,
    720.0800170898438,
    725.1599731445312,
    726.760009765625,
    724.27001953125,
    728.3400268554688,
    732.8599853515625,
    753.1599731445312,
    740.0,
    718.0,
    717.530029296875,
    714.0499877929688,
    663.25,
    677.0599975585938,
    686.969970703125,
    708.02001953125,
    709.9500122070312,
    718.1900024414062,
    737.530029296875,
    756.0399780273438,
    764.02001953125,
    762.0800170898438,
    760.8499755859375,
    749.9600219726562,
    738.22998046875,
    719.9199829101562,
    657.3599853515625,
    631.989990234375,
    611.2100219726562,
    611.3499755859375,
    585.0,
    575.9199829101562,
    580.0,
    569.0399780273438,
    554.6500244140625,
    549.219970703125,
    533.510009765625,
    553.1900024414062,
    527.9000244140625,
    525.2999877929688,
    539.7999877929688,
    537.6699829101562,
    542.7000122070312,
    540.4500122070312,
    542.530029296875,
    544.5999755859375,
    553.4600219726562,
    556.0,
    555.3800048828125,
    552.7100219726562,
    579.5999755859375,
    586.3699951171875,
    584.1300048828125,
    576.719970703125,
    559.52001953125,
    563.469970703125,
    568.6099853515625,
    603.1199951171875,
    617.969970703125,
    608.3800048828125,
    591.8200073242188,
    591.1500244140625,
    586.989990234375,
    580.8900146484375,
    574.1900024414062,
    579.5800170898438,
    601.6900024414062,
    633.9199829101562,
    626.3400268554688,
    640.719970703125
  ],
  "low": [
    726.0,
    713.2100219726562,
    719.0,
    708.760009765625,
    733.8800048828125,
    718.0,
    734.260009765625,
    745.4299926757812,
    754.4600219726562,
    756.2000122070312,
    750.6500244140625,
    748.2999877929688,
    753.0,
    760.010009765625,
    761.5499877929688,
    768.219970703125,
    697.7999877929688,
    694.5399780273438,
    697.4600219726562,
    703.0,
    700.25,
    697.0,
    703.239990234375,
    712.760009765625,
    705.0,
    706.6099853515625,
    708.0399780273438,
    722.510009765625,
    702.27001953125,
    699.1300048828125,
    690.4600219726562,
    638.5,
    642.3599853515625,
    639.5,
    673.0,
    685.0,
    683.3499755859375,
    704.010009765625,
    724.2100219726562,
    741.5700073242188,
    745.0,
    742.0,
    737.6300048828125,
    731.0,
    720.739990234375,
    698.3200073242188,
    560.0,
    584.2100219726562,
    577.7999877929688,
    580.3900146484375,
    561.9199829101562,
    565.3699951171875,
    556.5999755859375,
    546.6400146484375,
    538.3599853515625,
    528.9500122070312,
    521.1900024414062,
    519.1199951171875,
    508.7200012207031,
    515.8300170898438,
    514.25,
    527.219970703125,
    533.1799926757812,
    525.0,
    532.6199951171875,
    531.0,
    540.6500244140625,
    544.8099975585938,
    548.219970703125,
    540.030029296875,
    552.0700073242188,
    553.280029296875,
    561.6300048828125,
    541.9400024414062,
    540.9299926757812,
    544.5,
    555.1500244140625,
    561.9099731445312,
    596.5,
    584.2899780273438,
    581.7100219726562,
    577.1300048828125,
    577.219970703125,
    571.1400146484375,
    567.8200073242188,
    554.4000244140625,
    568.3599853515625,
    595.0,
    608.1099853515625,
    609.1400146484375
  ],