{
  "timestamps": [
    1756785600000,
    1756872000000,
    1756958400000,
    1757044800000,
    1757304000000,
    1757390400000,
    1757476800000,
    1757563200000,
    1757649600000,
    1757908800000,
    1757995200000,
    1758081600000,
    1758168000000,
    1758254400000,
    1758513600000,
    1758600000000,
    1758686400000,
    1758772800000,
    1758859200000,
    1759118400000,
    1759204800000,
    1759291200000,
    1759377600000,
    1759464000000,
    1759723200000,
    1759809600000,
    1759896000000,
    1759982400000,
    1760068800000,
    1760328000000,
    1760414400000,
    1760500800000,
    1760587200000,
    1760673600000,
    1760932800000,
    1761019200000,
    1761105600000,
    1761192000000,
    1761278400000,
    1761537600000,
    1761624000000,
    1761710400000,
    1761796800000,
    1761883200000,
    1762146000000,
    1762232400000,
    1762318800000,
    1762405200000,
    1762491600000,
    1762750800000,
    1762837200000,
    1762923600000,
    1763010000000,
    1763096400000,
    1763355600000,
    1763442000000,
    1763528400000,
    1763614800000,
    1763701200000,
    1763960400000,
    1764046800000,
    1764133200000,
    1764306000000,
    1764565200000,
    1764651600000,
    1764738000000,
    1764824400000,
    1764910800000,
    1765170000000,
    1765256400000,
    1765342800000,
    1765429200000,
    1765515600000,
    1765774800000,
    1765861200000,
    1765947600000,
    1766034000000,
    1766120400000,
    1766379600000,
    1766466000000,
    1766552400000,
    1766725200000,
    1766984400000,
    1767070800000,
    1767157200000,
    1767330000000,
    1767589200000,
    1767675600000,
    1767762000000,
    1767848400000
  ],
  "open": [
    160.0399932861328,
    161.74000549316406,
    161.39999389648438,
    165.5,
    163.63999938964844,
    163.0,
    164.75,
    166.8800048828125,
    170.0,
    170.02999877929688,
    175.0,
    176.0,
    169.0,
    174.13999938964844,
    174.50999450683594,
    177.50999450683594,
    178.64999389648438,
    172.22999572753906,
    177.66000366210938,
    183.4499969482422,
    182.0,
    184.0,
    188.24000549316406,
    186.42999267578125,
    188.3699951171875,
    192.02999877929688,
    193.0,
    197.57000732421875,
    195.60000610351562,
    194.19000244140625,
    195.0399932861328,
    213.39999389648438,
    207.00999450683594,
    206.0,
    206.0,
    206.0,
    205.0,
    191.0,
    202.0,
    205.0800018310547,
    213.3000030517578,
    207.60000610351562,
    213.5800018310547,
    215.0,
    214.02000427246094,
    204.2899932861328,
    195.6999969482422,
    197.97000122070312,
    189.35000610351562,
    197.5,
    197.74000549316406,
    196.3699951171875,
    195.4600067138672,
    175.0,
    179.44000244140625,
    175.0,
    176.17999267578125,
    185.0,
    172.00999450683594,
    171.4499969482422,
    174.0,
    177.97999572753906,
    179.89999389648438,
    176.52000427246094,
    178.25999450683594,
    175.66000366210938,
    175.0,
    181.0,
    178.97000122070312,
    177.97000122070312,
    176.64999389648438,
    178.94000244140625,
    183.5800018310547,
    176.57000732421875,
    173.05999755859375,
    173.1999969482422,
    172.77999877929688,
    170.88999938964844,
    179.85000610351562,
    177.91000366210938,
    178.1999969482422,
    177.30999755859375,
    174.75,
    176.50999450683594,
    175.02000427246094,
    174.52999877929688,
    186.0,
    189.02000427246094,
    195.05999755859375,
    197.74000549316406
  ],
  "high": [
    160.77999877929688,
    161.89999389648438,
    164.1699981689453,
    166.75,
    165.72000122070312,
    163.99000549316406,
    166.22000122070312,
    171.85000610351562,
    171.5,
    174.94000244140625,
    179.07000732421875,
    177.24000549316406,
    174.66000366210938,
    176.05999755859375,
    178.72999572753906,
    182.0,
    179.75999450683594,
    177.64999389648438,
    180.97999572753906,
    184.99000549316406,
    185.38999938964844,
    188.39999389648438,
    190.00999450683594,
    188.80999755859375,
    193.25,
    195.60000610351562,
    197.52000427246094,
    199.72000122070312,
    198.24000549316406,
    199.77999877929688,
    204.9600067138672,
    214.0,
    214.72000122070312,
    209.58999633789062,
    208.77999877929688,
    207.72000122070312,
    206.42999267578125,
    200.42999267578125,
    203.5800018310547,
    207.13999938964844,
    214.0,
    215.6199951171875,
    218.5,
    216.74000549316406,
    216.92999267578125,
    207.0,
    202.0,
    198.0,
    193.6199951171875,
    199.1699981689453,
    198.5,
    200.0,
    195.5,
    182.8800048828125,
    181.00999450683594,
    177.77999877929688,
    181.22000122070312,
    187.0399932861328,
    174.72999572753906,
    175.1199951171875,
    176.25999450683594,
    179.7899932861328,
    180.0,
    176.97000122070312,
    179.1999969482422,
    175.66000366210938,
    182.5,
    181.47999572753906,
    180.3800048828125,
    180.0,
    182.0,
    183.94000244140625,
    183.75,
    176.91000366210938,
    174.88999938964844,
    174.0,
    173.7100067138672,
    176.8800048828125,
    180.0,
    181.00999450683594,
    178.1999969482422,
    177.60000610351562,
    177.61000061035156,
    176.52999877929688,
    175.07000732421875,
    182.02999877929688,
    189.88999938964844,
    195.5,
    197.72000122070312,
    200.1300048828125
  ],
  "low": [
    157.4199981689453,
    159.0,
    161.02000427246094,
    158.55999755859375,
    162.97999572753906,
    159.8699951171875,
    163.7899932861328,
    166.25,
    168.32000732421875,
    168.55999755859375,
    172.7100067138672,
    167.91000366210938,
    168.0,
    172.07000732421875,
    172.25,
    177.0399932861328,
    174.9199981689453,
    170.8800048828125,
    177.5,
    181.0399932861328,
    181.77999877929688,
    182.10000610351562,
    183.22000122070312,
    183.7100067138672,
    188.0,
    189.57000732421875,
    191.99000549316406,
    194.1699981689453,
    189.88999938964844,
    193.0500030517578,
    193.25,
    201.1699981689453,
    205.0,
    196.97999572753906,
    202.85000610351562,
    200.00999450683594,
    190.5,
    191.0,
    200.77999877929688,
    202.3699951171875,
    206.50999450683594,
    205.50999450683594,
    211.82000732421875,
    211.47000122070312,
    211.3800048828125,
    195.36000061035156,
    194.9600067138672,
    190.39999389648438,
    185.0,
    193.3000030517578,
    191.50999450683594,
    194.41000366210938,
    176.57000732421875,
    172.41000366210938,
    173.27000427246094,
    171.74000549316406,
    174.64999389648438,
    175.02999877929688,
    164.00999450683594,
    169.82000732421875,
    170.80999755859375,
    175.58999633789062,
    177.55999755859375,
    174.27999877929688,
    175.6199951171875,
    171.69000244140625,
    174.07000732421875,
    174.8699951171875,
    176.1999969482422,
    177.11000061035156,
    174.0,
    172.25,
    174.1199951171875,
    170.0500030517578,
    171.27999877929688,
    167.02999877929688,
    169.86000061035156,
    170.74000549316406,
    177.6999969482422,
    177.0399932861328,
    176.4199981689453,
    174.8000030517578,
    174.3800048828125,
    173.97000122070312,
    172.61000061035156,
    173.75,
    186.0,
    188.0,
    192.0800018310547,
    189.67999267578125
  ],