{
  "timestamps": [
    1756785600000,
    1756872000000,
    1756958400000,
    1757044800000,
    1757304000000,
    1757390400000,
    1757476800000,
    1757563200000,
    1757649600000,
    1757908800000,
    1757995200000,
    1758081600000,
    1758168000000,
    1758254400000,
    1758513600000,
    1758600000000,
    1758686400000,
    1758772800000,
    1758859200000,
    1759118400000,
    1759204800000,
    1759291200000,
    1759377600000,
    1759464000000,
    1759723200000,
    1759809600000,
    1759896000000,
    1759982400000,
    1760068800000,
    1760328000000,
    1760414400000,
    1760500800000,
    1760587200000,
    1760673600000,
    1760932800000,
    1761019200000,
    1761105600000,
    1761192000000,
    1761278400000,
    1761537600000,
    1761624000000,
    1761710400000,
    1761796800000,
    1761883200000,
    1762146000000,
    1762232400000,
    1762318800000,
    1762405200000,
    1762491600000,
    1762750800000,
    1762837200000,
    1762923600000,
    1763010000000,
    1763096400000,
    1763355600000,
    1763442000000,
    1763528400000,
    1763614800000,
    1763701200000,
    1763960400000,
    1764046800000,
    1764133200000,
    1764306000000,
    1764565200000,
    1764651600000,
    1764738000000,
    1764824400000,
    1764910800000,
    1765170000000,
    1765256400000,
    1765342800000,
    1765429200000,
    1765515600000,
    1765774800000,
    1765861200000,
    1765947600000,
    1766034000000,
    1766120400000,
    1766379600000,
    1766466000000,
    1766552400000,
    1766725200000,
    1766984400000,
    1767070800000,
    1767157200000,
    1767330000000,
    1767589200000,
    1767675600000,
    1767762000000,
    1767848400000
  ],
  "open": [
    74.41000366210938,
    76.0,
    76.93000030517578,
    77.02999877929688,
    76.76000213623047,
    77.95999908447266,
    78.16999816894531,
    79.4000015258789,
    79.4800033569336,
    78.4800033569336,
    86.33000183105469,
    81.8499984741211,
    82.69999694824219,
    83.0,
    86.80000305175781,
    86.70999908447266,
    87.77999877929688,
    80.4000015258789,
    85.66000366210938,
    87.2300033569336,
    83.6500015258789,
    83.08999633789062,
    84.29000091552734,
    84.5999984741211,
    86.37999725341797,
    86.16999816894531,
    87.16999816894531,
    87.1500015258789,
    87.41000366210938,
    90.0,
    89.69999694824219,
    96.0,
    94.25,
    87.79000091552734,
    87.6500015258789,
    84.30000305175781,
    82.29000091552734,
    84.77999877929688,
    87.0,
    87.5999984741211,
    100.52999877929688,
    104.16000366210938,
    105.81999969482422,
    105.97000122070312,
    103.27999877929688,
    97.31999969482422,
    95.0,
    94.3499984741211,
    88.19999694824219,
    96.23999786376953,
    92.94000244140625,
    93.02999877929688,
    91.87000274658203,
    83.37999725341797,
    83.83000183105469,
    81.81999969482422,
    84.19999694824219,
    87.55000305175781,
    81.80000305175781,
    79.69000244140625,
    84.0,
    88.80999755859375,
    89.0,
    87.13999938964844,
    88.0999984741211,
    88.0999984741211,
    89.27999877929688,
    95.0,
    91.66000366210938,
    90.0,
    93.0199966430664,
    93.19000244140625,
    95.1500015258789,
    92.41999816894531,
    88.95999908447266,
    88.20999908447266,
    86.45999908447266,
    88.26000213623047,
    91.98999786376953,
    91.70999908447266,
    93.08000183105469,
    93.91999816894531,
    91.66999816894531,
    93.30000305175781,
    91.12999725341797,
    93.0,
    100.16999816894531,
    101.1500015258789,
    102.30000305175781,
    104.47000122070312
  ],
  "high": [
    75.69000244140625,
    77.66999816894531,
    77.95999908447266,
    77.79000091552734,
    77.47000122070312,
    79.54000091552734,
    81.58000183105469,
    81.38999938964844,
    79.75,
    86.37000274658203,
    86.33000183105469,
    82.33999633789062,
    83.30000305175781,
    86.83999633789062,
    87.1500015258789,
    88.44999694824219,
    89.12999725341797,
    86.45999908447266,
    88.0,
    87.66999816894531,
    84.5999984741211,
    84.41000366210938,
    85.76000213623047,
    86.0,
    88.6500015258789,
    89.02999877929688,
    88.4800033569336,
    87.87000274658203,
    91.58000183105469,
    94.36000061035156,
    95.9800033569336,
    97.79000091552734,
    95.97000122070312,
    89.52999877929688,
    87.69999694824219,
    84.31999969482422,
    84.63999938964844,
    87.08000183105469,
    89.19000244140625,
    88.9800033569336,
    110.16000366210938,
    109.66000366210938,
    107.19999694824219,
    106.73999786376953,
    103.6500015258789,
    98.70999908447266,
    97.9000015258789,
    94.66999816894531,
    92.52999877929688,
    96.95999908447266,
    93.43000030517578,
    94.0199966430664,
    92.27999877929688,
    86.36000061035156,
    84.91999816894531,
    84.2699966430664,
    88.05999755859375,
    89.87000274658203,
    82.0,
    83.4800033569336,
    87.66999816894531,
    89.66000366210938,
    89.30999755859375,
    88.69000244140625,
    90.38999938964844,
    90.04000091552734,
    94.52999877929688,
    95.0,
    92.69000244140625,
    93.87999725341797,
    93.83999633789062,
    96.56999969482422,
    95.9800033569336,
    93.48999786376953,
    89.94000244140625,
    88.23999786376953,
    88.44999694824219,
    91.68000030517578,
    94.87999725341797,
    95.0999984741211,
    94.27999877929688,
    94.30000305175781,
    95.66999816894531,
    93.63999938964844,
    92.69999694824219,
    99.08000183105469,
    100.88999938964844,
    102.80999755859375,
    104.1500015258789,
    106.22000122070312
  ],
  "low": [
    73.19999694824219,
    75.41999816894531,
    75.7300033569336,
    74.62999725341797,
    74.98999786376953,
    77.01000213623047,
    77.98999786376953,
    78.69000244140625,
    77.52999877929688,
    78.22000122070312,
    79.70999908447266,
    80.30999755859375,
    81.33999633789062,
    82.4000015258789,
    82.94999694824219,
    85.12999725341797,
    82.94999694824219,
    79.30000305175781,
    84.77999877929688,
    83.93000030517578,
    82.52999877929688,
    82.38999938964844,
    82.72000122070312,
    83.52999877929688,
    85.1500015258789,
    84.5199966430664,
    85.13999938964844,
    85.7699966430664,
    86.3499984741211,
    89.7300033569336,
    87.27999877929688,
    90.27999877929688,
    90.4000015258789,
    85.0,
    84.79000091552734,
    80.52999877929688,
    80.75,
    83.58999633789062,
    86.2699966430664,
    84.29000091552734,
    98.0,
    104.11000061035156,
    103.66999816894531,
    100.75,
    100.37000274658203,
    95.55000305175781,
    93.0,
    89.41999816894531,
    86.41000366210938,
    93.5,
    90.58999633789062,
    90.72000122070312,
    85.69000244140625,
    82.19999694824219,
    81.87999725341797,
    81.30000305175781,
    83.5999984741211,
    81.70999908447266,
    77.69999694824219,
    79.16000366210938,
    82.43000030517578,
    87.69999694824219,
    88.02999877929688,
    86.37999725341797,
    87.62000274658203,
    86.4000015258789,
    89.27999877929688,
    90.66000366210938,
    90.66000366210938,
    89.76000213623047,
    89.01000213623047,
    92.26000213623047,
    88.79000091552734,
    89.44000244140625,
    86.73999786376953,
    84.29000091552734,
    86.12999725341797,
    87.94000244140625,
    90.91999816894531,
    91.70999908447266,
    92.6500015258789,
    92.5,
    91.61000061035156,
    91.2300033569336,
    90.88999938964844,
    92.81999969482422,
    96.43000030517578,
    99.16000366210938,
    101.0,
    102.83000183105469
  ],