{
  "timestamps": [
    1756785600000,
    1756872000000,
    1756958400000,
    1757044800000,
    1757304000000,
    1757390400000,
    1757476800000,
    1757563200000,
    1757649600000,
    1757908800000,
    1757995200000,
    1758081600000,
    1758168000000,
    1758254400000,
    1758513600000,
    1758600000000,
    1758686400000,
    1758772800000,
    1758859200000,
    1759118400000,
    1759204800000,
    1759291200000,
    1759377600000,
    1759464000000,
    1759723200000,
    1759809600000,
    1759896000000,
    1759982400000,
    1760068800000,
    1760328000000,
    1760414400000,
    1760500800000,
    1760587200000,
    1760673600000,
    1760932800000,
    1761019200000,
    1761105600000,
    1761192000000,
    1761278400000,
    1761537600000,
    1761624000000,
    1761710400000,
    1761796800000,
    1761883200000,
    1762146000000,
    1762232400000,
    1762318800000,
    1762405200000,
    1762491600000,
    1762750800000,
    1762837200000,
    1762923600000,
    1763010000000,
    1763096400000,
    1763355600000,
    1763442000000,
    1763528400000,
    1763614800000,
    1763701200000,
    1763960400000,
    1764046800000,
    1764133200000,
    1764306000000,
    1764565200000,
    1764651600000,
    1764738000000,
    1764824400000,
    1764910800000,
    1765170000000,
    1765256400000,
    1765342800000,
    1765429200000,
    1765515600000,
    1765774800000,
    1765861200000,
    1765947600000,
    1766034000000,
    1766120400000,
    1766379600000,
    1766466000000,
    1766552400000,
    1766725200000,
    1766984400000,
    1767070800000,
    1767157200000,
    1767330000000,
    1767589200000,
    1767675600000,
    1767762000000,
    1767848400000
  ],
  "open": [
    300.489990234375,
    306.5199890136719,
    310.0,
    311.04998779296875,
    304.2099914550781,
    300.6099853515625,
    308.5,
    320.010009765625,
    318.05999755859375,
    325.75,
    332.0400085449219,
    322.5299987792969,
    325.17999267578125,
    325.7099914550781,
    332.9700012207031,
    346.75,
    339.6889953613281,
    335.0,
    328.7200012207031,
    334.8999938964844,
    334.9200134277344,
    326.04998779296875,
    352.25,
    358.8699951171875,
    367.6300048828125,
    363.1300048828125,
    368.80999755859375,
    374.2300109863281,
    381.0,
    376.32000732421875,
    374.70001220703125,
    396.9750061035156,
    406.8999938964844,
    391.29998779296875,
    395.94000244140625,
    369.364990234375,
    361.0,
    354.0,
    376.42999267578125,
    392.75,
    397.0299987792969,
    382.0799865722656,
    397.1499938964844,
    388.0,
    380.9200134277344,
    368.7900085449219,
    364.92999267578125,
    360.9599914550781,
    335.4800109863281,
    367.20001220703125,
    359.6199951171875,
    354.6300048828125,
    350.2300109863281,
    328.6499938964844,
    336.68499755859375,
    333.75,
    344.2749938964844,
    368.25,
    345.2799987792969,
    339.75,
    353.4599914550781,
    355.3900146484375,
    362.0,
    359.3299865722656,
    362.5350036621094,
    361.19000244140625,
    360.9800109863281,
    369.1650085449219,
    362.7650146484375,
    356.20001220703125,
    358.54998779296875,
    360.75,
    379.0,
    356.6499938964844,
    356.05999755859375,
    368.5150146484375,
    351.989990234375,
    361.20001220703125,
    363.2749938964844,
    353.1400146484375,
    360.6199951171875,
    363.239990234375,
    360.0,
    358.0,
    357.7200012207031,
    358.0,
    372.3299865722656,
    358.45001220703125,
    352.1099853515625,
    337.0
  ],
  "high": [
    307.4549865722656,
    309.5899963378906,
    312.1600036621094,
    312.989990234375,
    304.7900085449219,
    305.29998779296875,
    328.3009948730469,
    322.260986328125,
    325.4100036621094,
    334.8599853515625,
    332.8599853515625,
    326.20001220703125,
    330.1300048828125,
    331.8599853515625,
    347.3299865722656,
    348.44000244140625,
    344.3999938964844,
    336.55999755859375,
    332.8399963378906,
    340.5450134277344,
    336.7799987792969,
    352.25,
    357.67999267578125,
    376.7799987792969,
    368.5,
    371.30999755859375,
    376.4989929199219,
    386.8599853515625,
    392.17999267578125,
    387.0,
    395.1400146484375,
    412.70001220703125,
    411.69000244140625,
    402.010009765625,
    398.5,
    369.5480041503906,
    362.94000244140625,
    367.5350036621094,
    391.1159973144531,
    395.63299560546875,
    401.0,
    406.0429992675781,
    400.9800109863281,
    388.4700012207031,
    384.9809875488281,
    374.44000244140625,
    370.9800109863281,
    363.8800048828125,
    359.1000061035156,
    378.7799987792969,
    363.55999755859375,
    354.989990234375,
    350.989990234375,
    351.9800109863281,
    347.989990234375,
    344.54998779296875,
    362.7149963378906,
    379.20001220703125,
    345.2799987792969,
    355.5,
    355.5400085449219,
    361.1400146484375,
    366.3080139160156,
    361.2900085449219,
    368.7099914550781,
    365.4700012207031,
    374.45001220703125,
    370.07000732421875,
    364.25,
    364.6600036621094,
    363.51800537109375,
    380.0,
    380.7799987792969,
    360.9599914550781,
    368.17999267578125,
    372.0,
    371.239990234375,
    368.6400146484375,
    363.95001220703125,
    364.30999755859375,
    364.55999755859375,
    363.3450012207031,
    369.0,
    360.67999267578125,
    360.4200134277344,
    373.2300109863281,
    378.5,
    359.79998779296875,
    352.43499755859375,
    338.6300048828125
  ],
  "low": [
    296.989990234375,
    303.9200134277344,
    307.25,
    293.1549987792969,
    296.3599853515625,
    296.3500061035156,
    308.5,
    316.1099853515625,
    315.281005859375,
    324.6099853515625,
    321.50799560546875,
    316.1839904785156,
    319.5899963378906,
    319.760009765625,
    326.5,
    336.1400146484375,
    335.5,
    325.05999755859375,
    326.44000244140625,
    322.55999755859375,
    327.2099914550781,
    323.8800048828125,
    343.2099914550781,
    358.69000244140625,
    353.0,
    355.3800048828125,
    363.7099914550781,
    372.75,
    367.3800048828125,
    375.25,
    366.1600036621094,
    395.70001220703125,
    394.7200012207031,
    382.8299865722656,
    368.1300048828125,
    355.20001220703125,
    343.4700012207031,
    353.7900085449219,
    373.6000061035156,
    384.1499938964844,
    375.5,
    380.54998779296875,
    381.989990234375,
    372.1470031738281,
    375.1600036621094,
    360.4800109863281,
    357.05999755859375,
    348.54998779296875,
    332.1199951171875,
    352.6700134277344,
    348.42999267578125,
    346.20001220703125,
    333.6549987792969,
    326.8299865722656,
    334.0799865722656,
    333.75,
    342.92999267578125,
    345.0,
    330.8599853515625,
    336.7699890136719,
    339.3399963378906,
    355.0,
    359.6000061035156,
    354.0,
    358.94500732421875,
    355.2099914550781,
    358.5,
    357.1199951171875,
    354.0,
    354.010009765625,
    346.3999938964844,
    354.3399963378906,
    351.2200012207031,
    350.6700134277344,
    350.3299865722656,
    334.17999267578125,
    348.7799987792969,
    354.19000244140625,
    355.3999938964844,
    353.0,
    359.0,
    358.3999938964844,
    358.0249938964844,
    355.30999755859375,
    352.9599914550781,
    358.0,
    349.5400085449219,
    346.739990234375,
    334.7900085449219,
    321.6099853515625
  ],