{
  "timestamps": [
    1756785600000,
    1756872000000,
    1756958400000,
    1757044800000,
    1757304000000,
    1757390400000,
    1757476800000,
    1757563200000,
    1757649600000,
    1757908800000,
    1757995200000,
    1758081600000,
    1758168000000,
    1758254400000,
    1758513600000,
    1758600000000,
    1758686400000,
    1758772800000,
    1758859200000,
    1759118400000,
    1759204800000,
    1759291200000,
    1759377600000,
    1759464000000,
    1759723200000,
    1759809600000,
    1759896000000,
    1759982400000,
    1760068800000,
    1760328000000,
    1760414400000,
    1760500800000,
    1760587200000,
    1760673600000,
    1760932800000,
    1761019200000,
    1761105600000,
    1761192000000,
    1761278400000,
    1761537600000,
    1761624000000,
    1761710400000,
    1761796800000,
    1761883200000,
    1762146000000,
    1762232400000,
    1762318800000,
    1762405200000,
    1762491600000,
    1762750800000,
    1762837200000,
    1762923600000,
    1763010000000,
    1763096400000,
    1763355600000,
    1763442000000,
    1763528400000,
    1763614800000,
    1763701200000,
    1763960400000,
    1764046800000,
    1764133200000,
    1764306000000,
    1764565200000,
    1764651600000,
    1764738000000,
    1764824400000,
    1764910800000,
    1765170000000,
    1765256400000,
    1765342800000,
    1765429200000,
    1765515600000,
    1765774800000,
    1765861200000,
    1765947600000,
    1766034000000,
    1766120400000,
    1766379600000,
    1766466000000,
    1766552400000,
    1766725200000,
    1766984400000,
    1767070800000,
    1767157200000,
    1767330000000,
    1767589200000,
    1767675600000,
    1767762000000,
    1767848400000
  ],
  "open": [
    299.9700012207031,
    305.010009765625,
    301.9599914550781,
    313.8500061035156,
    301.8800048828125,
    303.7699890136719,
    321.3999938964844,
    319.0,
    328.0299987792969,
    322.8699951171875,
    332.25,
    325.9599914550781,
    325.82000732421875,
    342.760009765625,
    333.44000244140625,
    333.3800048828125,
    323.760009765625,
    314.3299865722656,
    308.5799865722656,
    318.010009765625,
    330.0,
    343.260009765625,
    354.760009765625,
    373.3500061035156,
    390.3299865722656,
    386.8399963378906,
    378.6199951171875,
    384.260009765625,
    387.6600036621094,
    363.20001220703125,
    340.8500061035156,
    345.80999755859375,
    338.489990234375,
    319.4100036621094,
    342.2099914550781,
    342.2799987792969,
    333.8800048828125,
    323.0,
    335.0,
    362.82000732421875,
    363.2300109863281,
    357.42999267578125,
    343.4700012207031,
    336.0,
    340.8699951171875,
    319.0,
    315.8900146484375,
    316.5,
    290.20001220703125,
    323.0199890136719,
    312.20001220703125,
    309.2300109863281,
    301.6600036621094,
    269.5199890136719,
    274.9200134277344,
    261.75,
    261.8699951171875,
    259.9800109863281,
    243.9199981689453,
    244.67999267578125,
    247.75999450683594,
    256.20001220703125,
    274.010009765625,
    260.5299987792969,
    267.67999267578125,
    268.0,
    273.6000061035156,
    270.42999267578125,
    272.80999755859375,
    270.6300048828125,
    273.20001220703125,
    266.8999938964844,
    271.6600036621094,
    267.989990234375,
    253.55999755859375,
    254.77999877929688,
    253.10000610351562,
    244.5800018310547,
    251.67999267578125,
    243.25,
    240.27999877929688,
    240.39999389648438,
    234.36000061035156,
    233.64999389648438,
    231.22000122070312,
    230.60000610351562,
    247.11000061035156,
    255.2100067138672,
    248.27999877929688,
    244.6199951171875
  ],
  "high": [
    310.4100036621094,
    308.3699951171875,
    307.7699890136719,
    315.739990234375,
    306.6000061035156,
    319.3900146484375,
    328.6700134277344,
    326.0,
    329.489990234375,
    328.44000244140625,
    333.6000061035156,
    328.489990234375,
    351.8900146484375,
    349.70001220703125,
    336.20001220703125,
    335.67999267578125,
    327.32000732421875,
    317.989990234375,
    314.239990234375,
    334.3800048828125,
    338.1000061035156,
    349.8699951171875,
    376.1300048828125,
    383.5,
    392.8500061035156,
    388.0,
    390.489990234375,
    392.1600036621094,
    402.1600036621094,
    364.8999938964844,
    353.5,
    347.8299865722656,
    342.70001220703125,
    336.29998779296875,
    354.05999755859375,
    344.7900085449219,
    334.7200012207031,
    328.3900146484375,
    356.8800048828125,
    373.25,
    368.1300048828125,
    360.0,
    344.2200012207031,
    361.3999938964844,
    342.79998779296875,
    325.45001220703125,
    324.1400146484375,
    316.6000061035156,
    310.92999267578125,
    324.79998779296875,
    317.0899963378906,
    311.5,
    303.9599914550781,
    292.760009765625,
    277.8299865722656,
    271.0,
    262.82000732421875,
    263.6300048828125,
    246.1300048828125,
    257.95001220703125,
    254.3699951171875,
    266.6199951171875,
    279.8699951171875,
    265.8999938964844,
    272.54998779296875,
    277.5899963378906,
    284.239990234375,
    274.04998779296875,
    276.6300048828125,
    284.739990234375,
    279.44000244140625,
    271.1600036621094,
    278.20001220703125,
    268.5799865722656,
    257.0,
    259.54998779296875,
    255.41000366210938,
    247.0,
    254.8699951171875,
    245.1999969482422,
    241.0,
    240.49000549316406,
    239.88999938964844,
    236.05999755859375,
    232.38999938964844,
    238.49000549316406,
    258.8800048828125,
    258.3500061035156,
    248.94000244140625,
    250.3800048828125
  ],
  "low": [
    295.3999938964844,
    301.1499938964844,
    300.010009765625,
    292.55999755859375,
    297.1499938964844,
    303.6000061035156,
    312.5299987792969,
    315.5299987792969,
    319.79998779296875,
    320.9599914550781,
    321.29998779296875,
    311.29998779296875,
    323.5199890136719,
    337.6600036621094,
    328.19000244140625,
    317.70001220703125,
    320.760009765625,
    304.3599853515625,
    303.3999938964844,
    316.3500061035156,
    329.6600036621094,
    340.5,
    353.3999938964844,
    370.0299987792969,
    380.5,
    363.010009765625,
    375.6400146484375,
    381.79998779296875,
    351.6300048828125,
    341.8399963378906,
    334.7699890136719,
    333.1000061035156,
    328.7099914550781,
    317.7699890136719,
    338.75,
    335.5,
    310.4800109863281,
    318.5,
    333.0,
    357.29998779296875,
    354.07000732421875,
    345.2099914550781,
    328.2099914550781,
    334.42999267578125,
    325.8800048828125,
    306.8500061035156,
    310.8399963378906,
    294.7200012207031,
    283.6499938964844,
    311.6600036621094,
    303.5899963378906,
    301.4599914550781,
    279.8299865722656,
    268.1600036621094,
    258.2200012207031,
    261.0,
    247.02000427246094,
    236.0,
    231.1699981689453,
    243.00999450683594,
    240.74000549316406,
    253.83999633789062,
    269.2900085449219,
    252.1999969482422,
    263.2099914550781,
    264.1300048828125,
    271.260009765625,
    265.010009765625,
    269.5199890136719,
    266.8299865722656,
    270.760009765625,
    258.7200012207031,
    263.1600036621094,
    246.8000030517578,
    250.32000732421875,
    243.6999969482422,
    239.10000610351562,
    240.85000610351562,
    247.42999267578125,
    238.8000030517578,
    237.13999938964844,
    232.80999755859375,
    232.77999877929688,
    231.5,
    225.47000122070312,
    225.91000366210938,
    246.52999877929688,
    245.72000122070312,
    240.25,
    242.25
  ],