{
  "timestamps": [
    1756785600000,
    1756872000000,
    1756958400000,
    1757044800000,
    1757304000000,
    1757390400000,
    1757476800000,
    1757563200000,
    1757649600000,
    1757908800000,
    1757995200000,
    1758081600000,
    1758168000000,
    1758254400000,
    1758513600000,
    1758600000000,
    1758686400000,
    1758772800000,
    1758859200000,
    1759118400000,
    1759204800000,
    1759291200000,
    1759377600000,
    1759464000000,
    1759723200000,
    1759809600000,
    1759896000000,
    1759982400000,
    1760068800000,
    1760328000000,
    1760414400000,
    1760500800000,
    1760587200000,
    1760673600000,
    1760932800000,
    1761019200000,
    1761105600000,
    1761192000000,
    1761278400000,
    1761537600000,
    1761624000000,
    1761710400000,
    1761796800000,
    1761883200000,
    1762146000000,
    1762232400000,
    1762318800000,
    1762405200000,
    1762491600000,
    1762750800000,
    1762837200000,
    1762923600000,
    1763010000000,
    1763096400000,
    1763355600000,
    1763442000000,
    1763528400000,
    1763614800000,
    1763701200000,
    1763960400000,
    1764046800000,
    1764133200000,
    1764306000000,
    1764565200000,
    1764651600000,
    1764738000000,
    1764824400000,
    1764910800000,
    1765170000000,
    1765256400000,
    1765342800000,
    1765429200000,
    1765515600000,
    1765774800000,
    1765861200000,
    1765947600000,
    1766034000000,
    1766120400000,
    1766379600000,
    1766466000000,
    1766552400000,
    1766725200000,
    1766984400000,
    1767070800000,
    1767157200000,
    1767330000000,
    1767589200000,
    1767675600000,
    1767762000000,
    1767848400000
  ],
  "open": [
    128.55999755859375,
    122.08999633789062,
    117.63999938964844,
    117.77999877929688,
    114.0,
    113.62999725341797,
    119.96499633789062,
    114.22000122070312,
    134.85000610351562,
    129.89999389648438,
    139.60000610351562,
    135.0,
    134.74000549316406,
    145.0500030517578,
    139.8800048828125,
    138.6699981689453,
    133.72999572753906,
    128.99000549316406,
    125.41999816894531,
    129.5,
    136.1999969482422,
    133.6199951171875,
    133.4499969482422,
    148.39999389648438,
    154.00999450683594,
    152.0,
    150.3000030517578,
    150.8000030517578,
    150.88999938964844,
    138.05999755859375,
    133.25,
    137.32000732421875,
    135.9199981689453,
    125.25,
    129.7899932861328,
    130.4499969482422,
    128.57000732421875,
    124.9800033569336,
    132.9600067138672,
    146.92999267578125,
    143.25,
    136.0,
    129.97000122070312,
    126.30999755859375,
    125.75,
    113.79000091552734,
    113.0999984741211,
    113.05000305175781,
    99.0,
    107.80000305175781,
    102.05000305175781,
    93.8499984741211,
    86.0199966430664,
    83.5,
    81.79000091552734,
    75.62000274658203,
    76.48999786376953,
    71.29000091552734,
    66.92500305175781,
    72.0,
    69.13999938964844,
    71.1500015258789,
    75.30999755859375,
    77.48999786376953,
    78.4000015258789,
    78.38999938964844,
    83.9800033569336,
    86.08999633789062,
    86.94499969482422,
    83.2300033569336,
    87.33999633789062,
    85.8499984741211,
    89.52999877929688,
    83.8499984741211,
    77.86000061035156,
    82.87999725341797,
    82.73999786376953,
    82.43499755859375,
    87.73999786376953,
    84.80000305175781,
    82.72000122070312,
    82.38999938964844,
    79.24500274658203,
    80.18000030517578,
    79.95999908447266,
    80.83999633789062,
    84.57499694824219,
    86.0,
    83.19000244140625,
    79.9000015258789
  ],
  "high": [
    131.69000244140625,
    122.27100372314453,
    120.31999969482422,
    118.80000305175781,
    117.77999877929688,
    120.75,
    124.9800033569336,
    136.49000549316406,
    134.89999389648438,
    135.77999877929688,
    142.5500030517578,
    146.5,
    143.5800018310547,
    147.6999969482422,
    140.7100067138672,
    141.60000610351562,
    136.33999633789062,
    130.25999450683594,
    128.49000549316406,
    137.8000030517578,
    137.99000549316406,
    137.26699829101562,
    152.0500030517578,
    156.47000122070312,
    154.1719970703125,
    157.55999755859375,
    152.16000366210938,
    153.8800048828125,
    159.47000122070312,
    141.3800048828125,
    138.6199951171875,
    141.10000610351562,
    136.8699951171875,
    127.75800323486328,
    135.72900390625,
    133.0,
    131.0,
    130.00999450683594,
    144.02999877929688,
    147.44000244140625,
    143.3800048828125,
    136.0500030517578,
    130.0,
    129.39999389648438,
    125.75,
    117.19999694824219,
    114.8499984741211,
    113.36000061035156,
    103.33000183105469,
    110.53500366210938,
    102.48999786376953,
    95.5199966430664,
    88.41999816894531,
    85.05000305175781,
    81.9000015258789,
    78.1500015258789,
    76.5999984741211,
    71.40499877929688,
    72.33000183105469,
    73.43000030517578,
    70.11000061035156,
    73.29000091552734,
    81.4800033569336,
    79.83999633789062,
    80.7300033569336,
    86.58999633789062,
    88.2699966430664,
    86.66000366210938,
    87.41000366210938,
    89.9800033569336,
    89.55000305175781,
    89.26000213623047,
    91.30000305175781,
    84.18000030517578,
    83.5,
    85.73999786376953,
    84.47000122070312,
    86.30000305175781,
    91.19999694824219,
    85.56999969482422,
    83.04499816894531,
    82.5,
    83.03600311279297,
    82.88999938964844,
    80.38999938964844,
    84.58000183105469,
    88.05999755859375,
    86.19999694824219,
    83.5999984741211,
    82.72000122070312
  ],
  "low": [
    119.5999984741211,
    116.5999984741211,
    115.08000183105469,
    108.0199966430664,
    110.05000305175781,
    112.62000274658203,
    113.16999816894531,
    113.30000305175781,
    124.5,
    125.08000183105469,
    133.9199981689453,
    128.25999450683594,
    134.07000732421875,
    139.52999877929688,
    134.55999755859375,
    130.6999969482422,
    130.0399932861328,
    124.30000305175781,
    122.83000183105469,
    128.5,
    132.3699951171875,
    127.5999984741211,
    132.75,
    144.13999938964844,
    145.55999755859375,
    144.1840057373047,
    143.5500030517578,
    145.8000030517578,
    132.60499572753906,
    135.11000061035156,
    129.3300018310547,
    132.5800018310547,
    127.87999725341797,
    123.08999633789062,
    128.25,
    125.6500015258789,
    122.5,
    124.30999755859375,
    131.02000427246094,
    138.10000610351562,
    135.85000610351562,
    129.67999267578125,
    122.48999786376953,
    124.87999725341797,
    117.82599639892578,
    108.9000015258789,
    111.94000244140625,
    100.0,
    96.0999984741211,
    102.58000183105469,
    97.94999694824219,
    85.86000061035156,
    81.37999725341797,
    81.5,
    75.0999984741211,
    75.04299926757812,
    67.55000305175781,
    64.91999816894531,
    66.13999938964844,
    69.61000061035156,
    68.052001953125,
    68.86000061035156,
    74.0199966430664,
    75.2300033569336,
    77.18000030517578,
    75.97000122070312,
    83.19999694824219,
    83.13999938964844,
    81.33999633789062,
    81.76000213623047,
    85.05000305175781,
    83.33000183105469,
    82.02999877929688,
    74.73400115966797,
    77.33000183105469,
    79.08000183105469,
    80.08000183105469,
    82.43000030517578,
    86.43000030517578,
    81.0199966430664,
    79.86000061035156,
    79.70999908447266,
    79.12300109863281,
    79.6500015258789,
    78.7699966430664,
    79.62000274658203,
    84.0999984741211,
    81.947998046875,
    80.52999877929688,
    78.8499984741211
  ],