{
  "timestamps": [
    1756785600000,
    1756872000000,
    1756958400000,
    1757044800000,
    1757304000000,
    1757390400000,
    1757476800000,
    1757563200000,
    1757649600000,
    1757908800000,
    1757995200000,
    1758081600000,
    1758168000000,
    1758254400000,
    1758513600000,
    1758600000000,
    1758686400000,
    1758772800000,
    1758859200000,
    1759118400000,
    1759204800000,
    1759291200000,
    1759377600000,
    1759464000000,
    1759723200000,
    1759809600000,
    1759896000000,
    1759982400000,
    1760068800000,
    1760328000000,
    1760414400000,
    1760500800000,
    1760587200000,
    1760673600000,
    1760932800000,
    1761019200000,
    1761105600000,
    1761192000000,
    1761278400000,
    1761537600000,
    1761624000000,
    1761710400000,
    1761796800000,
    1761883200000,
    1762146000000,
    1762232400000,
    1762318800000,
    1762405200000,
    1762491600000,
    1762750800000,
    1762837200000,
    1762923600000,
    1763010000000,
    1763096400000,
    1763355600000,
    1763442000000,
    1763528400000,
    1763614800000,
    1763701200000,
    1763960400000,
    1764046800000,
    1764133200000,
    1764306000000,
    1764565200000,
    1764651600000,
    1764738000000,
    1764824400000,
    1764910800000,
    1765170000000,
    1765256400000,
    1765342800000,
    1765429200000,
    1765515600000,
    1765774800000,
    1765861200000,
    1765947600000,
    1766034000000,
    1766120400000,
    1766379600000,
    1766466000000,
    1766552400000,
    1766725200000,
    1766984400000,
    1767070800000,
    1767157200000,
    1767330000000,
    1767589200000,
    1767675600000,
    1767762000000,
    1767848400000
  ],
  "open": [
    254.82000732421875,
    255.05999755859375,
    240.05999755859375,
    244.8300018310547,
    250.8000030517578,
    251.32000732421875,
    252.75,
    243.6999969482422,
    246.10000610351562,
    243.25,
    242.52000427246094,
    239.97000122070312,
    244.16000366210938,
    246.02000427246094,
    245.27999877929688,
    249.74000549316406,
    245.6699981689453,
    244.5,
    240.69000244140625,
    244.72000122070312,
    245.0500030517578,
    236.49000549316406,
    235.42999267578125,
    238.75,
    239.3300018310547,
    246.47999572753906,
    239.74000549316406,
    239.27000427246094,
    246.52000427246094,
    242.88999938964844,
    248.11000061035156,
    240.8699951171875,
    253.19000244140625,
    246.57000732421875,
    245.0,
    254.5,
    262.20001220703125,
    257.6000061035156,
    257.4200134277344,
    257.0799865722656,
    255.47000122070312,
    252.0,
    250.5,
    254.8000030517578,
    260.0,
    258.1499938964844,
    254.6999969482422,
    250.5399932861328,
    236.14999389648438,
    240.0,
    241.89999389648438,
    245.74000549316406,
    245.25,
    238.30999755859375,
    242.07000732421875,
    236.24000549316406,
    232.0,
    229.25,
    224.86000061035156,
    227.33999633789062,
    226.8000030517578,
    230.50999450683594,
    229.0,
    228.6699981689453,
    233.02000427246094,
    235.36000061035156,
    243.69000244140625,
    250.8300018310547,
    261.8800048828125,
    260.0,
    260.75,
    263.5,
    263.5199890136719,
    261.2099914550781,
    254.0,
    256.3299865722656,
    258.4200134277344,
    260.67999267578125,
    260.6199951171875,
    262.7200012207031,
    263.2300109863281,
    264.79998779296875,
    264.7099914550781,
    266.6600036621094,
    265.2900085449219,
    265.0,
    253.6199951171875,
    255.1999969482422,
    263.5,
    264.3999938964844
  ],
  "high": [
    254.99000549316406,
    258.0,
    245.22000122070312,
    251.1300048828125,
    252.94000244140625,
    255.33999633789062,
    253.99000549316406,
    247.1699981689453,
    247.58999633789062,
    244.7100067138672,
    242.67999267578125,
    243.0,
    247.2899932861328,
    247.1999969482422,
    250.47999572753906,
    251.36000061035156,
    248.83999633789062,
    244.66000366210938,
    244.52999877929688,
    245.82000732421875,
    245.2100067138672,
    242.47000122070312,
    239.39999389648438,
    242.80999755859375,
    250.47000122070312,
    247.36000061035156,
    241.32000732421875,
    245.9600067138672,
    249.0500030517578,
    249.35000610351562,
    248.27999877929688,
    241.32000732421875,
    256.739990234375,
    250.77999877929688,
    255.39999389648438,
    267.1300048828125,
    262.3999938964844,
    258.55999755859375,
    258.5,
    258.1000061035156,
    258.8399963378906,
    253.57000732421875,
    259.2799987792969,
    261.82000732421875,
    261.55999755859375,
    259.260009765625,
    256.8299865722656,
    250.5399932861328,
    240.97000122070312,
    241.91000366210938,
    245.6999969482422,
    248.42999267578125,
    245.89999389648438,
    245.17999267578125,
    242.8300018310547,
    237.7899932861328,
    232.27999877929688,
    231.07000732421875,
    228.67999267578125,
    228.83999633789062,
    234.6300048828125,
    232.82000732421875,
    232.55999755859375,
    234.25,
    236.64999389648438,
    239.25999450683594,
    248.97000122070312,
    261.8800048828125,
    264.2799987792969,
    262.25,
    265.92999267578125,
    267.8999938964844,
    264.489990234375,
    262.2799987792969,
    255.86000061035156,
    261.9700012207031,
    260.07000732421875,
    262.0400085449219,
    264.6300048828125,
    264.239990234375,
    266.29998779296875,
    267.9100036621094,
    269.1099853515625,
    268.2799987792969,
    266.1000061035156,
    265.3800048828125,
    259.5899963378906,
    263.54998779296875,
    267.8299865722656,
    265.20001220703125
  ],
  "low": [
    248.75,
    250.5500030517578,
    234.6199951171875,
    244.36000061035156,
    247.3000030517578,
    251.2100067138672,
    241.72999572753906,
    243.5,
    241.25,
    240.83999633789062,
    237.24000549316406,
    239.3800048828125,
    242.9499969482422,
    243.35000610351562,
    243.16000366210938,
    244.1300048828125,
    243.00999450683594,
    239.49000549316406,
    240.35000610351562,
    242.8699951171875,
    235.80999755859375,
    233.50999450683594,
    233.60000610351562,
    238.5,
    235.41000366210938,
    237.5500030517578,
    235.64999389648438,
    237.14999389648438,
    240.72000122070312,
    242.3699951171875,
    239.5500030517578,
    235.89999389648438,
    242.6699981689453,
    242.16000366210938,
    244.3000030517578,
    254.0,
    256.510009765625,
    254.1199951171875,
    254.0,
    254.9199981689453,
    254.13999938964844,
    249.0399932861328,
    250.0,
    252.6300048828125,
    255.10000610351562,
    253.4600067138672,
    252.00999450683594,
    234.47999572753906,
    235.7899932861328,
    235.0800018310547,
    241.16000366210938,
    243.67999267578125,
    239.91000366210938,
    237.4199981689453,
    235.58999633789062,
    230.27000427246094,
    225.05999755859375,
    223.3000030517578,
    221.9600067138672,
    225.0399932861328,
    226.52000427246094,
    226.0,
    228.6300048828125,
    228.60000610351562,
    231.6199951171875,
    233.16000366210938,
    237.60000610351562,
    249.5,
    256.3399963378906,
    259.0,
    259.1499938964844,
    260.7699890136719,
    260.9100036621094,
    253.08999633789062,
    252.11000061035156,
    256.25,
    256.1600036621094,
    255.5,
    258.4100036621094,
    260.5199890136719,
    262.54998779296875,
    264.79998779296875,
    264.7099914550781,
    265.3299865722656,
    264.3900146484375,
    252.47999572753906,
    252.30999755859375,
    255.0,
    263.5,
    260.4100036621094
  ],