{
  "timestamps": [
    1756785600000,
    1756872000000,
    1756958400000,
    1757044800000,
    1757304000000,
    1757390400000,
    1757476800000,
    1757563200000,
    1757649600000,
    1757908800000,
    1757995200000,
    1758081600000,
    1758168000000,
    1758254400000,
    1758513600000,
    1758600000000,
    1758686400000,
    1758772800000,
    1758859200000,
    1759118400000,
    1759204800000,
    1759291200000,
    1759377600000,
    1759464000000,
    1759723200000,
    1759809600000,
    1759896000000,
    1759982400000,
    1760068800000,
    1760328000000,
    1760414400000,
    1760500800000,
    1760587200000,
    1760673600000,
    1760932800000,
    1761019200000,
    1761105600000,
    1761192000000,
    1761278400000,
    1761537600000,
    1761624000000,
    1761710400000,
    1761796800000,
    1761883200000,
    1762146000000,
    1762232400000,
    1762318800000,
    1762405200000,
    1762491600000,
    1762750800000,
    1762837200000,
    1762923600000,
    1763010000000,
    1763096400000,
    1763355600000,
    1763442000000,
    1763528400000,
    1763614800000,
    1763701200000,
    1763960400000,
    1764046800000,
    1764133200000,
    1764306000000,
    1764565200000,
    1764651600000,
    1764738000000,
    1764824400000,
    1764910800000,
    1765170000000,
    1765256400000,
    1765342800000,
    1765429200000,
    1765515600000,
    1765774800000,
    1765861200000,
    1765947600000,
    1766034000000,
    1766120400000,
    1766379600000,
    1766466000000,
    1766552400000,
    1766725200000,
    1766984400000,
    1767070800000,
    1767157200000,
    1767330000000,
    1767589200000,
    1767675600000,
    1767762000000,
    1767848400000
  ],
  "open": [
    417.1090087890625,
    412.9849853515625,
    413.20001220703125,
    414.07000732421875,
    419.0,
    428.1700134277344,
    427.56500244140625,
    428.25,
    435.3900146484375,
    441.57501220703125,
    444.79998779296875,
    445.0,
    468.92498779296875,
    499.0,
    496.0,
    493.1400146484375,
    482.3900146484375,
    476.8999938964844,
    472.1000061035156,
    486.4200134277344,
    486.4200134277344,
    487.75,
    501.2250061035156,
    499.8399963378906,
    495.510009765625,
    497.0,
    491.7699890136719,
    509.95001220703125,
    509.0,
    501.1499938964844,
    500.0950012207031,
    494.0,
    489.7300109863281,
    478.0150146484375,
    486.5299987792969,
    501.239990234375,
    502.67999267578125,
    499.9800109863281,
    528.7999877929688,
    532.5399780273438,
    536.8099975585938,
    541.0,
    543.1099853515625,
    542.4099731445312,
    549.3200073242188,
    539.7899780273438,
    531.8800048828125,
    526.6799926757812,
    526.6599731445312,
    547.8200073242188,
    555.219970703125,
    561.0999755859375,
    540.989990234375,
    522.469970703125,
    537.0,
    524.8200073242188,
    513.3699951171875,
    532.5599975585938,
    497.9100036621094,
    498.1600036621094,
    503.70001220703125,
    513.0,
    505.3699951171875,
    503.2149963378906,
    513.469970703125,
    497.989990234375,
    523.9099731445312,
    516.1400146484375,
    513.0,
    512.22998046875,
    516.0,
    516.6699829101562,
    516.4099731445312,
    509.010009765625,
    486.4840087890625,
    489.4100036621094,
    479.70001220703125,
    480.0,
    479.7799987792969,
    482.489990234375,
    476.8299865722656,
    477.0,
    478.2950134277344,
    476.0,
    475.9800109863281,
    474.0,
    458.6300048828125,
    457.7749938964844,
    462.9700012207031,
    478.20001220703125
  ],
  "high": [
    418.0199890136719,
    414.4800109863281,
    415.489990234375,
    418.11199951171875,
    428.8450012207031,
    431.0069885253906,
    433.8070068359375,
    438.260009765625,
    443.0,
    448.8699951171875,
    448.32000732421875,
    454.0,
    504.2200012207031,
    507.1960144042969,
    500.29998779296875,
    495.05999755859375,
    486.9599914550781,
    481.54998779296875,
    483.70001220703125,
    490.5,
    490.8810119628906,
    500.8370056152344,
    502.2699890136719,
    501.8699951171875,
    503.5,
    497.8559875488281,
    510.0,
    511.4599914550781,
    517.4099731445312,
    511.17999267578125,
    500.5400085449219,
    495.5,
    498.30999755859375,
    486.0,
    504.44500732421875,
    507.6000061035156,
    505.3599853515625,
    522.4299926757812,
    535.52001953125,
    534.3400268554688,
    553.6400146484375,
    549.0,
    549.97998046875,
    549.5,
    555.8099975585938,
    549.47998046875,
    535.1900024414062,
    540.0,
    542.260009765625,
    558.97998046875,
    558.5,
    566.9000244140625,
    543.8499755859375,
    544.0399780273438,
    540.6699829101562,
    531.3300170898438,
    525.97998046875,
    539.3200073242188,
    501.0,
    509.19000244140625,
    513.7100219726562,
    515.0,
    510.69000244140625,
    506.739990234375,
    521.0,
    525.0,
    525.27001953125,
    526.8900146484375,
    520.2999877929688,
    529.89599609375,
    521.6099853515625,
    528.1900024414062,
    517.4359741210938,
    509.010009765625,
    491.44000244140625,
    490.44000244140625,
    482.0400085449219,
    489.2049865722656,
    485.8699951171875,
    483.5899963378906,
    478.0,
    482.1549987792969,
    483.2900085449219,
    478.1199951171875,
    476.05999755859375,
    474.0,
    466.489990234375,
    460.4599914550781,
    486.54998779296875,
    479.989990234375
  ],
  "low": [
    407.69500732421875,
    404.2799987792969,
    402.6600036621094,
    407.05999755859375,
    416.4200134277344,
    420.6300048828125,
    422.1700134277344,
    427.1000061035156,
    435.0,
    436.75,
    434.79998779296875,
    434.3399963378906,
    462.1199951171875,
    495.80999755859375,
    486.3299865722656,
    481.1000061035156,
    474.4800109863281,
    469.0,
    470.2900085449219,
    482.6499938964844,
    479.2539978027344,
    485.3599853515625,
    492.3450012207031,
    486.29998779296875,
    494.3800048828125,
    476.5199890136719,
    490.3299865722656,
    501.8999938964844,
    493.2869873046875,
    497.5,
    487.5899963378906,
    484.7799987792969,
    475.38800048828125,
    475.4200134277344,
    486.45001220703125,
    498.3500061035156,
    491.6700134277344,
    499.9800109863281,
    521.8699951171875,
    525.239990234375,
    535.97998046875,
    533.2999877929688,
    534.10498046875,
    537.2999877929688,
    545.0999755859375,
    531.0999755859375,
    526.0,
    517.0999755859375,
    519.0999755859375,
    544.25,
    551.2100219726562,
    545.0,
    526.1400146484375,
    509.04998779296875,
    526.5800170898438,
    513.0,
    509.2909851074219,
    500.1300048828125,
    477.54998779296875,
    494.0299987792969,
    493.010009765625,
    497.0,
    501.94000244140625,
    495.010009765625,
    507.0,
    486.29998779296875,
    510.260009765625,
    508.32000732421875,
    508.8999938964844,
    511.7300109863281,
    504.5400085449219,
    512.510009765625,
    498.760009765625,
    487.42999267578125,
    482.0,
    469.8349914550781,
    473.9100036621094,
    478.6300048828125,
    474.8500061035156,
    473.5,
    470.67401123046875,
    475.1499938964844,
    474.6340026855469,
    472.23699951171875,
    468.3999938964844,
    449.4549865722656,
    455.0050048828125,
    451.2900085449219,
    462.28399658203125,
    460.6300048828125
  ],