{
  "timestamps": [
    1756785600000,
    1756872000000,
    1756958400000,
    1757044800000,
    1757304000000,
    1757390400000,
    1757476800000,
    1757563200000,
    1757649600000,
    1757908800000,
    1757995200000,
    1758081600000,
    1758168000000,
    1758254400000,
    1758513600000,
    1758600000000,
    1758686400000,
    1758772800000,
    1758859200000,
    1759118400000,
    1759204800000,
    1759291200000,
    1759377600000,
    1759464000000,
    1759723200000,
    1759809600000,
    1759896000000,
    1759982400000,
    1760068800000,
    1760328000000,
    1760414400000,
    1760500800000,
    1760587200000,
    1760673600000,
    1760932800000,
    1761019200000,
    1761105600000,
    1761192000000,
    1761278400000,
    1761537600000,
    1761624000000,
    1761710400000,
    1761796800000,
    1761883200000,
    1762146000000,
    1762232400000,
    1762318800000,
    1762405200000,
    1762491600000,
    1762750800000,
    1762837200000,
    1762923600000,
    1763010000000,
    1763096400000,
    1763355600000,
    1763442000000,
    1763528400000,
    1763614800000,
    1763701200000,
    1763960400000,
    1764046800000,
    1764133200000,
    1764306000000,
    1764565200000,
    1764651600000,
    1764738000000,
    1764824400000,
    1764910800000,
    1765170000000,
    1765256400000,
    1765342800000,
    1765429200000,
    1765515600000,
    1765774800000,
    1765861200000,
    1765947600000,
    1766034000000,
    1766120400000,
    1766379600000,
    1766466000000,
    1766552400000,
    1766725200000,
    1766984400000,
    1767070800000,
    1767157200000,
    1767330000000,
    1767589200000,
    1767675600000,
    1767762000000,
    1767848400000
  ],
  "open": [
    96.62999725341797,
    93.74500274658203,
    88.4800033569336,
    90.0199966430664,
    88.91999816894531,
    99.88500213623047,
    110.0250015258789,
    117.9000015258789,
    113.92500305175781,
    120.8499984741211,
    121.47000122070312,
    119.4800033569336,
    122.375,
    122.05000305175781,
    124.69000244140625,
    135.7100067138672,
    132.82000732421875,
    130.0749969482422,
    127.91500091552734,
    120.70999908447266,
    136.2100067138672,
    135.92999267578125,
    140.5,
    139.0,
    137.35000610351562,
    136.15499877929688,
    131.97999572753906,
    139.77000427246094,
    146.05999755859375,
    141.85499572753906,
    138.1699981689453,
    139.52999877929688,
    141.44000244140625,
    137.36500549316406,
    137.89999389648438,
    123.90499877929688,
    123.45500183105469,
    120.08999633789062,
    127.0999984741211,
    135.57000732421875,
    136.80999755859375,
    137.75,
    135.4499969482422,
    133.875,
    133.8350067138672,
    119.95999908447266,
    118.41999816894531,
    115.94000244140625,
    103.12000274658203,
    110.30000305175781,
    96.0999984741211,
    91.7699966430664,
    84.38500213623047,
    75.84500122070312,
    75.51000213623047,
    74.44499969482422,
    75.0,
    82.62000274658203,
    70.77999877929688,
    72.94999694824219,
    70.83499908447266,
    74.76000213623047,
    75.625,
    71.25,
    77.5,
    75.54000091552734,
    79.18499755859375,
    87.30000305175781,
    83.6500015258789,
    84.5199966430664,
    88.43499755859375,
    83.01000213623047,
    86.19000244140625,
    79.33000183105469,
    70.69999694824219,
    69.55000305175781,
    67.44499969482422,
    70.86000061035156,
    84.98999786376953,
    82.27999877929688,
    80.06999969482422,
    79.0,
    73.54000091552734,
    74.75499725341797,
    73.48999786376953,
    73.93000030517578,
    82.9000015258789,
    78.6500015258789,
    77.13999938964844,
    77.57499694824219
  ],
  "high": [
    97.12999725341797,
    93.79000091552734,
    89.72000122070312,
    90.44000244140625,
    96.16999816894531,
    103.88999938964844,
    124.9000015258789,
    118.64299774169922,
    115.30999755859375,
    121.87999725341797,
    125.76000213623047,
    121.83999633789062,
    122.87999725341797,
    129.38999938964844,
    136.47999572753906,
    136.0,
    133.8000030517578,
    138.9499969482422,
    129.3800048828125,
    126.5,
    142.6699981689453,
    137.61000061035156,
    140.64999389648438,
    140.5500030517578,
    144.32899475097656,
    138.50999450683594,
    140.8000030517578,
    143.69000244140625,
    153.1999969482422,
    144.0,
    139.39999389648438,
    141.47999572753906,
    150.39999389648438,
    137.60000610351562,
    138.30499267578125,
    126.25,
    124.56999969482422,
    124.9000015258789,
    133.05499267578125,
    136.92999267578125,
    141.7899932861328,
    140.3300018310547,
    137.17999267578125,
    138.36000061035156,
    133.8350067138672,
    123.23999786376953,
    118.48999786376953,
    116.44000244140625,
    105.3499984741211,
    110.30000305175781,
    98.0,
    92.5,
    85.0,
    80.19999694824219,
    78.4800033569336,
    77.87999725341797,
    77.37000274658203,
    83.48999786376953,
    72.8499984741211,
    74.20999908447266,
    72.23999786376953,
    76.5999984741211,
    75.62999725341797,
    77.38999938964844,
    82.83999633789062,
    79.62999725341797,
    88.375,
    88.76000213623047,
    87.0,
    91.22000122070312,
    89.79000091552734,
    88.52999877929688,
    87.69999694824219,
    79.73999786376953,
    71.5,
    69.98999786376953,
    68.94000244140625,
    84.29000091552734,
    87.30999755859375,
    83.70999908447266,
    80.94000244140625,
    79.29000091552734,
    77.75,
    75.86199951171875,
    73.67500305175781,
    81.16999816894531,
    84.54000091552734,
    78.83999633789062,
    79.94000244140625,
    79.93000030517578
  ],
  "low": [
    90.69999694824219,
    88.76000213623047,
    85.20999908447266,
    84.4000015258789,
    88.64299774169922,
    97.05000305175781,
    109.01000213623047,
    112.12999725341797,
    104.06999969482422,
    116.11000061035156,
    115.12000274658203,
    114.56999969482422,
    118.19999694824219,
    122.0,
    119.5,
    127.04000091552734,
    124.05999755859375,
    125.80000305175781,
    119.5,
    120.5,
    133.22000122070312,
    132.27000427246094,
    134.52499389648438,
    130.8000030517578,
    133.77999877929688,
    126.36000061035156,
    131.22999572753906,
    136.49000549316406,
    137.0399932861328,
    136.00999450683594,
    130.3000030517578,
    134.4199981689453,
    137.80999755859375,
    129.0399932861328,
    126.70999908447266,
    119.30999755859375,
    114.16999816894531,
    118.26000213623047,
    125.98999786376953,
    132.60000610351562,
    134.5500030517578,
    134.1199951171875,
    130.41000366210938,
    132.3000030517578,
    125.87999725341797,
    115.13999938964844,
    112.16999816894531,
    104.0999984741211,
    100.0199966430664,
    102.77999877929688,
    88.0,
    85.31999969482422,
    77.25,
    73.47000122070312,
    72.55000305175781,
    70.47100067138672,
    72.87999725341797,
    68.94999694824219,
    65.22000122070312,
    70.83999633789062,
    66.0,
    72.8499984741211,
    72.125,
    69.31999969482422,
    75.94999694824219,
    73.37899780273438,
    77.86000061035156,
    84.62000274658203,
    80.1449966430664,
    83.7699966430664,
    85.3499984741211,
    81.0999984741211,
    77.66000366210938,
    72.0199966430664,
    67.75,
    63.79999923706055,
    65.86599731445312,
    70.7300033569336,
    84.18000030517578,
    78.69999694824219,
    78.55000305175781,
    75.7300033569336,
    73.4000015258789,
    73.6500015258789,
    70.43000030517578,
    73.16000366210938,
    76.7699966430664,
    73.75,
    75.75,
    75.91000366210938
  ],