{
  "timestamps": [
    1756785600000,
    1756872000000,
    1756958400000,
    1757044800000,
    1757304000000,
    1757390400000,
    1757476800000,
    1757563200000,
    1757649600000,
    1757908800000,
    1757995200000,
    1758081600000,
    1758168000000,
    1758254400000,
    1758513600000,
    1758600000000,
    1758686400000,
    1758772800000,
    1758859200000,
    1759118400000,
    1759204800000,
    1759291200000,
    1759377600000,
    1759464000000,
    1759723200000,
    1759809600000,
    1759896000000,
    1759982400000,
    1760068800000,
    1760328000000,
    1760414400000,
    1760500800000,
    1760587200000,
    1760673600000,
    1760932800000,
    1761019200000,
    1761105600000,
    1761192000000,
    1761278400000,
    1761537600000,
    1761624000000,
    1761710400000,
    1761796800000,
    1761883200000,
    1762146000000,
    1762232400000,
    1762318800000,
    1762405200000,
    1762491600000,
    1762750800000,
    1762837200000,
    1762923600000,
    1763010000000,
    1763096400000,
    1763355600000,
    1763442000000,
    1763528400000,
    1763614800000,
    1763701200000,
    1763960400000,
    1764046800000,
    1764133200000,
    1764306000000,
    1764565200000,
    1764651600000,
    1764738000000,
    1764824400000,
    1764910800000,
    1765170000000,
    1765256400000,
    1765342800000,
    1765429200000,
    1765515600000,
    1765774800000,
    1765861200000,
    1765947600000,
    1766034000000,
    1766120400000,
    1766379600000,
    1766466000000,
    1766552400000,
    1766725200000,
    1766984400000,
    1767070800000,
    1767157200000,
    1767330000000,
    1767589200000,
    1767675600000,
    1767762000000,
    1767848400000
  ],
  "open": [
    134.47999572753906,
    134.3000030517578,
    131.97000122070312,
    132.74000549316406,
    136.2899932861328,
    136.50999450683594,
    141.33999633789062,
    139.8300018310547,
    138.90499877929688,
    136.8000030517578,
    135.85000610351562,
    134.75999450683594,
    135.22999572753906,
    136.32000732421875,
    137.3800048828125,
    138.69000244140625,
    138.14999389648438,
    135.19000244140625,
    136.41000366210938,
    140.1699981689453,
    144.42999267578125,
    144.27999877929688,
    153.52999877929688,
    152.13999938964844,
    153.11000061035156,
    156.0,
    157.24000549316406,
    163.10000610351562,
    164.64999389648438,
    163.10000610351562,
    160.6300048828125,
    161.8800048828125,
    160.58999633789062,
    152.39999389648438,
    155.14999389648438,
    156.3000030517578,
    157.5500030517578,
    154.24000549316406,
    158.99000549316406,
    158.27499389648438,
    159.02000427246094,
    156.75999450683594,
    155.0,
    161.0,
    163.0,
    158.30999755859375,
    158.14999389648438,
    178.88999938964844,
    184.2899932861328,
    192.91000366210938,
    198.64999389648438,
    199.10000610351562,
    190.0,
    181.17999267578125,
    184.17999267578125,
    177.44000244140625,
    177.27000427246094,
    174.41000366210938,
    157.86199951171875,
    158.13999938964844,
    157.82000732421875,
    159.92999267578125,
    160.27999877929688,
    159.08999633789062,
    161.67999267578125,
    156.13999938964844,
    155.17999267578125,
    153.0,
    152.8350067138672,
    153.2100067138672,
    152.1999969482422,
    150.11000061035156,
    150.0,
    146.39500427246094,
    140.72000122070312,
    140.38999938964844,
    140.4499969482422,
    138.83999633789062,
    142.17999267578125,
    141.74000549316406,
    139.64999389648438,
    138.0,
    137.52999877929688,
    137.25999450683594,
    136.9499969482422,
    137.25,
    132.9199981689453,
    133.92999267578125,
    137.02000427246094,
    139.99000549316406
  ],
  "high": [
    135.60000610351562,
    134.45199584960938,
    132.32000732421875,
    136.25,
    136.9149932861328,
    140.67999267578125,
    145.15499877929688,
    141.0399932861328,
    139.80999755859375,
    139.84800720214844,
    136.14999389648438,
    136.5399932861328,
    137.27000427246094,
    139.0800018310547,
    139.41000366210938,
    139.82000732421875,
    139.30999755859375,
    136.97000122070312,
    140.1999969482422,
    145.8699951171875,
    144.4949951171875,
    154.3699951171875,
    154.77000427246094,
    155.23500061035156,
    159.67999267578125,
    156.5800018310547,
    165.14999389648438,
    165.6300048828125,
    166.88999938964844,
    165.0,
    162.13999938964844,
    162.0,
    164.5399932861328,
    156.24000549316406,
    158.0800018310547,
    159.0449981689453,
    157.5500030517578,
    156.8300018310547,
    160.1999969482422,
    159.30999755859375,
    160.1199951171875,
    157.11000061035156,
    159.88999938964844,
    163.58999633789062,
    165.5800018310547,
    162.875,
    159.0500030517578,
    194.8699951171875,
    191.32000732421875,
    201.4600067138672,
    201.69000244140625,
    199.75,
    190.58999633789062,
    187.61000061035156,
    184.78900146484375,
    180.2100067138672,
    179.5,
    175.4600067138672,
    159.8350067138672,
    160.1699981689453,
    160.58999633789062,
    161.72000122070312,
    161.60000610351562,
    160.35000610351562,
    163.42999267578125,
    156.38999938964844,
    155.72000122070312,
    153.0500030517578,
    156.10000610351562,
    153.69900512695312,
    153.22500610351562,
    151.10499572753906,
    150.17599487304688,
    147.43800354003906,
    142.5500030517578,
    140.85000610351562,
    141.57000732421875,
    141.25,
    143.41000366210938,
    142.47999572753906,
    139.64999389648438,
    138.4499969482422,
    138.5500030517578,
    138.8300018310547,
    137.52999877929688,
    137.35000610351562,
    135.6649932861328,
    137.25,
    145.8990020751953,
    140.52000427246094
  ],
  "low": [
    132.0,
    131.1199951171875,
    129.05999755859375,
    132.39500427246094,
    134.64999389648438,
    136.47999572753906,
    138.69000244140625,
    138.55299377441406,
    136.24000549316406,
    136.10000610351562,
    132.69000244140625,
    132.27999877929688,
    134.52999877929688,
    135.86000061035156,
    134.9600067138672,
    136.7100067138672,
    135.25999450683594,
    133.13999938964844,
    135.4029998779297,
    139.10000610351562,
    139.6300048828125,
    143.8300018310547,
    150.53500366210938,
    151.50999450683594,
    153.00999450683594,
    152.5,
    154.9949951171875,
    162.14999389648438,
    158.14999389648438,
    159.92999267578125,
    158.3000030517578,
    157.50999450683594,
    149.02000427246094,
    151.6999969482422,
    154.18499755859375,
    155.57000732421875,
    152.57000732421875,
    153.1300048828125,
    156.38999938964844,
    156.52999877929688,
    156.63999938964844,
    154.00999450683594,
    153.0,
    159.33999633789062,
    160.3000030517578,
    156.0,
    154.69000244140625,
    177.57000732421875,
    180.77000427246094,
    191.6699981689453,
    196.11399841308594,
    188.52000427246094,
    185.32000732421875,
    179.0,
    178.94500732421875,
    175.0,
    174.82000732421875,
    158.85000610351562,
    151.9550018310547,
    155.8800048828125,
    155.88499450683594,
    157.05999755859375,
    159.25,
    157.1300048828125,
    155.8800048828125,
    153.19000244140625,
    151.66000366210938,
    150.0749969482422,
    152.52000427246094,
    151.3800048828125,
    150.63999938964844,
    148.6219940185547,
    144.97000122070312,
    141.75999450683594,
    138.8300018310547,
    136.3699951171875,
    137.41000366210938,
    137.7100067138672,
    140.6269989013672,
    138.3300018310547,
    135.11000061035156,
    137.4530029296875,
    137.02999877929688,
    137.2100067138672,
    135.9199981689453,
    132.27000427246094,
    132.3699951171875,
    131.5800018310547,
    137.02000427246094,
    130.5500030517578
  ],