{
  "timestamps": [
    1756785600000,
    1756872000000,
    1756958400000,
    1757044800000,
    1757304000000,
    1757390400000,
    1757476800000,
    1757563200000,
    1757649600000,
    1757908800000,
    1757995200000,
    1758081600000,
    1758168000000,
    1758254400000,
    1758513600000,
    1758600000000,
    1758686400000,
    1758772800000,
    1758859200000,
    1759118400000,
    1759204800000,
    1759291200000,
    1759377600000,
    1759464000000,
    1759723200000,
    1759809600000,
    1759896000000,
    1759982400000,
    1760068800000,
    1760328000000,
    1760414400000,
    1760500800000,
    1760587200000,
    1760673600000,
    1760932800000,
    1761019200000,
    1761105600000,
    1761192000000,
    1761278400000,
    1761537600000,
    1761624000000,
    1761710400000,
    1761796800000,
    1761883200000,
    1762146000000,
    1762232400000,
    1762318800000,
    1762405200000,
    1762491600000,
    1762750800000,
    1762837200000,
    1762923600000,
    1763010000000,
    1763096400000,
    1763355600000,
    1763442000000,
    1763528400000,
    1763614800000,
    1763701200000,
    1763960400000,
    1764046800000,
    1764133200000,
    1764306000000,
    1764565200000,
    1764651600000,
    1764738000000,
    1764824400000,
    1764910800000,
    1765170000000,
    1765256400000,
    1765342800000,
    1765429200000,
    1765515600000,
    1765774800000,
    1765861200000,
    1765947600000,
    1766034000000,
    1766120400000,
    1766379600000,
    1766466000000,
    1766552400000,
    1766725200000,
    1766984400000,
    1767070800000,
    1767157200000,
    1767330000000,
    1767589200000,
    1767675600000,
    1767762000000,
    1767848400000
  ],
  "open": [
    291.2449951171875,
    286.44000244140625,
    275.1300048828125,
    273.25,
    265.8299865722656,
    272.1600036621094,
    274.1000061035156,
    296.2200012207031,
    314.25,
    308.0,
    289.5,
    267.7900085449219,
    283.75,
    290.29998779296875,
    289.45001220703125,
    305.4599914550781,
    302.05999755859375,
    295.5799865722656,
    311.8399963378906,
    320.0799865722656,
    331.20001220703125,
    320.57000732421875,
    304.010009765625,
    315.54998779296875,
    322.6300048828125,
    321.2200012207031,
    321.54998779296875,
    348.0,
    340.45001220703125,
    330.1600036621094,
    323.82000732421875,
    334.0299987792969,
    340.5899963378906,
    326.010009765625,
    326.0199890136719,
    312.4800109863281,
    318.95001220703125,
    303.760009765625,
    318.0,
    317.3500061035156,
    307.1000061035156,
    290.0,
    272.5899963378906,
    267.05499267578125,
    278.82000732421875,
    261.0,
    262.7799987792969,
    194.24000549316406,
    191.0,
    202.7899932861328,
    192.0,
    194.88999938964844,
    185.89999389648438,
    184.33999633789062,
    181.67999267578125,
    178.22999572753906,
    175.85000610351562,
    176.10000610351562,
    167.7550048828125,
    175.0,
    171.16000366210938,
    178.25999450683594,
    192.35000610351562,
    189.52999877929688,
    186.2050018310547,
    183.35000610351562,
    186.5500030517578,
    188.60000610351562,
    198.8699951171875,
    205.36000061035156,
    210.17999267578125,
    197.77000427246094,
    200.9600067138672,
    197.75,
    185.5500030517578,
    186.61000061035156,
    186.38499450683594,
    186.51600646972656,
    185.67999267578125,
    184.24000549316406,
    179.64999389648438,
    180.5,
    180.82000732421875,
    180.0,
    176.7899932861328,
    176.72999572753906,
    185.76499938964844,
    189.0,
    178.9600067138672,
    172.0
  ],
  "high": [
    298.4159851074219,
    292.0,
    278.2799987792969,
    273.29998779296875,
    276.489990234375,
    287.5,
    286.8299865722656,
    315.4800109863281,
    319.67999267578125,
    309.989990234375,
    296.79998779296875,
    281.9389953613281,
    291.239990234375,
    291.47601318359375,
    310.9200134277344,
    305.4849853515625,
    304.23699951171875,
    315.2049865722656,
    327.7099914550781,
    336.2200012207031,
    332.0,
    322.04998779296875,
    313.29998779296875,
    330.3299865722656,
    330.0,
    323.57000732421875,
    350.0,
    353.0,
    347.6000061035156,
    331.63800048828125,
    336.0,
    343.99798583984375,
    343.25,
    334.2900085449219,
    328.5299987792969,
    325.92999267578125,
    320.3450012207031,
    317.6000061035156,
    322.0899963378906,
    318.8399963378906,
    309.239990234375,
    290.3399963378906,
    277.489990234375,
    270.864990234375,
    279.9800109863281,
    268.010009765625,
    268.9700012207031,
    195.99000549316406,
    202.08999633789062,
    203.77200317382812,
    196.39999389648438,
    195.22799682617188,
    188.8000030517578,
    192.8000030517578,
    181.92999267578125,
    181.85000610351562,
    177.97000122070312,
    177.6300048828125,
    176.33999633789062,
    175.0,
    177.5500030517578,
    191.97000122070312,
    194.1999969482422,
    192.1199951171875,
    187.4199981689453,
    186.36000061035156,
    189.3000030517578,
    201.7899932861328,
    210.30999755859375,
    213.3699951171875,
    210.5,
    204.22999572753906,
    208.8470001220703,
    197.75,
    189.17999267578125,
    193.63999938964844,
    187.9600067138672,
    188.3000030517578,
    191.81500244140625,
    184.51499938964844,
    181.67300415039062,
    182.1699981689453,
    182.2550048828125,
    181.5,
    178.25,
    179.4499969482422,
    192.9199981689453,
    191.80999755859375,
    181.0399932861328,
    174.50999450683594
  ],
  "low": [
    287.2090148925781,
    277.239990234375,
    267.3900146484375,
    263.67999267578125,
    264.81500244140625,
    256.6300048828125,
    272.0,
    291.0,
    300.5,
    284.67999267578125,
    271.0,
    264.8500061035156,
    281.6400146484375,
    285.4599914550781,
    288.5400085449219,
    293.5,
    293.8299865722656,
    294.45001220703125,
    309.7900085449219,
    314.67999267578125,
    312.0899963378906,
    293.0299987792969,
    299.0,
    315.3399963378906,
    315.4800109863281,
    314.0,
    320.6000061035156,
    332.2099914550781,
    323.10699462890625,
    323.0,
    320.6300048828125,
    333.3299865722656,
    320.2099914550781,
    322.0,
    304.2300109863281,
    311.3500061035156,
    301.7439880371094,
    303.760009765625,
    311.1199951171875,
    305.1600036621094,
    293.510009765625,
    272.2099914550781,
    262.29998779296875,
    259.7099914550781,
    260.3999938964844,
    257.2900085449219,
    260.0,
    182.0,
    189.5,
    190.10000610351562,
    186.0,
    186.42999267578125,
    182.58999633789062,
    183.5800018310547,
    175.5,
    172.8800048828125,
    168.83999633789062,
    166.27000427246094,
    166.32000732421875,
    167.8800048828125,
    167.47000122070312,
    177.82000732421875,
    187.33299255371094,
    185.00999450683594,
    182.52999877929688,
    181.1999969482422,
    183.8800048828125,
    187.89999389648438,
    197.0800018310547,
    202.08999633789062,
    194.91000366210938,
    197.61000061035156,
    192.13699340820312,
    185.5800018310547,
    183.57000732421875,
    183.72000122070312,
    179.0800018310547,
    182.14700317382812,
    183.36000061035156,
    177.6199951171875,
    177.22000122070312,
    179.1199951171875,
    178.5,
    176.8800048828125,
    174.80999755859375,
    174.00900268554688,
    183.0,
    178.5500030517578,
    171.8000030517578,
    169.6300048828125
  ],