{
  "timestamps": [
    1756785600000,
    1756872000000,
    1756958400000,
    1757044800000,
    1757304000000,
    1757390400000,
    1757476800000,
    1757563200000,
    1757649600000,
    1757908800000,
    1757995200000,
    1758081600000,
    1758168000000,
    1758254400000,
    1758513600000,
    1758600000000,
    1758686400000,
    1758772800000,
    1758859200000,
    1759118400000,
    1759204800000,
    1759291200000,
    1759377600000,
    1759464000000,
    1759723200000,
    1759809600000,
    1759896000000,
    1759982400000,
    1760068800000,
    1760328000000,
    1760414400000,
    1760500800000,
    1760587200000,
    1760673600000,
    1760932800000,
    1761019200000,
    1761105600000,
    1761192000000,
    1761278400000,
    1761537600000,
    1761624000000,
    1761710400000,
    1761796800000,
    1761883200000,
    1762146000000,
    1762232400000,
    1762318800000,
    1762405200000,
    1762491600000,
    1762750800000,
    1762837200000,
    1762923600000,
    1763010000000,
    1763096400000,
    1763355600000,
    1763442000000,
    1763528400000,
    1763614800000,
    1763701200000,
    1763960400000,
    1764046800000,
    1764133200000,
    1764306000000,
    1764565200000,
    1764651600000,
    1764738000000,
    1764824400000,
    1764910800000,
    1765170000000,
    1765256400000,
    1765342800000,
    1765429200000,
    1765515600000,
    1765774800000,
    1765861200000,
    1765947600000,
    1766034000000,
    1766120400000,
    1766379600000,
    1766466000000,
    1766552400000,
    1766725200000,
    1766984400000,
    1767070800000,
    1767157200000,
    1767330000000,
    1767589200000,
    1767675600000,
    1767762000000,
    1767848400000
  ],
  "open": [
    6.710000038146973,
    7.670000076293945,
    7.619999885559082,
    7.539999961853027,
    7.199999809265137,
    6.925000190734863,
    7.050000190734863,
    6.809999942779541,
    7.239999771118164,
    8.4399995803833,
    8.324999809265137,
    8.270000457763672,
    8.774999618530273,
    9.225000381469727,
    10.460000038146973,
    10.300000190734863,
    10.270000457763672,
    10.119999885559082,
    10.5,
    10.432999610900879,
    11.0,
    11.369999885559082,
    12.954999923706055,
    12.470000267028809,
    14.4350004196167,
    14.199999809265137,
    13.550000190734863,
    15.050000190734863,
    14.6899995803833,
    15.104000091552734,
    16.610000610351562,
    18.280000686645508,
    18.100000381469727,
    15.140000343322754,
    16.198999404907227,
    17.024999618530273,
    15.600000381469727,
    15.194999694824219,
    15.050000190734863,
    16.239999771118164,
    15.199999809265137,
    14.829999923706055,
    13.255000114440918,
    14.649999618530273,
    16.09000015258789,
    14.739999771118164,
    14.399999618530273,
    15.800000190734863,
    14.729999542236328,
    18.274999618530273,
    18.979999542236328,
    19.05500030517578,
    17.09000015258789,
    14.229999542236328,
    13.510000228881836,
    12.663999557495117,
    12.524999618530273,
    13.34000015258789,
    12.979999542236328,
    12.664999961853027,
    13.180000305175781,
    13.5,
    14.460000038146973,
    14.5600004196167,
    13.640000343322754,
    12.770000457763672,
    13.40999984741211,
    15.430000305175781,
    15.119999885559082,
    15.329999923706055,
    14.975000381469727,
    14.5600004196167,
    16.31999969482422,
    15.09000015258789,
    13.4399995803833,
    13.449999809265137,
    12.699999809265137,
    12.449999809265137,
    13.4350004196167,
    12.520000457763672,
    12.074999809265137,
    12.079999923706055,
    11.510000228881836,
    11.34000015258789,
    11.329999923706055,
    11.6899995803833,
    13.284000396728516,
    13.510000228881836,
    14.329999923706055,
    13.90999984741211
  ],
  "high": [
    7.599999904632568,
    8.085000038146973,
    7.670000076293945,
    7.619999885559082,
    7.46999979019165,
    7.045000076293945,
    7.369999885559082,
    7.28000020980835,
    8.239999771118164,
    8.545000076293945,
    8.404999732971191,
    8.739999771118164,
    9.25,
    10.154999732971191,
    10.479999542236328,
    10.604999542236328,
    11.354999542236328,
    10.704999923706055,
    10.607999801635742,
    11.449999809265137,
    11.569000244140625,
    12.399999618530273,
    13.126999855041504,
    13.505000114440918,
    15.1899995803833,
    14.5600004196167,
    15.34000015258789,
    15.09000015258789,
    14.6899995803833,
    17.360000610351562,
    17.809999465942383,
    19.045000076293945,
    18.209999084472656,
    15.489999771118164,
    16.198999404907227,
    17.329999923706055,
    16.34000015258789,
    15.899999618530273,
    16.360000610351562,
    16.950000762939453,
    16.040000915527344,
    15.460000038146973,
    14.770000457763672,
    16.290000915527344,
    16.600000381469727,
    15.010000228881836,
    15.380000114440918,
    16.110000610351562,
    18.340999603271484,
    19.860000610351562,
    19.280000686645508,
    19.649999618530273,
    17.360000610351562,
    15.300000190734863,
    14.0,
    14.0649995803833,
    13.649999618530273,
    14.239999771118164,
    13.239999771118164,
    13.53499984741211,
    13.449999809265137,
    14.359999656677246,
    15.274999618530273,
    14.74899959564209,
    13.829999923706055,
    13.59000015258789,
    16.045000076293945,
    15.520000457763672,
    15.449999809265137,
    15.770000457763672,
    15.279999732971191,
    16.489999771118164,
    16.360000610351562,
    15.100000381469727,
    13.739999771118164,
    13.630000114440918,
    13.15999984741211,
    13.289999961853027,
    13.491999626159668,
    12.710000038146973,
    12.09000015258789,
    12.079999923706055,
    11.895999908447266,
    11.609999656677246,
    11.5,
    13.119999885559082,
    13.760000228881836,
    14.225000381469727,
    15.039999961853027,
    14.729999542236328
  ],