{
  "timestamps": [
    1756785600000,
    1756872000000,
    1756958400000,
    1757044800000,
    1757304000000,
    1757390400000,
    1757476800000,
    1757563200000,
    1757649600000,
    1757908800000,
    1757995200000,
    1758081600000,
    1758168000000,
    1758254400000,
    1758513600000,
    1758600000000,
    1758686400000,
    1758772800000,
    1758859200000,
    1759118400000,
    1759204800000,
    1759291200000,
    1759377600000,
    1759464000000,
    1759723200000,
    1759809600000,
    1759896000000,
    1759982400000,
    1760068800000,
    1760328000000,
    1760414400000,
    1760500800000,
    1760587200000,
    1760673600000,
    1760932800000,
    1761019200000,
    1761105600000,
    1761192000000,
    1761278400000,
    1761537600000,
    1761624000000,
    1761710400000,
    1761796800000,
    1761883200000,
    1762146000000,
    1762232400000,
    1762318800000,
    1762405200000,
    1762491600000,
    1762750800000,
    1762837200000,
    1762923600000,
    1763010000000,
    1763096400000,
    1763355600000,
    1763442000000,
    1763528400000,
    1763614800000,
    1763701200000,
    1763960400000,
    1764046800000,
    1764133200000,
    1764306000000,
    1764565200000,
    1764651600000,
    1764738000000,
    1764824400000,
    1764910800000,
    1765170000000,
    1765256400000,
    1765342800000,
    1765429200000,
    1765515600000,
    1765774800000,
    1765861200000,
    1765947600000,
    1766034000000,
    1766120400000,
    1766379600000,
    1766466000000,
    1766552400000,
    1766725200000,
    1766984400000,
    1767070800000,
    1767157200000,
    1767330000000,
    1767589200000,
    1767675600000,
    1767762000000,
    1767848400000
  ],
  "open": [
    343.1300048828125,
    345.7799987792969,
    344.2200012207031,
    350.4700012207031,
    350.0,
    349.94000244140625,
    359.5899963378906,
    363.67999267578125,
    359.92999267578125,
    370.0199890136719,
    378.0,
    370.5899963378906,
    366.9800109863281,
    373.6000061035156,
    374.0799865722656,
    381.760009765625,
    369.82000732421875,
    366.8599853515625,
    365.010009765625,
    370.010009765625,
    366.45001220703125,
    369.6600036621094,
    376.07000732421875,
    377.79998779296875,
    380.0,
    382.0,
    372.6300048828125,
    381.5799865722656,
    379.3599853515625,
    374.7300109863281,
    368.7300109863281,
    379.739990234375,
    385.8900146484375,
    373.3999938964844,
    375.6199951171875,
    377.6400146484375,
    378.0899963378906,
    361.3599853515625,
    379.1400146484375,
    381.0,
    379.8599853515625,
    376.8800048828125,
    384.489990234375,
    386.0199890136719,
    385.1099853515625,
    360.6300048828125,
    377.6099853515625,
    384.07000732421875,
    371.04998779296875,
    380.9200134277344,
    377.2300109863281,
    368.010009765625,
    367.0899963378906,
    350.0,
    351.9599914550781,
    340.3299865722656,
    339.9700012207031,
    356.3800048828125,
    329.0400085449219,
    334.7300109863281,
    329.989990234375,
    338.54998779296875,
    344.3999938964844,
    342.6499938964844,
    343.5,
    330.5,
    335.4800109863281,
    338.8900146484375,
    337.45001220703125,
    344.0899963378906,
    343.8699951171875,
    350.510009765625,
    349.1700134277344,
    334.5,
    333.2200012207031,
    329.25,
    322.0400085449219,
    315.67999267578125,
    322.6099853515625,
    319.6600036621094,
    323.4200134277344,
    323.2799987792969,
    322.3399963378906,
    321.4800109863281,
    322.0,
    323.2099914550781,
    324.4100036621094,
    322.3299865722656,
    333.0,
    320.1099853515625
  ],
  "high": [
    344.6000061035156,
    346.07000732421875,
    348.2699890136719,
    351.2799987792969,
    352.5799865722656,
    350.2699890136719,
    365.42999267578125,
    365.30999755859375,
    367.67999267578125,
    378.1600036621094,
    378.9800109863281,
    371.4599914550781,
    374.05999755859375,
    375.3599853515625,
    382.9200134277344,
    382.0,
    373.6199951171875,
    368.1600036621094,
    366.510009765625,
    370.9800109863281,
    374.989990234375,
    378.0299987792969,
    381.5799865722656,
    378.0400085449219,
    385.6700134277344,
    384.8599853515625,
    378.94000244140625,
    381.8699951171875,
    387.6199951171875,
    379.19000244140625,
    379.1499938964844,
    385.9599914550781,
    386.6700134277344,
    379.010009765625,
    379.0199890136719,
    378.4599914550781,
    379.5799865722656,
    373.82000732421875,
    381.30999755859375,
    381.0,
    381.05999755859375,
    390.0,
    390.1099853515625,
    393.5899963378906,
    387.3900146484375,
    382.6300048828125,
    394.1400146484375,
    386.6099853515625,
    376.07000732421875,
    382.55999755859375,
    380.0,
    372.0,
    368.4800109863281,
    361.0,
    353.489990234375,
    343.0,
    346.2200012207031,
    357.7799987792969,
    332.2200012207031,
    335.6400146484375,
    339.07000732421875,
    344.6000061035156,
    347.8900146484375,
    343.8900146484375,
    343.7799987792969,
    336.20001220703125,
    340.8999938964844,
    341.4200134277344,
    345.69000244140625,
    348.6400146484375,
    354.3699951171875,
    351.1400146484375,
    349.9800109863281,
    336.0400085449219,
    334.30999755859375,
    331.1199951171875,
    323.0799865722656,
    320.7099914550781,
    322.7699890136719,
    324.2099914550781,
    324.07000732421875,
    323.5299987792969,
    325.42999267578125,
    322.2799987792969,
    322.0,
    328.2099914550781,
    330.94000244140625,
    333.07000732421875,
    333.2699890136719,
    320.8599853515625
  ],
  "low": [
    339.8900146484375,
    339.6600036621094,
    341.6099853515625,
    342.2699890136719,
    347.7699890136719,
    343.6400146484375,
    357.0,
    359.3800048828125,
    358.7799987792969,
    369.19000244140625,
    369.6499938964844,
    359.2799987792969,
    364.45001220703125,
    369.9800109863281,
    371.9200134277344,
    366.05999755859375,
    368.2200012207031,
    360.3399963378906,
    360.2699890136719,
    367.0199890136719,
    366.45001220703125,
    369.0899963378906,
    370.79998779296875,
    371.6099853515625,
    377.55999755859375,
    367.489990234375,
    370.2200012207031,
    373.2900085449219,
    369.0799865722656,
    372.8299865722656,
    364.3599853515625,
    375.3999938964844,
    372.1499938964844,
    370.260009765625,
    374.6000061035156,
    371.44000244140625,
    353.55999755859375,
    361.3599853515625,
    376.1199951171875,
    376.5299987792969,
    373.42999267578125,
    376.2799987792969,
    379.260009765625,
    379.2200012207031,
    378.25,
    352.1000061035156,
    376.6600036621094,
    373.8500061035156,
    364.20001220703125,
    372.3999938964844,
    366.75,
    366.3699951171875,
    352.3699951171875,
    347.0,
    339.8399963378906,
    335.1000061035156,
    338.67999267578125,
    326.95001220703125,
    320.20001220703125,
    329.2699890136719,
    324.7099914550781,
    337.17999267578125,
    341.6400146484375,
    338.3999938964844,
    332.8800048828125,
    323.57000732421875,
    332.5,
    336.0,
    336.1300048828125,
    341.54998779296875,
    342.2099914550781,
    341.55999755859375,
    329.3999938964844,
    331.7200012207031,
    326.7099914550781,
    311.9200134277344,
    314.0,
    315.45001220703125,
    318.2699890136719,
    319.20001220703125,
    321.1499938964844,
    321.32000732421875,
    320.6700134277344,
    320.04998779296875,
    318.1300048828125,
    321.2200012207031,
    321.92999267578125,
    315.760009765625,
    320.57000732421875,
    315.7799987792969
  ],