{
  "timestamps": [
    1756785600000,
    1756872000000,
    1756958400000,
    1757044800000,
    1757304000000,
    1757390400000,
    1757476800000,
    1757563200000,
    1757649600000,
    1757908800000,
    1757995200000,
    1758081600000,
    1758168000000,
    1758254400000,
    1758513600000,
    1758600000000,
    1758686400000,
    1758772800000,
    1758859200000,
    1759118400000,
    1759204800000,
    1759291200000,
    1759377600000,
    1759464000000,
    1759723200000,
    1759809600000,
    1759896000000,
    1759982400000,
    1760068800000,
    1760328000000,
    1760414400000,
    1760500800000,
    1760587200000,
    1760673600000,
    1760932800000,
    1761019200000,
    1761105600000,
    1761192000000,
    1761278400000,
    1761537600000,
    1761624000000,
    1761710400000,
    1761796800000,
    1761883200000,
    1762146000000,
    1762232400000,
    1762318800000,
    1762405200000,
    1762491600000,
    1762750800000,
    1762837200000,
    1762923600000,
    1763010000000,
    1763096400000,
    1763355600000,
    1763442000000,
    1763528400000,
    1763614800000,
    1763701200000,
    1763960400000,
    1764046800000,
    1764133200000,
    1764306000000,
    1764565200000,
    1764651600000,
    1764738000000,
    1764824400000,
    1764910800000,
    1765170000000,
    1765256400000,
    1765342800000,
    1765429200000,
    1765515600000,
    1765774800000,
    1765861200000,
    1765947600000,
    1766034000000,
    1766120400000,
    1766379600000,
    1766466000000,
    1766552400000,
    1766725200000,
    1766984400000,
    1767070800000,
    1767157200000,
    1767330000000,
    1767589200000,
    1767675600000,
    1767762000000,
    1767848400000
  ],
  "open": [
    208.99000549316406,
    226.47999572753906,
    230.15499877929688,
    232.66000366210938,
    235.7899932861328,
    234.19000244140625,
    239.25,
    240.13999938964844,
    240.8000030517578,
    245.13999938964844,
    252.3300018310547,
    251.4600067138672,
    251.86000061035156,
    253.39999389648438,
    254.77999877929688,
    253.65499877929688,
    252.14999389648438,
    244.83999633789062,
    247.78500366210938,
    248.27499389648438,
    243.05999755859375,
    241.17999267578125,
    245.63999938964844,
    245.22999572753906,
    245.77999877929688,
    248.92999267578125,
    246.1999969482422,
    245.05999755859375,
    242.16000366210938,
    241.02999877929688,
    241.7550048828125,
    248.0850067138672,
    252.46499633789062,
    251.35000610351562,
    255.22999572753906,
    255.25,
    255.00999450683594,
    253.6999969482422,
    257.29998779296875,
    265.3599853515625,
    270.20001220703125,
    268.6099853515625,
    291.7200012207031,
    283.2049865722656,
    282.4200134277344,
    277.06500244140625,
    279.3800048828125,
    285.7349853515625,
    284.2099914550781,
    285.2650146484375,
    288.20001220703125,
    292.0849914550781,
    282.9849853515625,
    271.8949890136719,
    286.3999938964844,
    288.4849853515625,
    287.68499755859375,
    304.739990234375,
    296.8699951171875,
    311.010009765625,
    326.79998779296875,
    320.7799987792969,
    323.42999267578125,
    317.4750061035156,
    316.8999938964844,
    316.0299987792969,
    323.0450134277344,
    320.0,
    321.0299987792969,
    313.1000061035156,
    316.6199951171875,
    321.1000061035156,
    314.7950134277344,
    312.625,
    306.0,
    309.010009765625,
    303.05999755859375,
    303.2699890136719,
    311.2250061035156,
    311.135009765625,
    316.1499938964844,
    315.9200134277344,
    312.82000732421875,
    313.4100036621094,
    313.3699951171875,
    317.5899963378906,
    317.69500732421875,
    317.30999755859375,
    314.57000732421875,
    329.2650146484375
  ],
  "high": [
    212.36900329589844,
    231.8000030517578,
    232.77000427246094,
    236.1300048828125,
    238.39999389648438,
    240.58999633789062,
    242.0800018310547,
    242.57000732421875,
    242.42300415039062,
    252.75,
    253.22999572753906,
    251.9499969482422,
    254.13999938964844,
    256.70001220703125,
    256.30999755859375,
    254.77000427246094,
    252.9600067138672,
    247.31500244140625,
    250.1199951171875,
    251.6479949951172,
    243.6750030517578,
    247.14999389648438,
    247.63499450683594,
    247.1179962158203,
    252.1999969482422,
    251.5500030517578,
    247.25999450683594,
    245.55499267578125,
    244.83999633789062,
    244.99000549316406,
    248.02499389648438,
    252.75999450683594,
    257.5799865722656,
    254.8800048828125,
    257.8800048828125,
    255.3800048828125,
    257.17999267578125,
    255.86000061035156,
    262.510009765625,
    270.79998779296875,
    271.3800048828125,
    275.9700012207031,
    291.92999267578125,
    286.2850036621094,
    285.94000244140625,
    281.8340148925781,
    286.70001220703125,
    288.80999755859375,
    284.5,
    291.4599914550781,
    292.3399963378906,
    292.3599853515625,
    283.510009765625,
    279.1499938964844,
    294.5199890136719,
    289.43499755859375,
    304.25,
    306.8900146484375,
    303.9599914550781,
    319.79998779296875,
    328.6700134277344,
    324.989990234375,
    326.8800048828125,
    319.6300048828125,
    318.6000061035156,
    322.0400085449219,
    323.0989990234375,
    323.8299865722656,
    321.2300109863281,
    318.7090148925781,
    321.8699951171875,
    321.989990234375,
    316.1400146484375,
    312.70001220703125,
    311.8450012207031,
    309.19500732421875,
    305.260009765625,
    308.989990234375,
    311.70001220703125,
    316.29998779296875,
    316.2900085449219,
    316.55999755859375,
    314.9700012207031,
    317.70001220703125,
    315.3900146484375,
    322.91400146484375,
    319.25,
    321.55999755859375,
    326.4649963378906,
    330.5400085449219
  ],
  "low": [
    206.9600067138672,
    225.1199951171875,
    226.75999450683594,
    232.3800048828125,
    233.72999572753906,
    233.3800048828125,
    238.11000061035156,
    236.5800018310547,
    238.5,
    244.97999572753906,
    249.71499633789062,
    246.5800018310547,
    250.11000061035156,
    252.0679931640625,
    250.80999755859375,
    251.08999633789062,
    247.22000122070312,
    241.64999389648438,
    246.63999938964844,
    243.1999969482422,
    239.5709991455078,
    239.1999969482422,
    243.10499572753906,
    242.47000122070312,
    245.69000244140625,
    246.80999755859375,
    245.08999633789062,
    239.67999267578125,
    236.68499755859375,
    240.75,
    241.17799377441406,
    246.7899932861328,
    250.6699981689453,
    248.58999633789062,
    254.60000610351562,
    244.6699981689453,
    250.4510040283203,
    252.76800537109375,
    256.1000061035156,
    264.94000244140625,
    267.1700134277344,
    268.42999267578125,
    280.45001220703125,
    277.52301025390625,
    280.3699951171875,
    276.864990234375,
    277.8800048828125,
    281.6199951171875,
    275.739990234375,
    283.5400085449219,
    287.8800048828125,
    284.3800048828125,
    278.0,
    271.4100036621094,
    284.2300109863281,
    279.010009765625,
    287.6700134277344,
    289.1700134277344,
    294.3599853515625,
    309.3999938964844,
    317.8160095214844,
    317.20001220703125,
    316.94000244140625,
    313.9800109863281,
    314.2200012207031,
    314.2799987792969,
    315.5899963378906,
    319.9800109863281,
    311.9100036621094,
    312.6199951171875,
    315.3999938964844,
    309.8800048828125,
    306.9599914550781,
    305.739990234375,
    303.8299865722656,
    297.45001220703125,
    300.6300048828125,
    302.3399963378906,
    306.5899963378906,
    310.75,
    313.32000732421875,
    313.7200012207031,
    311.8999938964844,
    313.25,
    312.20001220703125,
    310.6499938964844,
    315.2489929199219,
    312.3399963378906,
    314.5,
    321.989990234375
  ],