{
  "timestamps": [
    1756785600000,
    1756872000000,
    1756958400000,
    1757044800000,
    1757304000000,
    1757390400000,
    1757476800000,
    1757563200000,
    1757649600000,
    1757908800000,
    1757995200000,
    1758081600000,
    1758168000000,
    1758254400000,
    1758513600000,
    1758600000000,
    1758686400000,
    1758772800000,
    1758859200000,
    1759118400000,
    1759204800000,
    1759291200000,
    1759377600000,
    1759464000000,
    1759723200000,
    1759809600000,
    1759896000000,
    1759982400000,
    1760068800000,
    1760328000000,
    1760414400000,
    1760500800000,
    1760587200000,
    1760673600000,
    1760932800000,
    1761019200000,
    1761105600000,
    1761192000000,
    1761278400000,
    1761537600000,
    1761624000000,
    1761710400000,
    1761796800000,
    1761883200000,
    1762146000000,
    1762232400000,
    1762318800000,
    1762405200000,
    1762491600000,
    1762750800000,
    1762837200000,
    1762923600000,
    1763010000000,
    1763096400000,
    1763355600000,
    1763442000000,
    1763528400000,
    1763614800000,
    1763701200000,
    1763960400000,
    1764046800000,
    1764133200000,
    1764306000000,
    1764565200000,
    1764651600000,
    1764738000000,
    1764824400000,
    1764910800000,
    1765170000000,
    1765256400000,
    1765342800000,
    1765429200000,
    1765515600000,
    1765774800000,
    1765861200000,
    1765947600000,
    1766034000000,
    1766120400000,
    1766379600000,
    1766466000000,
    1766552400000,
    1766725200000,
    1766984400000,
    1767070800000,
    1767157200000,
    1767330000000,
    1767589200000,
    1767675600000,
    1767762000000,
    1767848400000
  ],
  "open": [
    4.914999961853027,
    4.929999828338623,
    4.889999866485596,
    5.090000152587891,
    5.170000076293945,
    5.159999847412109,
    5.300000190734863,
    5.289999961853027,
    5.550000190734863,
    5.900000095367432,
    6.119999885559082,
    6.130000114440918,
    6.135000228881836,
    6.389999866485596,
    6.244999885559082,
    6.480000019073486,
    6.300000190734863,
    6.130000114440918,
    6.210000038146973,
    6.114999771118164,
    6.059999942779541,
    6.039999961853027,
    5.989999771118164,
    6.119999885559082,
    6.275000095367432,
    6.550000190734863,
    6.329999923706055,
    6.385000228881836,
    6.119999885559082,
    5.989999771118164,
    5.789999961853027,
    6.059999942779541,
    5.949999809265137,
    5.619999885559082,
    5.789999961853027,
    5.679999828338623,
    5.619999885559082,
    5.670000076293945,
    5.84499979019165,
    6.0,
    6.230000019073486,
    5.940000057220459,
    6.0,
    5.96999979019165,
    6.010000228881836,
    5.565000057220459,
    5.815000057220459,
    5.699999809265137,
    5.699999809265137,
    5.775000095367432,
    6.014999866485596,
    5.849999904632568,
    5.710000038146973,
    5.380000114440918,
    5.385000228881836,
    5.304999828338623,
    5.300000190734863,
    5.409999847412109,
    5.010000228881836,
    5.170000076293945,
    5.269999980926514,
    5.289999961853027,
    5.409999847412109,
    5.355000019073486,
    5.255000114440918,
    5.239999771118164,
    5.210000038146973,
    5.289999961853027,
    5.190000057220459,
    5.105000019073486,
    5.099999904632568,
    5.144999980926514,
    5.190000057220459,
    5.150000095367432,
    4.994999885559082,
    4.96999979019165,
    4.900000095367432,
    4.96999979019165,
    5.019999980926514,
    5.170000076293945,
    5.079999923706055,
    5.139999866485596,
    5.119999885559082,
    5.114999771118164,
    5.070000171661377,
    5.045000076293945,
    5.130000114440918,
    5.190000057220459,
    5.28000020980835,
    5.050000190734863
  ],
  "high": [
    4.960000038146973,
    4.989999771118164,
    5.090000152587891,
    5.179999828338623,
    5.304999828338623,
    5.300000190734863,
    5.340000152587891,
    5.570000171661377,
    6.03000020980835,
    6.159999847412109,
    6.420000076293945,
    6.130000114440918,
    6.5,
    6.5,
    6.579999923706055,
    6.619999885559082,
    6.429999828338623,
    6.269999980926514,
    6.21999979019165,
    6.170000076293945,
    6.150000095367432,
    6.21999979019165,
    6.070000171661377,
    6.21999979019165,
    6.445000171661377,
    6.599999904632568,
    6.439000129699707,
    6.400000095367432,
    6.139999866485596,
    6.070000171661377,
    6.019999980926514,
    6.139999866485596,
    5.989999771118164,
    5.675000190734863,
    5.809000015258789,
    5.679999828338623,
    5.619999885559082,
    5.760000228881836,
    5.914999961853027,
    6.130000114440918,
    6.239999771118164,
    6.090000152587891,
    6.079999923706055,
    6.079999923706055,
    6.114999771118164,
    5.820000171661377,
    5.860000133514404,
    5.835000038146973,
    5.789999961853027,
    6.0,
    6.235000133514404,
    6.019999980926514,
    5.71999979019165,
    5.53000020980835,
    5.519999980926514,
    5.364999771118164,
    5.380000114440918,
    5.409999847412109,
    5.059999942779541,
    5.369999885559082,
    5.340000152587891,
    5.360000133514404,
    5.5,
    5.369999885559082,
    5.309999942779541,
    5.300000190734863,
    5.349999904632568,
    5.349999904632568,
    5.264999866485596,
    5.215000152587891,
    5.239999771118164,
    5.190000057220459,
    5.269999980926514,
    5.159999847412109,
    5.050000190734863,
    4.96999979019165,
    4.96999979019165,
    5.03000020980835,
    5.28000020980835,
    5.239999771118164,
    5.150000095367432,
    5.159999847412109,
    5.230000019073486,
    5.139999866485596,
    5.090000152587891,
    5.130000114440918,
    5.199999809265137,
    5.360000133514404,
    5.329999923706055,
    5.050000190734863
  ],
  "low": [
    4.840000152587891,
    4.889999866485596,
    4.880000114440918,
    5.059999942779541,
    5.159999847412109,
    5.090000152587891,
    5.239999771118164,
    5.21999979019165,
    5.510000228881836,
    5.610000133514404,
    5.909999847412109,
    5.914999961853027,
    6.059999942779541,
    6.320000171661377,
    6.21999979019165,
    6.260000228881836,
    6.159999847412109,
    5.989999771118164,
    6.039999961853027,
    5.929999828338623,
    5.989999771118164,
    5.829999923706055,
    5.900000095367432,
    6.059999942779541,
    6.139999866485596,
    6.239999771118164,
    6.230000019073486,
    6.070000171661377,
    5.840000152587891,
    5.889999866485596,
    5.699999809265137,
    5.900000095367432,
    5.639999866485596,
    5.539999961853027,
    5.650000095367432,
    5.539999961853027,
    5.420000076293945,
    5.579999923706055,
    5.769999980926514,
    5.909999847412109,
    5.900000095367432,
    5.849999904632568,
    5.920000076293945,
    5.949999809265137,
    5.900000095367432,
    5.360000133514404,
    5.619999885559082,
    5.545000076293945,
    5.449999809265137,
    5.730000019073486,
    5.800000190734863,
    5.78000020980835,
    5.480000019073486,
    5.360000133514404,
    5.269999980926514,
    5.21999979019165,
    5.25,
    4.960000038146973,
    4.820000171661377,
    5.105000019073486,
    5.190000057220459,
    5.210000038146973,
    5.360000133514404,
    5.25,
    5.21999979019165,
    5.150000095367432,
    5.195000171661377,
    5.179999828338623,
    5.110000133514404,
    5.079999923706055,
    5.050000190734863,
    5.09499979019165,
    5.110000133514404,
    4.989999771118164,
    4.920000076293945,
    4.849999904632568,
    4.889999866485596,
    4.909999847412109,
    5.010000228881836,
    5.070000171661377,
    5.03000020980835,
    5.074999809265137,
    5.09499979019165,
    5.0,
    4.980000019073486,
    5.010000228881836,
    5.079999923706055,
    5.190000057220459,
    5.065000057220459,
    4.860000133514404
  ],