{
  "timestamps": [
    1756785600000,
    1756872000000,
    1756958400000,
    1757044800000,
    1757304000000,
    1757390400000,
    1757476800000,
    1757563200000,
    1757649600000,
    1757908800000,
    1757995200000,
    1758081600000,
    1758168000000,
    1758254400000,
    1758513600000,
    1758600000000,
    1758686400000,
    1758772800000,
    1758859200000,
    1759118400000,
    1759204800000,
    1759291200000,
    1759377600000,
    1759464000000,
    1759723200000,
    1759809600000,
    1759896000000,
    1759982400000,
    1760068800000,
    1760328000000,
    1760414400000,
    1760500800000,
    1760587200000,
    1760673600000,
    1760932800000,
    1761019200000,
    1761105600000,
    1761192000000,
    1761278400000,
    1761537600000,
    1761624000000,
    1761710400000,
    1761796800000,
    1761883200000,
    1762146000000,
    1762232400000,
    1762318800000,
    1762405200000,
    1762491600000,
    1762750800000,
    1762837200000,
    1762923600000,
    1763010000000,
    1763096400000,
    1763355600000,
    1763442000000,
    1763528400000,
    1763614800000,
    1763701200000,
    1763960400000,
    1764046800000,
    1764133200000,
    1764306000000,
    1764565200000,
    1764651600000,
    1764738000000,
    1764824400000,
    1764910800000,
    1765170000000,
    1765256400000,
    1765342800000,
    1765429200000,
    1765515600000,
    1765774800000,
    1765861200000,
    1765947600000,
    1766034000000,
    1766120400000,
    1766379600000,
    1766466000000,
    1766552400000,
    1766725200000,
    1766984400000,
    1767070800000,
    1767157200000,
    1767330000000,
    1767589200000,
    1767675600000,
    1767762000000,
    1767848400000
  ],
  "open": [
    41.34000015258789,
    43.0,
    44.540000915527344,
    48.83000183105469,
    49.119998931884766,
    49.970001220703125,
    50.0,
    48.81999969482422,
    51.029998779296875,
    54.9900016784668,
    54.31999969482422,
    50.290000915527344,
    50.400001525878906,
    56.22999954223633,
    58.11000061035156,
    57.209999084472656,
    56.52000045776367,
    52.119998931884766,
    54.400001525878906,
    58.59000015258789,
    58.599998474121094,
    55.900001525878906,
    57.0,
    58.0,
    53.61000061035156,
    54.79999923706055,
    58.369998931884766,
    59.10499954223633,
    58.290000915527344,
    54.41999816894531,
    53.22800064086914,
    55.29999923706055,
    62.119998931884766,
    57.119998931884766,
    51.369998931884766,
    50.83000183105469,
    48.86000061035156,
    48.02000045776367,
    49.939998626708984,
    50.13999938964844,
    49.13999938964844,
    47.06999969482422,
    46.06999969482422,
    45.3650016784668,
    46.900001525878906,
    45.75,
    44.099998474121094,
    44.0,
    40.7400016784668,
    42.494998931884766,
    40.90999984741211,
    39.61000061035156,
    38.91999816894531,
    35.42499923706055,
    36.66999816894531,
    35.709999084472656,
    36.599998474121094,
    36.779998779296875,
    33.540000915527344,
    35.11000061035156,
    38.0,
    37.75,
    38.900001525878906,
    38.75,
    37.54999923706055,
    36.349998474121094,
    38.27000045776367,
    40.0,
    39.34000015258789,
    39.040000915527344,
    39.650001525878906,
    37.25,
    37.599998474121094,
    37.81999969482422,
    36.0099983215332,
    36.709999084472656,
    35.599998474121094,
    34.970001220703125,
    35.970001220703125,
    34.75,
    34.61000061035156,
    34.56999969482422,
    34.060001373291016,
    34.20000076293945,
    32.91999816894531,
    33.0,
    33.959999084472656,
    35.42499923706055,
    35.4900016784668,
    35.15999984741211
  ],
  "high": [
    42.13999938964844,
    45.66999816894531,
    48.290000915527344,
    49.15999984741211,
    51.584999084472656,
    50.45899963378906,
    51.415000915527344,
    52.4900016784668,
    55.93000030517578,
    56.52000045776367,
    54.33599853515625,
    51.0,
    56.310001373291016,
    59.36000061035156,
    58.939998626708984,
    57.72999954223633,
    56.7599983215332,
    55.099998474121094,
    58.400001525878906,
    60.54999923706055,
    59.17100143432617,
    57.60599899291992,
    59.27000045776367,
    58.93000030517578,
    54.79499816894531,
    58.25,
    60.130001068115234,
    59.9900016784668,
    59.220001220703125,
    56.27000045776367,
    55.13999938964844,
    65.29900360107422,
    63.630001068115234,
    57.45000076293945,
    52.40999984741211,
    51.36000061035156,
    48.900001525878906,
    48.59000015258789,
    50.9900016784668,
    50.189998626708984,
    49.16999816894531,
    48.45500183105469,
    46.91999816894531,
    47.24100112915039,
    47.150001525878906,
    48.34000015258789,
    46.81999969482422,
    44.0,
    41.275001525878906,
    42.70000076293945,
    41.279998779296875,
    40.249000549316406,
    38.959999084472656,
    38.0890007019043,
    37.630001068115234,
    36.73500061035156,
    36.599998474121094,
    37.220001220703125,
    34.9900016784668,
    38.13999938964844,
    38.36000061035156,
    38.790000915527344,
    39.867000579833984,
    39.25,
    38.279998779296875,
    37.125,
    40.459999084472656,
    40.9900016784668,
    39.599998474121094,
    40.7400016784668,
    39.78499984741211,
    37.86000061035156,
    38.880001068115234,
    38.029998779296875,
    36.900001525878906,
    37.61000061035156,
    36.029998779296875,
    35.86000061035156,
    36.27000045776367,
    35.13999938964844,
    35.040000915527344,
    34.619998931884766,
    34.75,
    34.415000915527344,
    32.95000076293945,
    33.72999954223633,
    35.83000183105469,
    35.95000076293945,
    36.45000076293945,
    35.15999984741211
  ],
  "low": [
    40.779998779296875,
    42.5,
    44.29999923706055,
    46.856998443603516,
    49.09000015258789,
    47.47999954223633,
    47.52000045776367,
    48.599998474121094,
    50.25,
    53.90999984741211,
    48.689998626708984,
    49.16999816894531,
    50.27000045776367,
    56.16999816894531,
    56.43000030517578,
    55.3129997253418,
    53.02000045776367,
    50.70000076293945,
    54.11000061035156,
    58.25,
    55.78099822998047,
    55.08599853515625,
    56.75,
    52.5099983215332,
    52.70000076293945,
    54.5,
    57.040000915527344,
    56.25,
    53.02000045776367,
    53.8380012512207,
    51.72999954223633,
    54.435001373291016,
    57.810001373291016,
    49.599998474121094,
    50.220001220703125,
    49.25,
    46.150001525878906,
    46.88999938964844,
    48.7599983215332,
    48.15999984741211,
    47.119998931884766,
    46.029998779296875,
    44.04999923706055,
    45.0,
    44.0099983215332,
    42.400001525878906,
    43.68000030517578,
    39.84000015258789,
    39.34000015258789,
    40.220001220703125,
    38.869998931884766,
    38.2599983215332,
    35.779998779296875,
    34.93000030517578,
    33.90999984741211,
    34.130001068115234,
    34.43000030517578,
    33.470001220703125,
    32.880001068115234,
    35.0099983215332,
    36.900001525878906,
    37.36000061035156,
    38.52000045776367,
    37.474998474121094,
    36.21500015258789,
    35.779998779296875,
    37.7239990234375,
    39.16999816894531,
    38.23699951171875,
    38.93000030517578,
    37.61000061035156,
    36.650001525878906,
    36.849998474121094,
    35.68000030517578,
    35.40999984741211,
    34.89500045776367,
    34.310001373291016,
    34.599998474121094,
    34.78499984741211,
    34.099998474121094,
    34.130001068115234,
    33.5,
    33.79999923706055,
    33.040000915527344,
    32.064998626708984,
    32.04999923706055,
    33.189998626708984,
    34.31999969482422,
    34.939998626708984,
    33.5099983215332
  ],