{
  "timestamps": [
    1756785600000,
    1756872000000,
    1756958400000,
    1757044800000,
    1757304000000,
    1757390400000,
    1757476800000,
    1757563200000,
    1757649600000,
    1757908800000,
    1757995200000,
    1758081600000,
    1758168000000,
    1758254400000,
    1758513600000,
    1758600000000,
    1758686400000,
    1758772800000,
    1758859200000,
    1759118400000,
    1759204800000,
    1759291200000,
    1759377600000,
    1759464000000,
    1759723200000,
    1759809600000,
    1759896000000,
    1759982400000,
    1760068800000,
    1760328000000,
    1760414400000,
    1760500800000,
    1760587200000,
    1760673600000,
    1760932800000,
    1761019200000,
    1761105600000,
    1761192000000,
    1761278400000,
    1761537600000,
    1761624000000,
    1761710400000,
    1761796800000,
    1761883200000,
    1762146000000,
    1762232400000,
    1762318800000,
    1762405200000,
    1762491600000,
    1762750800000,
    1762837200000,
    1762923600000,
    1763010000000,
    1763096400000,
    1763355600000,
    1763442000000,
    1763528400000,
    1763614800000,
    1763701200000,
    1763960400000,
    1764046800000,
    1764133200000,
    1764306000000,
    1764565200000,
    1764651600000,
    1764738000000,
    1764824400000,
    1764910800000,
    1765170000000,
    1765256400000,
    1765342800000,
    1765429200000,
    1765515600000,
    1765774800000,
    1765861200000,
    1765947600000,
    1766034000000,
    1766120400000,
    1766379600000,
    1766466000000,
    1766552400000,
    1766725200000,
    1766984400000,
    1767070800000,
    1767157200000,
    1767330000000,
    1767589200000,
    1767675600000,
    1767762000000,
    1767848400000
  ],
  "open": [
    100.33999633789062,
    101.58999633789062,
    100.75,
    104.9800033569336,
    110.62999725341797,
    116.52999877929688,
    120.83000183105469,
    117.87999725341797,
    117.93000030517578,
    115.34500122070312,
    115.05999755859375,
    117.08999633789062,
    120.08000183105469,
    121.69999694824219,
    123.625,
    125.41000366210938,
    127.51499938964844,
    123.33000183105469,
    124.18000030517578,
    123.77999877929688,
    135.6699981689453,
    141.25999450683594,
    142.77999877929688,
    146.82000732421875,
    153.0,
    146.3300018310547,
    146.11000061035156,
    150.50999450683594,
    151.5050048828125,
    144.6199951171875,
    136.72000122070312,
    138.09500122070312,
    135.3800048828125,
    128.16000366210938,
    133.4250030517578,
    135.2899932861328,
    131.6300048828125,
    128.27999877929688,
    137.99000549316406,
    144.99000549316406,
    146.0,
    146.0,
    142.38999938964844,
    143.60000610351562,
    148.7899932861328,
    139.8699951171875,
    139.63499450683594,
    140.0,
    123.76599884033203,
    135.4499969482422,
    133.99000549316406,
    133.3300018310547,
    129.8699951171875,
    115.1500015258789,
    120.49500274658203,
    113.91000366210938,
    114.73999786376953,
    121.62999725341797,
    107.83999633789062,
    109.91500091552734,
    112.46499633789062,
    121.33000183105469,
    128.0749969482422,
    123.44999694824219,
    125.25,
    126.0999984741211,
    133.2100067138672,
    135.05999755859375,
    134.10000610351562,
    134.5,
    135.25999450683594,
    131.77499389648438,
    125.33999633789062,
    120.4000015258789,
    116.69499969482422,
    120.97000122070312,
    121.87000274658203,
    119.47000122070312,
    123.51000213623047,
    120.29499816894531,
    119.95999908447266,
    120.70999908447266,
    116.88999938964844,
    117.625,
    114.83999633789062,
    115.47799682617188,
    117.91999816894531,
    124.16000366210938,
    120.05000305175781,
    115.75
  ],
  "high": [
    101.9000015258789,
    102.69000244140625,
    104.75,
    106.02999877929688,
    117.30000305175781,
    118.69999694824219,
    123.44000244140625,
    121.69000244140625,
    118.56999969482422,
    116.52999877929688,
    118.12999725341797,
    119.12999725341797,
    124.36000061035156,
    125.18000030517578,
    126.63999938964844,
    127.77999877929688,
    130.07000732421875,
    125.80000305175781,
    125.05999755859375,
    136.83999633789062,
    143.6199951171875,
    143.1699981689453,
    146.6999969482422,
    150.2100067138672,
    153.86000061035156,
    147.1199951171875,
    151.35000610351562,
    153.0800018310547,
    153.55999755859375,
    146.55999755859375,
    141.2100067138672,
    139.64999389648438,
    137.47999572753906,
    131.2050018310547,
    140.197998046875,
    135.30999755859375,
    132.36000061035156,
    135.57000732421875,
    142.1999969482422,
    149.1999969482422,
    148.11000061035156,
    147.72000122070312,
    144.14999389648438,
    150.47000122070312,
    149.41200256347656,
    144.39999389648438,
    144.77000427246094,
    140.16000366210938,
    132.1999969482422,
    138.99000549316406,
    134.66700744628906,
    133.83999633789062,
    130.14999389648438,
    126.5,
    120.9800033569336,
    116.97100067138672,
    119.19999694824219,
    122.62999725341797,
    109.98999786376953,
    115.72000122070312,
    116.80999755859375,
    128.89999389648438,
    129.9499969482422,
    125.29000091552734,
    129.17999267578125,
    134.33999633789062,
    137.36000061035156,
    135.24000549316406,
    138.08999633789062,
    139.75,
    137.4600067138672,
    131.77499389648438,
    125.6500015258789,
    120.66000366210938,
    120.69999694824219,
    124.69999694824219,
    124.25,
    122.95999908447266,
    124.55000305175781,
    121.1500015258789,
    120.66999816894531,
    121.02999877929688,
    118.94999694824219,
    118.63600158691406,
    115.6500015258789,
    116.02999877929688,
    123.41999816894531,
    124.3499984741211,
    120.0999984741211,
    117.31999969482422
  ],
  "low": [
    97.9000015258789,
    99.41000366210938,
    100.5999984741211,
    95.66000366210938,
    110.12000274658203,
    113.76000213623047,
    116.69000244140625,
    117.37000274658203,
    114.05000305175781,
    112.42500305175781,
    113.79000091552734,
    114.88999938964844,
    119.85900115966797,
    121.0,
    122.19999694824219,
    124.06999969482422,
    125.0,
    120.62000274658203,
    120.45999908447266,
    123.77999877929688,
    135.57000732421875,
    137.77999877929688,
    140.14999389648438,
    145.22999572753906,
    144.11900329589844,
    141.25999450683594,
    144.5500030517578,
    147.3000030517578,
    138.94000244140625,
    136.52000427246094,
    133.0500030517578,
    133.53500366210938,
    130.57000732421875,
    125.5999984741211,
    132.89999389648438,
    131.35000610351562,
    120.87999725341797,
    127.27999877929688,
    137.10000610351562,
    143.17999267578125,
    145.6300048828125,
    142.74000549316406,
    137.25,
    143.3000030517578,
    142.5,
    136.6300048828125,
    135.50999450683594,
    126.1500015258789,
    120.69999694824219,
    131.64999389648438,
    130.89999389648438,
    128.3300018310547,
    119.47000122070312,
    114.0,
    112.41999816894531,
    112.3499984741211,
    113.55000305175781,
    105.23500061035156,
    102.0999984741211,
    108.63999938964844,
    109.19000244140625,
    120.86000061035156,
    127.1500015258789,
    118.86000061035156,
    124.51000213623047,
    124.4000015258789,
    132.77000427246094,
    129.9600067138672,
    132.0019989013672,
    133.57000732421875,
    133.42999267578125,
    122.52999877929688,
    117.83499908447266,
    114.10099792480469,
    115.76000213623047,
    115.58999633789062,
    117.05000305175781,
    118.19999694824219,
    121.06999969482422,
    116.75,
    118.5999984741211,
    117.69999694824219,
    116.0199966430664,
    115.18000030517578,
    112.8499984741211,
    110.41000366210938,
    117.55000305175781,
    118.05000305175781,
    116.55000305175781,
    113.87000274658203
  ],