{
  "timestamps": [
    1756785600000,
    1756872000000,
    1756958400000,
    1757044800000,
    1757304000000,
    1757390400000,
    1757476800000,
    1757563200000,
    1757649600000,
    1757908800000,
    1757995200000,
    1758081600000,
    1758168000000,
    1758254400000,
    1758513600000,
    1758600000000,
    1758686400000,
    1758772800000,
    1758859200000,
    1759118400000,
    1759204800000,
    1759291200000,
    1759377600000,
    1759464000000,
    1759723200000,
    1759809600000,
    1759896000000,
    1759982400000,
    1760068800000,
    1760328000000,
    1760414400000,
    1760500800000,
    1760587200000,
    1760673600000,
    1760932800000,
    1761019200000,
    1761105600000,
    1761192000000,
    1761278400000,
    1761537600000,
    1761624000000,
    1761710400000,
    1761796800000,
    1761883200000,
    1762146000000,
    1762232400000,
    1762318800000,
    1762405200000,
    1762491600000,
    1762750800000,
    1762837200000,
    1762923600000,
    1763010000000,
    1763096400000,
    1763355600000,
    1763442000000,
    1763528400000,
    1763614800000,
    1763701200000,
    1763960400000,
    1764046800000,
    1764133200000,
    1764306000000,
    1764565200000,
    1764651600000,
    1764738000000,
    1764824400000,
    1764910800000,
    1765170000000,
    1765256400000,
    1765342800000,
    1765429200000,
    1765515600000,
    1765774800000,
    1765861200000,
    1765947600000,
    1766034000000,
    1766120400000,
    1766379600000,
    1766466000000,
    1766552400000,
    1766725200000,
    1766984400000,
    1767070800000,
    1767157200000,
    1767330000000,
    1767589200000,
    1767675600000,
    1767762000000,
    1767848400000
  ],
  "open": [
    61.29999923706055,
    63.95000076293945,
    64.0999984741211,
    64.0999984741211,
    60.83000183105469,
    60.86000061035156,
    62.43000030517578,
    62.529998779296875,
    63.29999923706055,
    63.81999969482422,
    62.25,
    62.560001373291016,
    62.70000076293945,
    65.44000244140625,
    64.19000244140625,
    64.30000305175781,
    66.12000274658203,
    63.5099983215332,
    65.58000183105469,
    66.80000305175781,
    68.69999694824219,
    67.86000061035156,
    69.4800033569336,
    71.7699966430664,
    70.97000122070312,
    70.12999725341797,
    70.0,
    71.63999938964844,
    72.48999786376953,
    70.77999877929688,
    69.31999969482422,
    70.62999725341797,
    70.80999755859375,
    66.69000244140625,
    67.37999725341797,
    66.75,
    66.55999755859375,
    65.02999877929688,
    68.16000366210938,
    69.94000244140625,
    70.0,
    68.70999908447266,
    68.66000366210938,
    69.02999877929688,
    70.88999938964844,
    70.91000366210938,
    71.19999694824219,
    71.05000305175781,
    69.01000213623047,
    71.83999633789062,
    70.48999786376953,
    71.38999938964844,
    72.5199966430664,
    65.41000366210938,
    65.76000213623047,
    62.720001220703125,
    63.52000045776367,
    66.25,
    61.540000915527344,
    61.52000045776367,
    62.34000015258789,
    63.90999984741211,
    65.0,
    64.2300033569336,
    64.2300033569336,
    63.77000045776367,
    64.98999786376953,
    65.75,
    64.6500015258789,
    65.4800033569336,
    65.75,
    66.13999938964844,
    66.0,
    64.54000091552734,
    62.869998931884766,
    63.5,
    63.689998626708984,
    63.25,
    65.2699966430664,
    65.80000305175781,
    65.83999633789062,
    65.9800033569336,
    65.69999694824219,
    65.6500015258789,
    65.04000091552734,
    65.41000366210938,
    67.94999694824219,
    71.94000244140625,
    72.33999633789062,
    71.33000183105469
  ],
  "high": [
    63.90999984741211,
    64.2699966430664,
    64.7699966430664,
    64.22000122070312,
    61.66999816894531,
    62.439998626708984,
    62.95000076293945,
    63.790000915527344,
    64.43000030517578,
    64.33000183105469,
    62.720001220703125,
    63.09000015258789,
    65.54000091552734,
    65.47000122070312,
    64.76000213623047,
    66.11000061035156,
    66.3499984741211,
    65.5,
    66.31999969482422,
    68.83000183105469,
    70.2699966430664,
    70.48999786376953,
    71.62999725341797,
    71.77999877929688,
    71.44000244140625,
    70.41000366210938,
    72.30000305175781,
    72.72000122070312,
    73.3499984741211,
    70.94000244140625,
    71.13999938964844,
    70.95999908447266,
    71.08999633789062,
    69.0199966430664,
    68.33000183105469,
    67.58999633789062,
    66.94999694824219,
    67.95999908447266,
    69.48999786376953,
    70.26000213623047,
    70.0,
    69.62999725341797,
    70.55999755859375,
    70.9000015258789,
    73.2699966430664,
    72.08999633789062,
    72.19000244140625,
    71.2300033569336,
    70.8499984741211,
    72.30000305175781,
    71.48999786376953,
    72.9800033569336,
    72.5199966430664,
    67.2300033569336,
    66.4800033569336,
    64.26000213623047,
    64.95999908447266,
    67.33000183105469,
    61.75,
    62.709999084472656,
    63.459999084472656,
    64.69000244140625,
    65.27999877929688,
    65.33000183105469,
    64.30000305175781,
    65.08999633789062,
    66.19000244140625,
    66.05000305175781,
    65.87000274658203,
    66.25,
    67.12999725341797,
    66.62000274658203,
    66.0,
    64.55000305175781,
    63.29999923706055,
    64.69999694824219,
    64.0,
    64.72000122070312,
    65.91999816894531,
    66.33999633789062,
    66.12999725341797,
    66.23999786376953,
    65.80000305175781,
    66.4000015258789,
    65.19000244140625,
    67.55999755859375,
    71.69000244140625,
    72.95999908447266,
    72.72000122070312,
    71.54000091552734
  ],
  "low": [
    60.790000915527344,
    63.16999816894531,
    63.869998931884766,
    59.939998626708984,
    60.779998779296875,
    60.65999984741211,
    62.0,
    62.279998779296875,
    63.029998779296875,
    62.209999084472656,
    61.560001373291016,
    61.2599983215332,
    62.61000061035156,
    64.1500015258789,
    63.47999954223633,
    64.11000061035156,
    64.25,
    62.86000061035156,
    65.0999984741211,
    66.62000274658203,
    67.87000274658203,
    67.05000305175781,
    69.19000244140625,
    69.54000091552734,
    69.5199966430664,
    68.55999755859375,
    69.3499984741211,
    71.44999694824219,
    68.80000305175781,
    69.76000213623047,
    68.11000061035156,
    68.79000091552734,
    67.87999725341797,
    65.20999908447266,
    66.04000091552734,
    65.87999725341797,
    64.1500015258789,
    65.01000213623047,
    67.77999877929688,
    69.1500015258789,
    68.56999969482422,
    68.13999938964844,
    68.31999969482422,
    68.27999877929688,
    70.16000366210938,
    69.30000305175781,
    70.05000305175781,
    68.72000122070312,
    67.5999984741211,
    70.37999725341797,
    70.48999786376953,
    71.0,
    66.73999786376953,
    64.41999816894531,
    62.959999084472656,
    62.09000015258789,
    63.43000030517578,
    61.27000045776367,
    58.95000076293945,
    61.15999984741211,
    61.029998779296875,
    63.470001220703125,
    64.41000366210938,
    62.150001525878906,
    63.150001525878906,
    63.59000015258789,
    64.83000183105469,
    64.4000015258789,
    64.19999694824219,
    65.23999786376953,
    65.37999725341797,
    64.80000305175781,
    62.58000183105469,
    62.65999984741211,
    62.310001373291016,
    62.099998474121094,
    62.54999923706055,
    63.25,
    64.4000015258789,
    65.45999908447266,
    65.47000122070312,
    65.69999694824219,
    64.9000015258789,
    64.87999725341797,
    64.23999786376953,
    65.05000305175781,
    67.8499984741211,
    71.2699966430664,
    71.23999786376953,
    69.54000091552734
  ],