{
  "timestamps": [
    1756785600000,
    1756872000000,
    1756958400000,
    1757044800000,
    1757304000000,
    1757390400000,
    1757476800000,
    1757563200000,
    1757649600000,
    1757908800000,
    1757995200000,
    1758081600000,
    1758168000000,
    1758254400000,
    1758513600000,
    1758600000000,
    1758686400000,
    1758772800000,
    1758859200000,
    1759118400000,
    1759204800000,
    1759291200000,
    1759377600000,
    1759464000000,
    1759723200000,
    1759809600000,
    1759896000000,
    1759982400000,
    1760068800000,
    1760328000000,
    1760414400000,
    1760500800000,
    1760587200000,
    1760673600000,
    1760932800000,
    1761019200000,
    1761105600000,
    1761192000000,
    1761278400000,
    1761537600000,
    1761624000000,
    1761710400000,
    1761796800000,
    1761883200000,
    1762146000000,
    1762232400000,
    1762318800000,
    1762405200000,
    1762491600000,
    1762750800000,
    1762837200000,
    1762923600000,
    1763010000000,
    1763096400000,
    1763355600000,
    1763442000000,
    1763528400000,
    1763614800000,
    1763701200000,
    1763960400000,
    1764046800000,
    1764133200000,
    1764306000000,
    1764565200000,
    1764651600000,
    1764738000000,
    1764824400000,
    1764910800000,
    1765170000000,
    1765256400000,
    1765342800000,
    1765429200000,
    1765515600000,
    1765774800000,
    1765861200000,
    1765947600000,
    1766034000000,
    1766120400000,
    1766379600000,
    1766466000000,
    1766552400000,
    1766725200000,
    1766984400000,
    1767070800000,
    1767157200000,
    1767330000000,
    1767589200000,
    1767675600000,
    1767762000000,
    1767848400000
  ],
  "open": [
    8.399999618530273,
    8.369999885559082,
    8.420000076293945,
    8.619999885559082,
    8.739999771118164,
    8.760000228881836,
    8.800000190734863,
    8.880000114440918,
    8.949999809265137,
    9.0,
    8.949999809265137,
    8.949999809265137,
    9.029999732971191,
    8.899999618530273,
    8.729999542236328,
    9.149999618530273,
    9.399999618530273,
    9.140000343322754,
    8.989999771118164,
    9.229999542236328,
    9.300000190734863,
    9.3100004196167,
    9.079999923706055,
    8.869999885559082,
    9.039999961853027,
    8.829999923706055,
    8.729999542236328,
    8.640000343322754,
    8.569999694824219,
    8.569999694824219,
    8.579999923706055,
    8.710000038146973,
    8.920000076293945,
    8.880000114440918,
    9.220000267028809,
    9.289999961853027,
    9.300000190734863,
    9.300000190734863,
    9.550000190734863,
    9.100000381469727,
    9.119999885559082,
    9.4399995803833,
    9.4399995803833,
    9.199999809265137,
    9.359999656677246,
    9.229999542236328,
    9.270000457763672,
    9.65999984741211,
    9.390000343322754,
    9.5600004196167,
    9.829999923706055,
    9.979999542236328,
    9.710000038146973,
    9.119999885559082,
    9.09000015258789,
    8.880000114440918,
    8.649999618530273,
    8.739999771118164,
    8.380000114440918,
    8.289999961853027,
    8.350000381469727,
    8.604999542236328,
    8.9399995803833,
    9.109999656677246,
    9.140000343322754,
    9.270000457763672,
    9.140000343322754,
    9.140000343322754,
    8.369999885559082,
    7.940000057220459,
    8.270000457763672,
    8.390000343322754,
    8.539999961853027,
    8.489999771118164,
    8.449999809265137,
    8.010000228881836,
    7.980000019073486,
    8.210000038146973,
    8.079999923706055,
    8.119999885559082,
    8.319999694824219,
    8.319999694824219,
    8.359999656677246,
    8.489999771118164,
    8.5,
    8.640000343322754,
    8.489999771118164,
    8.9399995803833,
    8.890000343322754,
    8.739999771118164
  ],
  "high": [
    8.494999885559082,
    8.46500015258789,
    8.454999923706055,
    8.78499984741211,
    8.789999961853027,
    8.788999557495117,
    8.84000015258789,
    9.055000305175781,
    9.079999923706055,
    9.095000267028809,
    9.050000190734863,
    9.274999618530273,
    9.069999694824219,
    8.930999755859375,
    9.039999961853027,
    9.479999542236328,
    9.460000038146973,
    9.220000267028809,
    9.15999984741211,
    9.28499984741211,
    9.319999694824219,
    9.380000114440918,
    9.104999542236328,
    9.050000190734863,
    9.079999923706055,
    8.829999923706055,
    8.788000106811523,
    8.6899995803833,
    8.609999656677246,
    8.8100004196167,
    8.774999618530273,
    8.930000305175781,
    8.994999885559082,
    9.119999885559082,
    9.364999771118164,
    9.420000076293945,
    9.369999885559082,
    9.569999694824219,
    9.59000015258789,
    9.267000198364258,
    9.229999542236328,
    9.65999984741211,
    9.470000267028809,
    9.260000228881836,
    9.380000114440918,
    9.329999923706055,
    9.630000114440918,
    9.720000267028809,
    9.470000267028809,
    9.71500015258789,
    10.069999694824219,
    9.989999771118164,
    10.220000267028809,
    9.319999694824219,
    9.130000114440918,
    9.095000267028809,
    8.845000267028809,
    8.880000114440918,
    8.479999542236328,
    8.449999809265137,
    8.494999885559082,
    8.890000343322754,
    9.09000015258789,
    9.199999809265137,
    9.375,
    9.3100004196167,
    9.21500015258789,
    9.140000343322754,
    8.427000045776367,
    8.329999923706055,
    8.449999809265137,
    8.555000305175781,
    8.550000190734863,
    8.704999923706055,
    8.449999809265137,
    8.100000381469727,
    8.199999809265137,
    8.28499984741211,
    8.100000381469727,
    8.3100004196167,
    8.390000343322754,
    8.475000381469727,
    8.425000190734863,
    8.65999984741211,
    8.539999961853027,
    8.649999618530273,
    9.0,
    9.1899995803833,
    8.890000343322754,
    8.904999732971191
  ],
  "low": [
    8.300000190734863,
    8.289999961853027,
    8.164999961853027,
    8.53499984741211,
    8.5649995803833,
    8.684000015258789,
    8.729999542236328,
    8.869999885559082,
    8.904999732971191,
    8.90999984741211,
    8.84000015258789,
    8.930000305175781,
    8.850000381469727,
    8.739999771118164,
    8.680000305175781,
    9.119999885559082,
    9.109999656677246,
    8.949999809265137,
    8.960000038146973,
    9.149999618530273,
    9.121999740600586,
    8.994999885559082,
    8.77400016784668,
    8.760000228881836,
    8.95199966430664,
    8.654999732971191,
    8.5649995803833,
    8.529999732971191,
    8.289999961853027,
    8.510000228881836,
    8.550000190734863,
    8.704999923706055,
    8.829999923706055,
    8.8100004196167,
    9.170000076293945,
    9.255000114440918,
    9.15999984741211,
    9.244999885559082,
    8.949999809265137,
    9.020000457763672,
    9.055000305175781,
    9.4399995803833,
    9.154999732971191,
    9.130000114440918,
    9.260000228881836,
    9.109999656677246,
    9.199999809265137,
    9.390000343322754,
    9.25,
    9.550000190734863,
    9.770000457763672,
    9.75,
    9.16100025177002,
    8.960000038146973,
    8.819999694824219,
    8.869999885559082,
    8.595000267028809,
    8.345000267028809,
    8.15999984741211,
    8.255000114440918,
    8.154999732971191,
    8.579999923706055,
    8.895000457763672,
    8.984999656677246,
    9.140000343322754,
    8.899999618530273,
    9.0600004196167,
    8.180000305175781,
    8.0,
    7.90500020980835,
    8.1850004196167,
    8.380000114440918,
    8.180000305175781,
    8.449999809265137,
    8.180000305175781,
    7.940000057220459,
    7.920000076293945,
    8.130000114440918,
    7.889999866485596,
    8.109999656677246,
    8.25,
    8.279999732971191,
    8.265000343322754,
    8.470000267028809,
    8.4350004196167,
    8.449999809265137,
    8.40999984741211,
    8.9399995803833,
    8.635000228881836,
    8.725000381469727
  ],