{
  "timestamps": [
    1756785600000,
    1756872000000,
    1756958400000,
    1757044800000,
    1757304000000,
    1757390400000,
    1757476800000,
    1757563200000,
    1757649600000,
    1757908800000,
    1757995200000,
    1758081600000,
    1758168000000,
    1758254400000,
    1758513600000,
    1758600000000,
    1758686400000,
    1758772800000,
    1758859200000,
    1759118400000,
    1759204800000,
    1759291200000,
    1759377600000,
    1759464000000,
    1759723200000,
    1759809600000,
    1759896000000,
    1759982400000,
    1760068800000,
    1760328000000,
    1760414400000,
    1760500800000,
    1760587200000,
    1760673600000,
    1760932800000,
    1761019200000,
    1761105600000,
    1761192000000,
    1761278400000,
    1761537600000,
    1761624000000,
    1761710400000,
    1761796800000,
    1761883200000,
    1762146000000,
    1762232400000,
    1762318800000,
    1762405200000,
    1762491600000,
    1762750800000,
    1762837200000,
    1762923600000,
    1763010000000,
    1763096400000,
    1763355600000,
    1763442000000,
    1763528400000,
    1763614800000,
    1763701200000,
    1763960400000,
    1764046800000,
    1764133200000,
    1764306000000,
    1764565200000,
    1764651600000,
    1764738000000,
    1764824400000,
    1764910800000,
    1765170000000,
    1765256400000,
    1765342800000,
    1765429200000,
    1765515600000,
    1765774800000,
    1765861200000,
    1765947600000,
    1766034000000,
    1766120400000,
    1766379600000,
    1766466000000,
    1766552400000,
    1766725200000,
    1766984400000,
    1767070800000,
    1767157200000,
    1767330000000,
    1767589200000,
    1767675600000,
    1767762000000,
    1767848400000
  ],
  "open": [
    41.03499984741211,
    42.64500045776367,
    41.22999954223633,
    42.459999084472656,
    42.09000015258789,
    41.38999938964844,
    44.310001373291016,
    44.20000076293945,
    47.29999923706055,
    56.880001068115234,
    58.97999954223633,
    63.310001373291016,
    68.56999969482422,
    65.9800033569336,
    68.11000061035156,
    74.08000183105469,
    75.25,
    71.16000366210938,
    68.41000366210938,
    68.37999725341797,
    63.59000015258789,
    61.3849983215332,
    64.80999755859375,
    70.58999633789062,
    72.0,
    80.95999908447266,
    78.94999694824219,
    74.87000274658203,
    77.0,
    74.11000061035156,
    79.8499984741211,
    79.94000244140625,
    73.87000274658203,
    65.4020004272461,
    65.30999755859375,
    60.435001373291016,
    58.20000076293945,
    61.099998474121094,
    62.0099983215332,
    63.0,
    62.79999923706055,
    58.849998474121094,
    59.38999938964844,
    61.0,
    62.349998474121094,
    55.77000045776367,
    55.0,
    57.279998779296875,
    54.619998931884766,
    58.5,
    54.56999969482422,
    54.7599983215332,
    49.439998626708984,
    42.97999954223633,
    46.72999954223633,
    47.20000076293945,
    49.150001525878906,
    48.56999969482422,
    42.560001373291016,
    42.75,
    46.56999969482422,
    47.400001525878906,
    47.70000076293945,
    48.63999938964844,
    47.56999969482422,
    46.91999816894531,
    48.66999816894531,
    54.0,
    53.9900016784668,
    53.80500030517578,
    53.20000076293945,
    51.900001525878906,
    52.08000183105469,
    50.779998779296875,
    46.939998626708984,
    50.220001220703125,
    48.130001068115234,
    47.13999938964844,
    49.880001068115234,
    52.724998474121094,
    51.70000076293945,
    49.59000015258789,
    45.459999084472656,
    46.40999984741211,
    45.66999816894531,
    46.0099983215332,
    47.650001525878906,
    48.77000045776367,
    50.0,
    49.619998931884766
  ],
  "high": [
    43.04999923706055,
    43.209999084472656,
    43.029998779296875,
    42.72999954223633,
    42.59000015258789,
    44.2599983215332,
    45.18000030517578,
    47.22999954223633,
    56.06999969482422,
    59.88999938964844,
    62.849998474121094,
    66.38999938964844,
    70.43000030517578,
    71.30000305175781,
    73.16999816894531,
    76.12899780273438,
    75.94999694824219,
    72.29000091552734,
    70.41999816894531,
    68.87999725341797,
    65.0,
    64.8499984741211,
    69.5999984741211,
    73.76000213623047,
    79.2300033569336,
    82.97000122070312,
    82.41000366210938,
    78.0,
    77.37999725341797,
    84.63999938964844,
    81.08000183105469,
    80.2300033569336,
    73.87000274658203,
    65.72000122070312,
    65.5,
    60.900001525878906,
    59.349998474121094,
    62.93000030517578,
    64.11000061035156,
    65.5,
    64.56999969482422,
    62.099998474121094,
    61.84000015258789,
    62.970001220703125,
    62.689998626708984,
    57.15999984741211,
    56.40999984741211,
    58.9900016784668,
    59.29999923706055,
    59.02000045776367,
    56.029998779296875,
    55.599998474121094,
    49.900001525878906,
    48.779998779296875,
    49.25,
    50.28499984741211,
    50.68000030517578,
    49.56999969482422,
    42.7599983215332,
    47.334999084472656,
    47.90999984741211,
    48.25,
    49.849998474121094,
    48.869998931884766,
    49.68000030517578,
    48.90399932861328,
    55.31999969482422,
    54.2599983215332,
    54.81999969482422,
    55.65999984741211,
    53.608001708984375,
    52.880001068115234,
    53.0,
    51.0,
    49.900001525878906,
    52.1510009765625,
    48.715999603271484,
    49.439998626708984,
    55.599998474121094,
    54.540000915527344,
    51.880001068115234,
    49.68000030517578,
    46.7599983215332,
    46.83000183105469,
    46.4379997253418,
    47.09000015258789,
    50.31999969482422,
    50.77000045776367,
    51.86000061035156,
    52.5099983215332
  ],
  "low": [
    40.220001220703125,
    40.58000183105469,
    40.790000915527344,
    40.5099983215332,
    40.380001068115234,
    41.04499816894531,
    43.560001373291016,
    43.380001068115234,
    47.150001525878906,
    55.95000076293945,
    57.13100051879883,
    61.08000183105469,
    65.41999816894531,
    65.63999938964844,
    66.1500015258789,
    71.44999694824219,
    71.01000213623047,
    66.91000366210938,
    65.33000183105469,
    63.220001220703125,
    60.59000015258789,
    60.13999938964844,
    64.41000366210938,
    68.3499984741211,
    71.87999725341797,
    75.4800033569336,
    72.5989990234375,
    73.6500015258789,
    70.6449966430664,
    72.80000305175781,
    75.91999816894531,
    70.80000305175781,
    65.5,
    61.20600128173828,
    58.689998626708984,
    57.209999084472656,
    52.27000045776367,
    57.0,
    59.91999816894531,
    62.279998779296875,
    57.06999969482422,
    57.91999816894531,
    58.20000076293945,
    59.959999084472656,
    56.560001373291016,
    53.08000183105469,
    53.099998474121094,
    54.099998474121094,
    51.060001373291016,
    54.81999969482422,
    53.720001220703125,
    49.88999938964844,
    44.29999923706055,
    42.81999969482422,
    45.939998626708984,
    47.20000076293945,
    47.33000183105469,
    40.689998626708984,
    38.0,
    42.4900016784668,
    44.220001220703125,
    46.0099983215332,
    47.56999969482422,
    46.61199951171875,
    46.82500076293945,
    45.310001373291016,
    48.310001373291016,
    51.130001068115234,
    51.459999084472656,
    52.93000030517578,
    51.25,
    49.0620002746582,
    49.0,
    45.18000030517578,
    46.900001525878906,
    45.7599983215332,
    46.040000915527344,
    46.880001068115234,
    49.66999816894531,
    51.150001525878906,
    48.72999954223633,
    45.7599983215332,
    44.65999984741211,
    45.095001220703125,
    44.68000030517578,
    43.79999923706055,
    46.52000045776367,
    47.20000076293945,
    49.31999969482422,
    48.5
  ],