{
  "timestamps": [
    1756785600000,
    1756872000000,
    1756958400000,
    1757044800000,
    1757304000000,
    1757390400000,
    1757476800000,
    1757563200000,
    1757649600000,
    1757908800000,
    1757995200000,
    1758081600000,
    1758168000000,
    1758254400000,
    1758513600000,
    1758600000000,
    1758686400000,
    1758772800000,
    1758859200000,
    1759118400000,
    1759204800000,
    1759291200000,
    1759377600000,
    1759464000000,
    1759723200000,
    1759809600000,
    1759896000000,
    1759982400000,
    1760068800000,
    1760328000000,
    1760414400000,
    1760500800000,
    1760587200000,
    1760673600000,
    1760932800000,
    1761019200000,
    1761105600000,
    1761192000000,
    1761278400000,
    1761537600000,
    1761624000000,
    1761710400000,
    1761796800000,
    1761883200000,
    1762146000000,
    1762232400000,
    1762318800000,
    1762405200000,
    1762491600000,
    1762750800000,
    1762837200000,
    1762923600000,
    1763010000000,
    1763096400000,
    1763355600000,
    1763442000000,
    1763528400000,
    1763614800000,
    1763701200000,
    1763960400000,
    1764046800000,
    1764133200000,
    1764306000000,
    1764565200000,
    1764651600000,
    1764738000000,
    1764824400000,
    1764910800000,
    1765170000000,
    1765256400000,
    1765342800000,
    1765429200000,
    1765515600000,
    1765774800000,
    1765861200000,
    1765947600000,
    1766034000000,
    1766120400000,
    1766379600000,
    1766466000000,
    1766552400000,
    1766725200000,
    1766984400000,
    1767070800000,
    1767157200000,
    1767330000000,
    1767589200000,
    1767675600000,
    1767762000000,
    1767848400000
  ],
  "open": [
    25.59000015258789,
    30.0,
    27.93000030517578,
    27.155000686645508,
    26.43000030517578,
    28.524999618530273,
    30.68000030517578,
    33.26499938964844,
    33.279998779296875,
    34.76499938964844,
    37.459999084472656,
    35.755001068115234,
    38.380001068115234,
    36.709999084472656,
    41.3849983215332,
    43.02000045776367,
    43.3849983215332,
    44.275001525878906,
    43.68000030517578,
    43.625,
    45.314998626708984,
    46.61000061035156,
    48.41999816894531,
    47.540000915527344,
    54.025001525878906,
    60.224998474121094,
    59.959999084472656,
    62.4900016784668,
    67.87999725341797,
    63.48500061035156,
    63.22999954223633,
    71.38500213623047,
    68.94000244140625,
    59.279998779296875,
    63.61000061035156,
    57.244998931884766,
    53.650001525878906,
    52.72999954223633,
    59.06999969482422,
    64.98999786376953,
    63.68000030517578,
    61.45000076293945,
    58.560001373291016,
    61.79999923706055,
    73.06999969482422,
    64.21499633789062,
    68.80000305175781,
    75.76000213623047,
    65.11000061035156,
    65.8499984741211,
    59.27000045776367,
    58.310001373291016,
    52.75,
    45.63999938964844,
    46.11000061035156,
    46.814998626708984,
    49.529998779296875,
    48.970001220703125,
    42.86000061035156,
    43.0,
    47.01499938964844,
    49.375,
    49.54499816894531,
    45.17499923706055,
    45.86000061035156,
    41.1349983215332,
    42.97999954223633,
    45.599998474121094,
    45.31999969482422,
    45.810001373291016,
    46.41999816894531,
    43.119998931884766,
    43.34000015258789,
    40.34000015258789,
    34.88999938964844,
    37.16999816894531,
    35.65999984741211,
    36.900001525878906,
    42.0620002746582,
    40.720001220703125,
    41.83000183105469,
    42.529998779296875,
    39.38999938964844,
    39.619998931884766,
    38.349998474121094,
    39.0099983215332,
    44.79999923706055,
    47.20500183105469,
    45.4900016784668,
    43.73500061035156
  ],
  "high": [
    29.850000381469727,
    30.014999389648438,
    28.56999969482422,
    27.299999237060547,
    27.016000747680664,
    30.5,
    33.63999938964844,
    33.755001068115234,
    34.08000183105469,
    37.22999954223633,
    37.66999816894531,
    38.474998474121094,
    38.5,
    39.869998931884766,
    42.93000030517578,
    44.25,
    49.29999923706055,
    49.38999938964844,
    44.08000183105469,
    46.220001220703125,
    47.630001068115234,
    48.150001525878906,
    49.380001068115234,
    52.185001373291016,
    58.279998779296875,
    63.400001525878906,
    62.189998626708984,
    65.20500183105469,
    70.05000305175781,
    67.79000091552734,
    72.30000305175781,
    74.1500015258789,
    68.94000244140625,
    61.95000076293945,
    63.70000076293945,
    58.2400016784668,
    57.87300109863281,
    57.779998779296875,
    63.11000061035156,
    66.4800033569336,
    67.31999969482422,
    63.0099983215332,
    61.0099983215332,
    63.18000030517578,
    75.7300033569336,
    72.45500183105469,
    76.87000274658203,
    75.79000091552734,
    65.70999908447266,
    68.30000305175781,
    59.63999938964844,
    58.45000076293945,
    53.369998931884766,
    50.18000030517578,
    49.41999816894531,
    50.66999816894531,
    52.31999969482422,
    54.060001373291016,
    44.47999954223633,
    48.9900016784668,
    47.97999954223633,
    49.43000030517578,
    51.5,
    48.84000015258789,
    47.099998474121094,
    44.369998931884766,
    46.83000183105469,
    46.25,
    46.560001373291016,
    48.90999984741211,
    46.41999816894531,
    44.040000915527344,
    44.16999816894531,
    40.369998931884766,
    36.755001068115234,
    37.38999938964844,
    36.92499923706055,
    40.36000061035156,
    43.52000045776367,
    43.369998931884766,
    42.88999938964844,
    42.63999938964844,
    42.290000915527344,
    39.900001525878906,
    39.029998779296875,
    42.75,
    48.29999923706055,
    47.900001525878906,
    46.632999420166016,
    47.57500076293945
  ],
  "low": [
    25.399999618530273,
    27.610000610351562,
    25.81999969482422,
    25.309999465942383,
    25.3799991607666,
    27.049999237060547,
    30.469999313354492,
    31.739999771118164,
    32.34000015258789,
    34.099998474121094,
    35.7599983215332,
    34.619998931884766,
    36.029998779296875,
    36.630001068115234,
    39.64500045776367,
    40.58000183105469,
    43.31999969482422,
    43.56999969482422,
    39.70000076293945,
    43.209999084472656,
    44.9900016784668,
    45.93000030517578,
    44.95000076293945,
    46.66999816894531,
    53.1510009765625,
    55.459999084472656,
    57.2599983215332,
    60.915000915527344,
    58.02000045776367,
    61.790000915527344,
    59.63100051879883,
    66.54000091552734,
    61.099998474121094,
    57.63999938964844,
    57.43000030517578,
    52.64500045776367,
    48.20000076293945,
    52.06999969482422,
    58.130001068115234,
    62.560001373291016,
    61.849998474121094,
    58.02000045776367,
    57.279998779296875,
    59.459999084472656,
    64.37999725341797,
    63.29999923706055,
    67.69999694824219,
    66.66999816894531,
    58.380001068115234,
    59.779998779296875,
    56.08000183105469,
    53.540000915527344,
    48.029998779296875,
    44.54999923706055,
    45.45000076293945,
    46.5,
    45.52000045776367,
    43.20000076293945,
    39.52000045776367,
    42.91999816894531,
    44.099998474121094,
    46.040000915527344,
    47.244998931884766,
    44.2599983215332,
    40.83000183105469,
    39.93000030517578,
    42.52000045776367,
    44.04999923706055,
    43.619998931884766,
    45.20000076293945,
    43.845001220703125,
    40.86000061035156,
    39.31999969482422,
    35.36000061035156,
    33.34000015258789,
    33.611000061035156,
    35.06999969482422,
    36.689998626708984,
    41.0099983215332,
    40.650001525878906,
    40.849998474121094,
    39.529998779296875,
    39.060001373291016,
    38.119998931884766,
    37.20000076293945,
    38.06999969482422,
    44.16999816894531,
    43.18000030517578,
    43.599998474121094,
    42.54999923706055
  ],