{
  "timestamps": [
    1756785600000,
    1756872000000,
    1756958400000,
    1757044800000,
    1757304000000,
    1757390400000,
    1757476800000,
    1757563200000,
    1757649600000,
    1757908800000,
    1757995200000,
    1758081600000,
    1758168000000,
    1758254400000,
    1758513600000,
    1758600000000,
    1758686400000,
    1758772800000,
    1758859200000,
    1759118400000,
    1759204800000,
    1759291200000,
    1759377600000,
    1759464000000,
    1759723200000,
    1759809600000,
    1759896000000,
    1759982400000,
    1760068800000,
    1760328000000,
    1760414400000,
    1760500800000,
    1760587200000,
    1760673600000,
    1760932800000,
    1761019200000,
    1761105600000,
    1761192000000,
    1761278400000,
    1761537600000,
    1761624000000,
    1761710400000,
    1761796800000,
    1761883200000,
    1762146000000,
    1762232400000,
    1762318800000,
    1762405200000,
    1762491600000,
    1762750800000,
    1762837200000,
    1762923600000,
    1763010000000,
    1763096400000,
    1763355600000,
    1763442000000,
    1763528400000,
    1763614800000,
    1763701200000,
    1763960400000,
    1764046800000,
    1764133200000,
    1764306000000,
    1764565200000,
    1764651600000,
    1764738000000,
    1764824400000,
    1764910800000,
    1765170000000,
    1765256400000,
    1765342800000,
    1765429200000,
    1765515600000,
    1765774800000,
    1765861200000,
    1765947600000,
    1766034000000,
    1766120400000,
    1766379600000,
    1766466000000,
    1766552400000,
    1766725200000,
    1766984400000,
    1767070800000,
    1767157200000,
    1767330000000,
    1767589200000,
    1767675600000,
    1767762000000,
    1767848400000
  ],
  "open": [
    92.87999725341797,
    91.80999755859375,
    89.52999877929688,
    91.19000244140625,
    88.87999725341797,
    87.05000305175781,
    84.25,
    85.25,
    85.33000183105469,
    85.0199966430664,
    85.0,
    85.5,
    90.0999984741211,
    90.08000183105469,
    87.11000061035156,
    86.45999908447266,
    84.69999694824219,
    84.0,
    84.23999786376953,
    85.0,
    82.12000274658203,
    82.0,
    80.0,
    80.16000366210938,
    80.37999725341797,
    78.37999725341797,
    78.25499725341797,
    77.23999786376953,
    76.0,
    74.5,
    75.0,
    75.5,
    75.30999755859375,
    73.25,
    74.0,
    74.55999755859375,
    74.29000091552734,
    74.08000183105469,
    75.05000305175781,
    77.05000305175781,
    76.7300033569336,
    75.46499633789062,
    75.19999694824219,
    73.5,
    75.0,
    74.66999816894531,
    73.48999786376953,
    73.81999969482422,
    71.69999694824219,
    74.26000213623047,
    74.2699966430664,
    75.12000274658203,
    75.05000305175781,
    73.6500015258789,
    73.0,
    72.5,
    72.6500015258789,
    74.0,
    71.0,
    71.04000091552734,
    72.01000213623047,
    74.9800033569336,
    75.22000122070312,
    77.5,
    77.41000366210938,
    77.55999755859375,
    78.05999755859375,
    77.12999725341797,
    76.36000061035156,
    74.43000030517578,
    73.5199966430664,
    75.7300033569336,
    76.20999908447266,
    76.80000305175781,
    75.55999755859375,
    77.9800033569336,
    78.80999755859375,
    78.79000091552734,
    78.87999725341797,
    79.91000366210938,
    78.79000091552734,
    79.05000305175781,
    78.68000030517578,
    78.66000366210938,
    79.0,
    78.95999908447266,
    77.3499984741211,
    79.69999694824219,
    84.25,
    83.04000091552734
  ],
  "high": [
    93.40499877929688,
    92.18000030517578,
    91.54000091552734,
    92.13500213623047,
    89.44400024414062,
    87.69999694824219,
    85.49500274658203,
    86.49800109863281,
    86.0,
    85.5,
    85.75,
    90.27999877929688,
    92.98999786376953,
    90.0999984741211,
    87.11000061035156,
    87.1500015258789,
    85.25499725341797,
    84.96499633789062,
    85.0199966430664,
    85.0,
    82.7699966430664,
    82.94999694824219,
    80.5,
    80.6500015258789,
    80.69999694824219,
    78.5,
    78.94000244140625,
    77.77999877929688,
    76.4219970703125,
    75.55999755859375,
    75.25,
    75.81999969482422,
    75.80999755859375,
    75.27999877929688,
    75.52999877929688,
    75.0770034790039,
    75.26000213623047,
    75.3499984741211,
    76.55999755859375,
    77.25,
    77.36799621582031,
    76.38999938964844,
    75.44000244140625,
    75.12000274658203,
    76.11499786376953,
    75.05999755859375,
    74.3499984741211,
    74.58999633789062,
    72.11000061035156,
    77.0,
    76.56600189208984,
    76.98500061035156,
    75.53199768066406,
    74.54000091552734,
    74.03600311279297,
    73.1969985961914,
    73.36000061035156,
    74.66000366210938,
    71.79000091552734,
    72.36000061035156,
    74.73999786376953,
    75.56999969482422,
    78.69999694824219,
    79.56999969482422,
    78.5999984741211,
    78.62999725341797,
    79.0,
    77.8759994506836,
    76.92500305175781,
    74.55999755859375,
    76.03500366210938,
    77.61000061035156,
    77.7699966430664,
    76.80000305175781,
    77.94000244140625,
    80.0199966430664,
    80.6500015258789,
    79.02999877929688,
    79.45999908447266,
    79.91000366210938,
    79.4000015258789,
    79.38999938964844,
    79.44999694824219,
    79.33000183105469,
    79.43499755859375,
    79.0999984741211,
    79.05000305175781,
    83.44999694824219,
    84.75499725341797,
    84.18000030517578
  ],
  "low": [
    90.5,
    88.91000366210938,
    89.25,
    88.5,
    86.69000244140625,
    86.31999969482422,
    83.00499725341797,
    84.37999725341797,
    84.0,
    84.13500213623047,
    84.0,
    85.01000213623047,
    89.5999984741211,
    87.7300033569336,
    85.0,
    84.30000305175781,
    83.86000061035156,
    83.16999816894531,
    83.75,
    81.68000030517578,
    81.26000213623047,
    79.4800033569336,
    78.88999938964844,
    79.30000305175781,
    77.5,
    76.69999694824219,
    76.19000244140625,
    75.4000015258789,
    73.34500122070312,
    73.80999755859375,
    74.06999969482422,
    73.98999786376953,
    72.22000122070312,
    73.12999725341797,
    73.80000305175781,
    73.37999725341797,
    73.91200256347656,
    73.66000366210938,
    75.0199966430664,
    76.30999755859375,
    74.8499984741211,
    74.3550033569336,
    72.92500305175781,
    73.16000366210938,
    74.8499984741211,
    73.41999816894531,
    72.5,
    71.58000183105469,
    70.61000061035156,
    72.8949966430664,
    73.25,
    74.69999694824219,
    73.6500015258789,
    72.80000305175781,
    71.87999725341797,
    72.12000274658203,
    71.58000183105469,
    71.16000366210938,
    70.625,
    70.63999938964844,
    72.01000213623047,
    73.95999908447266,
    74.55999755859375,
    76.70500183105469,
    77.0,
    77.0999984741211,
    76.91000366210938,
    76.16999816894531,
    74.19000244140625,
    73.11000061035156,
    73.51000213623047,
    74.69499969482422,
    75.98999786376953,
    74.9800033569336,
    75.50499725341797,
    77.79000091552734,
    78.25,
    77.5199966430664,
    78.19999694824219,
    77.54000091552734,
    77.80500030517578,
    78.33000183105469,
    78.0,
    78.0199966430664,
    78.0999984741211,
    77.0,
    76.62000274658203,
    79.0,
    82.05000305175781,
    80.5999984741211
  ],