{
  "timestamps": [
    1756785600000,
    1756872000000,
    1756958400000,
    1757044800000,
    1757304000000,
    1757390400000,
    1757476800000,
    1757563200000,
    1757649600000,
    1757908800000,
    1757995200000,
    1758081600000,
    1758168000000,
    1758254400000,
    1758513600000,
    1758600000000,
    1758686400000,
    1758772800000,
    1758859200000,
    1759118400000,
    1759204800000,
    1759291200000,
    1759377600000,
    1759464000000,
    1759723200000,
    1759809600000,
    1759896000000,
    1759982400000,
    1760068800000,
    1760328000000,
    1760414400000,
    1760500800000,
    1760587200000,
    1760673600000,
    1760932800000,
    1761019200000,
    1761105600000,
    1761192000000,
    1761278400000,
    1761537600000,
    1761624000000,
    1761710400000,
    1761796800000,
    1761883200000,
    1762146000000,
    1762232400000,
    1762318800000,
    1762405200000,
    1762491600000,
    1762750800000,
    1762837200000,
    1762923600000,
    1763010000000,
    1763096400000,
    1763355600000,
    1763442000000,
    1763528400000,
    1763614800000,
    1763701200000,
    1763960400000,
    1764046800000,
    1764133200000,
    1764306000000,
    1764565200000,
    1764651600000,
    1764738000000,
    1764824400000,
    1764910800000,
    1765170000000,
    1765256400000,
    1765342800000,
    1765429200000,
    1765515600000,
    1765774800000,
    1765861200000,
    1765947600000,
    1766034000000,
    1766120400000,
    1766379600000,
    1766466000000,
    1766552400000,
    1766725200000,
    1766984400000,
    1767070800000,
    1767157200000,
    1767330000000,
    1767589200000,
    1767675600000,
    1767762000000,
    1767848400000
  ],
  "open": [
    64.41000366210938,
    66.27999877929688,
    64.30000305175781,
    64.5,
    64.83999633789062,
    64.12999725341797,
    65.3499984741211,
    66.08999633789062,
    67.73999786376953,
    69.44999694824219,
    71.05999755859375,
    75.01000213623047,
    76.6500015258789,
    81.5199966430664,
    80.61000061035156,
    81.0999984741211,
    84.37000274658203,
    80.0,
    85.0,
    88.94999694824219,
    88.38999938964844,
    90.5,
    95.0,
    95.69000244140625,
    98.3499984741211,
    101.1500015258789,
    103.06999969482422,
    107.63999938964844,
    94.69999694824219,
    97.47000122070312,
    93.72000122070312,
    97.94999694824219,
    91.98999786376953,
    84.91999816894531,
    87.27999877929688,
    87.11000061035156,
    90.0,
    85.19999694824219,
    92.12999725341797,
    93.06999969482422,
    91.06999969482422,
    90.0,
    90.0,
    89.5,
    90.83000183105469,
    88.2300033569336,
    82.37000274658203,
    77.94999694824219,
    70.30000305175781,
    81.43000030517578,
    77.7300033569336,
    76.77999877929688,
    74.94000244140625,
    69.16000366210938,
    72.08999633789062,
    68.73999786376953,
    69.58000183105469,
    74.4800033569336,
    66.80999755859375,
    69.41999816894531,
    74.16000366210938,
    75.80000305175781,
    76.2300033569336,
    76.5999984741211,
    74.12000274658203,
    71.01000213623047,
    72.5199966430664,
    77.69000244140625,
    77.58999633789062,
    76.56999969482422,
    76.0,
    76.73999786376953,
    78.93000030517578,
    76.2699966430664,
    73.0,
    73.12999725341797,
    70.94000244140625,
    71.52999877929688,
    77.0,
    80.47000122070312,
    81.11000061035156,
    79.91000366210938,
    76.95999908447266,
    78.19000244140625,
    76.80000305175781,
    76.55000305175781,
    84.91000366210938,
    89.88999938964844,
    92.62999725341797,
    99.52999877929688
  ],
  "high": [
    67.41000366210938,
    67.16999816894531,
    64.44000244140625,
    65.29000091552734,
    65.0,
    64.83000183105469,
    66.75,
    69.13999938964844,
    69.70999908447266,
    71.30999755859375,
    76.62000274658203,
    77.02999877929688,
    81.44000244140625,
    82.30999755859375,
    82.62999725341797,
    85.4800033569336,
    85.0,
    84.87999725341797,
    86.83999633789062,
    89.66999816894531,
    91.87000274658203,
    93.5199966430664,
    96.4000015258789,
    98.12000274658203,
    103.0,
    104.70999908447266,
    106.30999755859375,
    112.56999969482422,
    102.6500015258789,
    101.5,
    97.0999984741211,
    98.48999786376953,
    92.58999633789062,
    86.5199966430664,
    88.72000122070312,
    90.80000305175781,
    90.0,
    89.94999694824219,
    92.93000030517578,
    94.5999984741211,
    92.44999694824219,
    93.87000274658203,
    91.0,
    92.1500015258789,
    91.72000122070312,
    91.58999633789062,
    82.5,
    79.47000122070312,
    78.3499984741211,
    82.0,
    78.98999786376953,
    78.16999816894531,
    75.9000015258789,
    73.7699966430664,
    72.94999694824219,
    71.25,
    72.18000030517578,
    74.4800033569336,
    69.33999633789062,
    74.44000244140625,
    76.18000030517578,
    77.16999816894531,
    76.48999786376953,
    76.5999984741211,
    74.5999984741211,
    73.0,
    78.31999969482422,
    78.12999725341797,
    78.06999969482422,
    79.66000366210938,
    78.45999908447266,
    79.47000122070312,
    79.4000015258789,
    76.41999816894531,
    74.62999725341797,
    74.23999786376953,
    72.41000366210938,
    75.79000091552734,
    81.87000274658203,
    83.41000366210938,
    81.94000244140625,
    79.91000366210938,
    78.22000122070312,
    78.19000244140625,
    76.97000122070312,
    79.7300033569336,
    90.11000061035156,
    92.02999877929688,
    95.31999969482422,
    109.80000305175781
  ],
  "low": [
    63.02000045776367,
    64.05999755859375,
    61.75,
    61.400001525878906,
    62.33000183105469,
    62.65999984741211,
    64.19000244140625,
    65.5999984741211,
    67.6500015258789,
    67.9000015258789,
    70.83000183105469,
    73.11000061035156,
    75.0199966430664,
    79.9000015258789,
    79.30000305175781,
    81.0999984741211,
    80.8499984741211,
    78.87000274658203,
    84.43000030517578,
    87.80000305175781,
    88.0999984741211,
    88.62999725341797,
    92.52999877929688,
    93.86000061035156,
    98.0199966430664,
    100.0,
    101.9000015258789,
    96.80000305175781,
    92.9000015258789,
    94.66999816894531,
    90.79000091552734,
    89.16000366210938,
    88.48999786376953,
    81.70999908447266,
    85.19999694824219,
    85.19999694824219,
    80.80999755859375,
    84.87000274658203,
    89.18000030517578,
    88.26000213623047,
    89.69000244140625,
    89.95999908447266,
    88.04000091552734,
    87.91000366210938,
    87.94999694824219,
    86.81999969482422,
    75.8499984741211,
    70.2699966430664,
    68.6500015258789,
    77.05000305175781,
    75.88999938964844,
    75.5,
    71.30999755859375,
    69.0,
    68.8499984741211,
    67.77999877929688,
    69.30000305175781,
    66.91000366210938,
    64.80000305175781,
    69.13999938964844,
    72.6500015258789,
    75.30999755859375,
    75.01000213623047,
    72.93000030517578,
    70.87000274658203,
    69.68000030517578,
    72.27999877929688,
    74.76000213623047,
    75.1500015258789,
    76.05999755859375,
    73.19999694824219,
    74.80000305175781,
    75.19999694824219,
    73.0999984741211,
    72.41999816894531,
    69.30999755859375,
    70.13999938964844,
    71.2300033569336,
    76.80999755859375,
    79.8499984741211,
    79.27999877929688,
    76.0999984741211,
    76.1500015258789,
    75.80000305175781,
    74.87999725341797,
    74.33000183105469,
    82.12999725341797,
    86.69999694824219,
    90.51000213623047,
    98.7699966430664
  ],