{
  "timestamps": [
    1756785600000,
    1756872000000,
    1756958400000,
    1757044800000,
    1757304000000,
    1757390400000,
    1757476800000,
    1757563200000,
    1757649600000,
    1757908800000,
    1757995200000,
    1758081600000,
    1758168000000,
    1758254400000,
    1758513600000,
    1758600000000,
    1758686400000,
    1758772800000,
    1758859200000,
    1759118400000,
    1759204800000,
    1759291200000,
    1759377600000,
    1759464000000,
    1759723200000,
    1759809600000,
    1759896000000,
    1759982400000,
    1760068800000,
    1760328000000,
    1760414400000,
    1760500800000,
    1760587200000,
    1760673600000,
    1760932800000,
    1761019200000,
    1761105600000,
    1761192000000,
    1761278400000,
    1761537600000,
    1761624000000,
    1761710400000,
    1761796800000,
    1761883200000,
    1762146000000,
    1762232400000,
    1762318800000,
    1762405200000,
    1762491600000,
    1762750800000,
    1762837200000,
    1762923600000,
    1763010000000,
    1763096400000,
    1763355600000,
    1763442000000,
    1763528400000,
    1763614800000,
    1763701200000,
    1763960400000,
    1764046800000,
    1764133200000,
    1764306000000,
    1764565200000,
    1764651600000,
    1764738000000,
    1764824400000,
    1764910800000,
    1765170000000,
    1765256400000,
    1765342800000,
    1765429200000,
    1765515600000,
    1765774800000,
    1765861200000,
    1765947600000,
    1766034000000,
    1766120400000,
    1766379600000,
    1766466000000,
    1766552400000,
    1766725200000,
    1766984400000,
    1767070800000,
    1767157200000,
    1767330000000,
    1767589200000,
    1767675600000,
    1767762000000,
    1767848400000
  ],
  "open": [
    192.47000122070312,
    207.5,
    202.0,
    201.0,
    205.5,
    205.0,
    221.52999877929688,
    218.0,
    220.3300018310547,
    222.6999969482422,
    243.0,
    233.0,
    236.02000427246094,
    260.0,
    296.8800048828125,
    310.0,
    303.489990234375,
    265.25,
    316.1499938964844,
    316.70001220703125,
    307.989990234375,
    303.989990234375,
    339.9700012207031,
    351.5,
    348.9599914550781,
    357.8999938964844,
    378.8800048828125,
    367.1199951171875,
    380.9800109863281,
    414.760009765625,
    387.0,
    430.0,
    454.0,
    398.67999267578125,
    400.0,
    385.0,
    351.2300109863281,
    320.0,
    364.3299865722656,
    391.1499938964844,
    374.0,
    366.239990234375,
    375.0,
    386.0,
    350.7300109863281,
    313.75,
    331.0,
    287.3500061035156,
    254.17999267578125,
    308.989990234375,
    279.07000732421875,
    277.04998779296875,
    263.6099853515625,
    231.0,
    240.0,
    240.0800018310547,
    252.32000732421875,
    282.9599914550781,
    236.1999969482422,
    237.0,
    249.83999633789062,
    254.0,
    259.0,
    250.0,
    252.67999267578125,
    265.0,
    267.510009765625,
    287.0,
    269.260009765625,
    264.0,
    260.0,
    256.7900085449219,
    272.739990234375,
    250.25,
    222.60000610351562,
    235.8699951171875,
    227.61000061035156,
    235.1999969482422,
    270.25,
    255.0,
    257.010009765625,
    260.3900146484375,
    247.4600067138672,
    248.7100067138672,
    247.02999877929688,
    247.85000610351562,
    280.67999267578125,
    311.0,
    310.4599914550781,
    317.9800109863281
  ],
  "high": [
    205.0,
    209.9499969482422,
    205.8800048828125,
    205.39999389648438,
    208.22000122070312,
    223.97999572753906,
    225.5,
    232.6699981689453,
    228.0,
    243.8000030517578,
    243.24000549316406,
    235.0,
    264.8800048828125,
    301.57000732421875,
    312.5400085449219,
    312.0,
    304.9700012207031,
    318.0799865722656,
    338.0,
    322.0,
    320.760009765625,
    334.7799987792969,
    350.0299987792969,
    360.1400146484375,
    361.3699951171875,
    388.6199951171875,
    386.0,
    389.4100036621094,
    423.239990234375,
    430.0,
    415.1300048828125,
    460.5,
    464.25,
    411.510009765625,
    408.989990234375,
    395.0,
    365.0,
    349.9599914550781,
    388.0,
    391.79998779296875,
    382.2699890136719,
    402.0,
    393.9800109863281,
    390.0,
    362.0799865722656,
    340.0,
    338.8599853515625,
    299.8999938964844,
    298.9599914550781,
    317.1700134277344,
    283.79998779296875,
    283.8900146484375,
    269.0,
    261.0,
    251.83999633789062,
    251.3000030517578,
    267.989990234375,
    286.0,
    243.64999389648438,
    253.0,
    252.5,
    258.32000732421875,
    263.6000061035156,
    257.4200134277344,
    271.0,
    269.989990234375,
    286.0,
    287.17999267578125,
    269.5299987792969,
    266.7699890136719,
    270.5,
    274.0,
    272.739990234375,
    251.99000549316406,
    236.91000366210938,
    241.3000030517578,
    237.97000122070312,
    265.8800048828125,
    281.3299865722656,
    269.1499938964844,
    262.07000732421875,
    260.3900146484375,
    263.7300109863281,
    254.74000549316406,
    248.5,
    272.70001220703125,
    305.760009765625,
    321.7099914550781,
    326.3599853515625,
    317.9800109863281
  ],
  "low": [
    186.5,
    197.8800048828125,
    198.05999755859375,
    191.67999267578125,
    198.1999969482422,
    202.44000244140625,
    215.75999450683594,
    214.0,
    219.89999389648438,
    220.1300048828125,
    226.42999267578125,
    221.22999572753906,
    231.6199951171875,
    260.0,
    282.55999755859375,
    295.04998779296875,
    276.0,
    261.55999755859375,
    297.0,
    299.4599914550781,
    306.0,
    303.5799865722656,
    325.5,
    334.04998779296875,
    339.0,
    357.0,
    359.010009765625,
    362.9800109863281,
    362.6499938964844,
    387.04998779296875,
    370.0,
    412.1600036621094,
    406.010009765625,
    365.6400146484375,
    372.6000061035156,
    367.7699890136719,
    293.82000732421875,
    308.0,
    354.0,
    350.6000061035156,
    354.1000061035156,
    355.989990234375,
    371.0,
    360.17999267578125,
    332.0,
    312.0199890136719,
    321.0,
    266.0,
    254.00999450683594,
    280.4800109863281,
    267.1600036621094,
    266.7900085449219,
    247.8699951171875,
    230.00999450683594,
    240.0,
    235.35000610351562,
    247.94000244140625,
    239.63999938964844,
    221.35000610351562,
    235.0,
    232.19000244140625,
    250.35000610351562,
    253.55999755859375,
    248.0399932861328,
    252.5,
    253.8000030517578,
    264.0,
    259.0,
    258.0,
    258.0,
    248.92999267578125,
    255.57000732421875,
    243.47999572753906,
    228.52999877929688,
    220.22000122070312,
    220.8699951171875,
    220.5,
    234.74000549316406,
    259.0,
    253.13999938964844,
    252.0,
    245.89999389648438,
    245.13999938964844,
    243.5399932861328,
    239.0,
    246.11000061035156,
    276.0,
    299.0,
    306.0,
    285.1199951171875
  ],