{
  "timestamps": [
    1756785600000,
    1756872000000,
    1756958400000,
    1757044800000,
    1757304000000,
    1757390400000,
    1757476800000,
    1757563200000,
    1757649600000,
    1757908800000,
    1757995200000,
    1758081600000,
    1758168000000,
    1758254400000,
    1758513600000,
    1758600000000,
    1758686400000,
    1758772800000,
    1758859200000,
    1759118400000,
    1759204800000,
    1759291200000,
    1759377600000,
    1759464000000,
    1759723200000,
    1759809600000,
    1759896000000,
    1759982400000,
    1760068800000,
    1760328000000,
    1760414400000,
    1760500800000,
    1760587200000,
    1760673600000,
    1760932800000,
    1761019200000,
    1761105600000,
    1761192000000,
    1761278400000,
    1761537600000,
    1761624000000,
    1761710400000,
    1761796800000,
    1761883200000,
    1762146000000,
    1762232400000,
    1762318800000,
    1762405200000,
    1762491600000,
    1762750800000,
    1762837200000,
    1762923600000,
    1763010000000,
    1763096400000,
    1763355600000,
    1763442000000,
    1763528400000,
    1763614800000,
    1763701200000,
    1763960400000,
    1764046800000,
    1764133200000,
    1764306000000,
    1764565200000,
    1764651600000,
    1764738000000,
    1764824400000,
    1764910800000,
    1765170000000,
    1765256400000,
    1765342800000,
    1765429200000,
    1765515600000,
    1765774800000,
    1765861200000,
    1765947600000,
    1766034000000,
    1766120400000,
    1766379600000,
    1766466000000,
    1766552400000,
    1766725200000,
    1766984400000,
    1767070800000,
    1767157200000,
    1767330000000,
    1767589200000,
    1767675600000,
    1767762000000,
    1767848400000
  ],
  "open": [
    95.7699966430664,
    97.02999877929688,
    97.66000366210938,
    101.69999694824219,
    105.01000213623047,
    104.91000366210938,
    106.69999694824219,
    108.3499984741211,
    115.91999816894531,
    117.80000305175781,
    119.9800033569336,
    120.81999969482422,
    126.55000305175781,
    126.36000061035156,
    129.8000030517578,
    129.75,
    130.0,
    126.44000244140625,
    127.94000244140625,
    133.0800018310547,
    131.35000610351562,
    132.41000366210938,
    146.97000122070312,
    145.82000732421875,
    149.89999389648438,
    149.22999572753906,
    137.91000366210938,
    141.75,
    140.60000610351562,
    138.08999633789062,
    134.10000610351562,
    144.0,
    147.5800018310547,
    142.25999450683594,
    143.49000549316406,
    143.97999572753906,
    144.89999389648438,
    138.0,
    149.91000366210938,
    156.13999938964844,
    155.52000427246094,
    158.25,
    162.3699951171875,
    162.5500030517578,
    159.99000549316406,
    155.6300048828125,
    157.57000732421875,
    163.38999938964844,
    159.8300018310547,
    164.55999755859375,
    164.1699981689453,
    161.30999755859375,
    158.88999938964844,
    147.50999450683594,
    147.30999755859375,
    145.25,
    146.77000427246094,
    153.4600067138672,
    139.8000030517578,
    145.60000610351562,
    149.5500030517578,
    152.97000122070312,
    156.1999969482422,
    154.85000610351562,
    155.85000610351562,
    156.88999938964844,
    157.0500030517578,
    159.00999450683594,
    161.97999572753906,
    160.75,
    165.08999633789062,
    165.66000366210938,
    166.83999633789062,
    163.39999389648438,
    164.5,
    163.86000061035156,
    163.19000244140625,
    166.0800018310547,
    175.67999267578125,
    175.25999450683594,
    175.25999450683594,
    178.42999267578125,
    176.5,
    176.5399932861328,
    174.49000549316406,
    177.85000610351562,
    190.1199951171875,
    197.7899932861328,
    202.5800018310547,
    202.8699951171875
  ],
  "high": [
    97.2699966430664,
    97.86000061035156,
    101.11000061035156,
    103.01000213623047,
    106.37000274658203,
    105.81999969482422,
    107.77999877929688,
    115.9000015258789,
    117.5,
    119.33000183105469,
    120.97000122070312,
    123.27999877929688,
    128.6999969482422,
    127.80000305175781,
    132.6300048828125,
    133.57000732421875,
    130.22999572753906,
    129.05999755859375,
    128.75999450683594,
    133.36000061035156,
    134.2100067138672,
    143.08999633789062,
    147.35000610351562,
    147.91000366210938,
    153.6999969482422,
    149.36000061035156,
    142.8800048828125,
    142.86000061035156,
    141.8000030517578,
    138.89999389648438,
    140.9199981689453,
    145.22000122070312,
    147.5800018310547,
    142.64999389648438,
    146.47999572753906,
    145.44000244140625,
    145.75,
    148.4600067138672,
    153.2100067138672,
    158.25,
    156.1300048828125,
    163.08999633789062,
    165.22000122070312,
    164.05999755859375,
    162.24000549316406,
    161.08999633789062,
    166.9199981689453,
    165.2100067138672,
    159.9499969482422,
    167.14999389648438,
    164.6199951171875,
    162.16000366210938,
    160.30999755859375,
    152.9499969482422,
    153.80999755859375,
    147.44000244140625,
    150.39999389648438,
    154.3699951171875,
    144.41000366210938,
    152.55999755859375,
    152.8000030517578,
    156.97000122070312,
    156.1999969482422,
    156.7899932861328,
    159.4499969482422,
    160.10000610351562,
    158.52000427246094,
    161.0500030517578,
    164.6199951171875,
    166.36000061035156,
    169.69000244140625,
    169.14999389648438,
    167.8000030517578,
    166.8699951171875,
    166.19000244140625,
    164.52000427246094,
    168.2899932861328,
    173.5800018310547,
    175.9600067138672,
    177.2899932861328,
    177.55999755859375,
    179.8000030517578,
    179.22999572753906,
    177.36000061035156,
    174.91000366210938,
    185.77999877929688,
    198.36000061035156,
    210.4499969482422,
    205.3800048828125,
    203.22000122070312
  ],
  "low": [
    94.11000061035156,
    96.44000244140625,
    97.16000366210938,
    100.68000030517578,
    104.4800033569336,
    104.45999908447266,
    104.61000061035156,
    108.29000091552734,
    115.87999725341797,
    117.02999877929688,
    118.66999816894531,
    119.51000213623047,
    125.04000091552734,
    125.0,
    129.16000366210938,
    129.36000061035156,
    127.0199966430664,
    125.0199966430664,
    126.37000274658203,
    131.02999877929688,
    130.80999755859375,
    131.94000244140625,
    143.7100067138672,
    144.60000610351562,
    149.1199951171875,
    139.5,
    137.61000061035156,
    140.5800018310547,
    131.02000427246094,
    136.5800018310547,
    134.0399932861328,
    141.10000610351562,
    140.3699951171875,
    139.82000732421875,
    143.42999267578125,
    142.47000122070312,
    136.86000061035156,
    137.3699951171875,
    148.0,
    155.74000549316406,
    154.27999877929688,
    158.08999633789062,
    160.3000030517578,
    156.60000610351562,
    159.0,
    155.16000366210938,
    157.0,
    160.19000244140625,
    153.1999969482422,
    163.6999969482422,
    157.7100067138672,
    158.47999572753906,
    151.72999572753906,
    145.3699951171875,
    145.94000244140625,
    142.5,
    145.50999450683594,
    138.3000030517578,
    135.5,
    144.42999267578125,
    145.5,
    152.5,
    153.8300018310547,
    153.25,
    155.66000366210938,
    153.14999389648438,
    154.9199981689453,
    157.8800048828125,
    160.85000610351562,
    160.75,
    162.5399932861328,
    160.32000732421875,
    159.08999633789062,
    162.16000366210938,
    160.7899932861328,
    153.60000610351562,
    162.0,
    166.0800018310547,
    171.49000549316406,
    174.77999877929688,
    175.1999969482422,
    177.8000030517578,
    174.75,
    173.58999633789062,
    170.75999450683594,
    177.5,
    190.1199951171875,
    197.14999389648438,
    199.8000030517578,
    195.0399932861328
  ],