{
  "timestamps": [
    1756785600000,
    1756872000000,
    1756958400000,
    1757044800000,
    1757304000000,
    1757390400000,
    1757476800000,
    1757563200000,
    1757649600000,
    1757908800000,
    1757995200000,
    1758081600000,
    1758168000000,
    1758254400000,
    1758513600000,
    1758600000000,
    1758686400000,
    1758772800000,
    1758859200000,
    1759118400000,
    1759204800000,
    1759291200000,
    1759377600000,
    1759464000000,
    1759723200000,
    1759809600000,
    1759896000000,
    1759982400000,
    1760068800000,
    1760328000000,
    1760414400000,
    1760500800000,
    1760587200000,
    1760673600000,
    1760932800000,
    1761019200000,
    1761105600000,
    1761192000000,
    1761278400000,
    1761537600000,
    1761624000000,
    1761710400000,
    1761796800000,
    1761883200000,
    1762146000000,
    1762232400000,
    1762318800000,
    1762405200000,
    1762491600000,
    1762750800000,
    1762837200000,
    1762923600000,
    1763010000000,
    1763096400000,
    1763355600000,
    1763442000000,
    1763528400000,
    1763614800000,
    1763701200000,
    1763960400000,
    1764046800000,
    1764133200000,
    1764306000000,
    1764565200000,
    1764651600000,
    1764738000000,
    1764824400000,
    1764910800000,
    1765170000000,
    1765256400000,
    1765342800000,
    1765429200000,
    1765515600000,
    1765774800000,
    1765861200000,
    1765947600000,
    1766034000000,
    1766120400000,
    1766379600000,
    1766466000000,
    1766552400000,
    1766725200000,
    1766984400000,
    1767070800000,
    1767157200000,
    1767330000000,
    1767589200000,
    1767675600000,
    1767762000000,
    1767848400000
  ],
  "open": [
    8.470000267028809,
    8.710000038146973,
    8.449999809265137,
    8.569999694824219,
    8.494999885559082,
    8.40999984741211,
    8.470000267028809,
    8.279999732971191,
    8.5,
    9.125,
    9.0,
    9.079999923706055,
    9.5,
    9.699999809265137,
    9.5600004196167,
    10.329999923706055,
    10.5,
    9.640000343322754,
    10.029999732971191,
    10.220000267028809,
    10.199999809265137,
    10.574999809265137,
    10.859999656677246,
    11.489999771118164,
    11.65999984741211,
    12.119999885559082,
    12.0,
    12.475000381469727,
    12.914999961853027,
    12.609999656677246,
    11.930000305175781,
    14.020000457763672,
    13.09000015258789,
    12.319999694824219,
    12.84000015258789,
    12.779999732971191,
    12.5,
    11.46500015258789,
    12.539999961853027,
    13.300000190734863,
    12.800000190734863,
    12.220000267028809,
    11.75,
    11.739999771118164,
    12.25,
    11.015000343322754,
    10.65999984741211,
    10.170000076293945,
    9.34000015258789,
    9.970000267028809,
    9.819999694824219,
    9.5,
    9.359999656677246,
    8.479999542236328,
    9.289999961853027,
    8.770000457763672,
    9.25,
    9.1899995803833,
    8.125,
    8.649999618530273,
    8.930000305175781,
    9.449999809265137,
    9.385000228881836,
    9.210000038146973,
    9.3100004196167,
    9.430000305175781,
    10.260000228881836,
    11.270000457763672,
    11.5,
    11.289999961853027,
    11.5600004196167,
    11.710000038146973,
    12.539999961853027,
    12.050000190734863,
    10.90999984741211,
    10.800000190734863,
    10.75,
    11.84000015258789,
    14.960000038146973,
    15.0,
    16.940000534057617,
    16.510000228881836,
    15.239999771118164,
    16.155000686645508,
    16.28499984741211,
    16.770000457763672,
    17.885000228881836,
    18.290000915527344,
    18.600000381469727,
    18.719999313354492
  ],
  "high": [
    8.75,
    8.788000106811523,
    8.569999694824219,
    8.739999771118164,
    8.625,
    8.5,
    8.569999694824219,
    8.65999984741211,
    8.9399995803833,
    9.414999961853027,
    9.210000038146973,
    9.600000381469727,
    9.760000228881836,
    9.97700023651123,
    10.15999984741211,
    10.800000190734863,
    10.710000038146973,
    10.40999984741211,
    10.550000190734863,
    10.5649995803833,
    10.550000190734863,
    11.170000076293945,
    11.430000305175781,
    11.670000076293945,
    12.40999984741211,
    12.529999732971191,
    12.930000305175781,
    13.029999732971191,
    13.899999618530273,
    12.960000038146973,
    14.479999542236328,
    14.479999542236328,
    13.154999732971191,
    12.630000114440918,
    13.489999771118164,
    13.380000114440918,
    12.529999732971191,
    12.329999923706055,
    13.359999656677246,
    13.399999618530273,
    13.029999732971191,
    12.510000228881836,
    11.961000442504883,
    12.029999732971191,
    12.739999771118164,
    11.378999710083008,
    10.760000228881836,
    10.34000015258789,
    9.65999984741211,
    10.130000114440918,
    9.819999694824219,
    9.59000015258789,
    9.380000114440918,
    9.649999618530273,
    9.5,
    9.595999717712402,
    9.604999542236328,
    9.430000305175781,
    8.664999961853027,
    9.015000343322754,
    9.4350004196167,
    9.680000305175781,
    9.59000015258789,
    9.460000038146973,
    9.6899995803833,
    10.234999656677246,
    11.6899995803833,
    11.520000457763672,
    11.779999732971191,
    11.90999984741211,
    12.28499984741211,
    12.65999984741211,
    12.800000190734863,
    12.289999961853027,
    11.220000267028809,
    11.050000190734863,
    11.039999961853027,
    15.050000190734863,
    16.850000381469727,
    16.93899917602539,
    17.5,
    16.610000610351562,
    16.579999923706055,
    17.485000610351562,
    16.84000015258789,
    18.1200008392334,
    18.6299991607666,
    19.1200008392334,
    19.44300079345703,
    20.020000457763672
  ],
  "low": [
    8.354999542236328,
    8.369999885559082,
    8.329999923706055,
    8.333000183105469,
    8.258999824523926,
    8.300000190734863,
    8.1899995803833,
    8.210000038146973,
    8.454999923706055,
    8.84000015258789,
    8.725000381469727,
    8.994999885559082,
    9.420000076293945,
    9.520000457763672,
    9.329999923706055,
    10.050000190734863,
    9.960000038146973,
    9.444999694824219,
    10.0,
    9.970000267028809,
    10.0,
    10.479999542236328,
    10.75,
    11.149999618530273,
    11.600000381469727,
    11.510000228881836,
    11.9399995803833,
    12.229999542236328,
    12.1899995803833,
    12.029999732971191,
    11.364999771118164,
    12.449999809265137,
    11.800000190734863,
    12.050000190734863,
    12.645000457763672,
    12.489999771118164,
    10.819999694824219,
    11.319999694824219,
    12.479999542236328,
    12.774999618530273,
    12.210000038146973,
    11.890000343322754,
    11.329999923706055,
    11.529999732971191,
    11.380000114440918,
    10.149999618530273,
    10.069999694824219,
    9.539999961853027,
    8.9350004196167,
    9.579999923706055,
    9.404999732971191,
    9.029999732971191,
    8.59000015258789,
    8.369999885559082,
    8.5600004196167,
    8.649999618530273,
    8.680000305175781,
    8.029999732971191,
    7.78000020980835,
    8.510000228881836,
    8.680999755859375,
    9.239999771118164,
    9.319999694824219,
    9.010000228881836,
    9.25,
    9.241999626159668,
    10.15999984741211,
    10.970000267028809,
    11.170000076293945,
    11.180000305175781,
    11.270000457763672,
    11.529999732971191,
    11.890000343322754,
    10.899999618530273,
    10.449999809265137,
    10.154999732971191,
    10.475000381469727,
    11.706000328063965,
    14.5,
    14.680000305175781,
    16.0,
    15.130000114440918,
    15.079999923706055,
    15.760000228881836,
    15.694999694824219,
    15.739999771118164,
    17.350000381469727,
    17.920000076293945,
    18.1200008392334,
    18.600000381469727
  ],