{
  "timestamps": [
    1756785600000,
    1756872000000,
    1756958400000,
    1757044800000,
    1757304000000,
    1757390400000,
    1757476800000,
    1757563200000,
    1757649600000,
    1757908800000,
    1757995200000,
    1758081600000,
    1758168000000,
    1758254400000,
    1758513600000,
    1758600000000,
    1758686400000,
    1758772800000,
    1758859200000,
    1759118400000,
    1759204800000,
    1759291200000,
    1759377600000,
    1759464000000,
    1759723200000,
    1759809600000,
    1759896000000,
    1759982400000,
    1760068800000,
    1760328000000,
    1760414400000,
    1760500800000,
    1760587200000,
    1760673600000,
    1760932800000,
    1761019200000,
    1761105600000,
    1761192000000,
    1761278400000,
    1761537600000,
    1761624000000,
    1761710400000,
    1761796800000,
    1761883200000,
    1762146000000,
    1762232400000,
    1762318800000,
    1762405200000,
    1762491600000,
    1762750800000,
    1762837200000,
    1762923600000,
    1763010000000,
    1763096400000,
    1763355600000,
    1763442000000,
    1763528400000,
    1763614800000,
    1763701200000,
    1763960400000,
    1764046800000,
    1764133200000,
    1764306000000,
    1764565200000,
    1764651600000,
    1764738000000,
    1764824400000,
    1764910800000,
    1765170000000,
    1765256400000,
    1765342800000,
    1765429200000,
    1765515600000,
    1765774800000,
    1765861200000,
    1765947600000,
    1766034000000,
    1766120400000,
    1766379600000,
    1766466000000,
    1766552400000,
    1766725200000,
    1766984400000,
    1767070800000,
    1767157200000,
    1767330000000,
    1767589200000,
    1767675600000,
    1767762000000,
    1767848400000
  ],
  "open": [
    310.0,
    319.9700012207031,
    311.6000061035156,
    325.04998779296875,
    326.25,
    323.5,
    333.9849853515625,
    337.25,
    336.1000061035156,
    335.510009765625,
    333.8999938964844,
    327.92999267578125,
    319.0,
    320.1499938964844,
    323.1910095214844,
    324.0,
    320.5299987792969,
    313.4700012207031,
    315.25,
    321.0,
    315.5199890136719,
    310.7449951171875,
    328.9800109863281,
    328.75,
    323.2200012207031,
    323.0199890136719,
    320.44000244140625,
    329.5,
    334.3500061035156,
    323.010009765625,
    312.32000732421875,
    315.94000244140625,
    320.0,
    311.7699890136719,
    321.3900146484375,
    326.7049865722656,
    324.29998779296875,
    321.2300109863281,
    335.04998779296875,
    339.2900085449219,
    343.0,
    335.5,
    338.1099853515625,
    354.5,
    385.0400085449219,
    358.95001220703125,
    354.75,
    362.0,
    347.45001220703125,
    363.32000732421875,
    373.4700012207031,
    372.875,
    359.8500061035156,
    338.9800109863281,
    349.82000732421875,
    334.0,
    337.2300109863281,
    344.7200012207031,
    327.45001220703125,
    325.04998779296875,
    329.57000732421875,
    331.2799987792969,
    330.5050048828125,
    326.42999267578125,
    406.82000732421875,
    404.7850036621094,
    405.6199951171875,
    397.3900146484375,
    413.0,
    416.3599853515625,
    412.760009765625,
    423.17999267578125,
    417.7900085449219,
    420.7900085449219,
    410.0299987792969,
    421.8500061035156,
    420.0,
    429.0,
    433.0,
    439.0,
    435.3500061035156,
    435.55999755859375,
    434.0,
    425.489990234375,
    421.3800048828125,
    422.5,
    404.010009765625,
    420.5199890136719,
    435.010009765625,
    440.5050048828125
  ],
  "high": [
    323.5849914550781,
    320.44000244140625,
    322.6600036621094,
    331.0400085449219,
    327.18499755859375,
    331.8900146484375,
    344.8500061035156,
    340.79998779296875,
    336.1000061035156,
    344.29998779296875,
    334.0,
    329.010009765625,
    322.25,
    325.5400085449219,
    327.5,
    326.57000732421875,
    322.5270080566406,
    316.3399963378906,
    319.5199890136719,
    322.0,
    318.375,
    324.8299865722656,
    335.8299865722656,
    329.4599914550781,
    331.5050048828125,
    325.0,
    328.3500061035156,
    335.52801513671875,
    337.95001220703125,
    323.2799987792969,
    317.9100036621094,
    319.9800109863281,
    329.6600036621094,
    320.9100036621094,
    330.2900085449219,
    335.3900146484375,
    330.0,
    331.32000732421875,
    340.9809875488281,
    346.8599853515625,
    343.82000732421875,
    343.2699890136719,
    355.489990234375,
    362.1499938964844,
    385.44000244140625,
    368.8999938964844,
    358.8800048828125,
    365.8599853515625,
    362.239990234375,
    377.8399963378906,
    375.1099853515625,
    376.17999267578125,
    362.989990234375,
    356.5,
    352.0,
    341.260009765625,
    343.2900085449219,
    353.2900085449219,
    328.9750061035156,
    334.6499938964844,
    333.510009765625,
    331.79998779296875,
    336.239990234375,
    335.9200134277344,
    419.5,
    411.45001220703125,
    407.5199890136719,
    411.239990234375,
    424.6400146484375,
    419.989990234375,
    429.8500061035156,
    432.54998779296875,
    421.5400085449219,
    420.8599853515625,
    425.4800109863281,
    428.5299987792969,
    428.55999755859375,
    431.55999755859375,
    440.6700134277344,
    439.3900146484375,
    439.0799865722656,
    439.6700134277344,
    435.0,
    428.6499938964844,
    425.79998779296875,
    423.5,
    423.7099914550781,
    436.4200134277344,
    444.7200012207031,
    444.0
  ],
  "low": [
    308.5,
    306.0199890136719,
    306.010009765625,
    322.7900085449219,
    320.6499938964844,
    322.0,
    333.21099853515625,
    331.80999755859375,
    328.2699890136719,
    333.4949951171875,
    325.1700134277344,
    306.5,
    310.2200012207031,
    317.91900634765625,
    320.0,
    318.2099914550781,
    315.20001220703125,
    309.3399963378906,
    312.0,
    314.5299987792969,
    306.43499755859375,
    309.9200134277344,
    325.010009765625,
    316.6199951171875,
    319.7200012207031,
    311.1099853515625,
    319.7900085449219,
    325.0,
    313.1099853515625,
    313.79998779296875,
    307.2049865722656,
    314.0,
    311.0299987792969,
    310.29998779296875,
    321.1400146484375,
    325.3500061035156,
    318.0,
    321.0,
    333.5400085449219,
    338.0,
    335.8800048828125,
    330.0,
    336.95001220703125,
    349.6000061035156,
    356.55499267578125,
    350.1300048828125,
    345.3900146484375,
    352.3500061035156,
    339.0,
    358.8450012207031,
    363.2799987792969,
    364.5400085449219,
    347.6199951171875,
    337.0,
    333.6400146484375,
    331.010009765625,
    332.8800048828125,
    326.1700134277344,
    309.93499755859375,
    324.3599853515625,
    322.5299987792969,
    325.0,
    330.5050048828125,
    321.2590026855469,
    399.510009765625,
    396.3699951171875,
    394.0,
    393.5299987792969,
    413.0,
    412.75,
    411.9219970703125,
    418.6400146484375,
    411.2799987792969,
    411.0,
    408.0,
    411.760009765625,
    415.5,
    423.25,
    431.0,
    432.5,
    434.2900085449219,
    435.04998779296875,
    420.8999938964844,
    420.9100036621094,
    418.69000244140625,
    392.5,
    400.8599853515625,
    418.94000244140625,
    433.010009765625,
    411.54998779296875
  ],