{
  "timestamps": [
    1756785600000,
    1756872000000,
    1756958400000,
    1757044800000,
    1757304000000,
    1757390400000,
    1757476800000,
    1757563200000,
    1757649600000,
    1757908800000,
    1757995200000,
    1758081600000,
    1758168000000,
    1758254400000,
    1758513600000,
    1758600000000,
    1758686400000,
    1758772800000,
    1758859200000,
    1759118400000,
    1759204800000,
    1759291200000,
    1759377600000,
    1759464000000,
    1759723200000,
    1759809600000,
    1759896000000,
    1759982400000,
    1760068800000,
    1760328000000,
    1760414400000,
    1760500800000,
    1760587200000,
    1760673600000,
    1760932800000,
    1761019200000,
    1761105600000,
    1761192000000,
    1761278400000,
    1761537600000,
    1761624000000,
    1761710400000,
    1761796800000,
    1761883200000,
    1762146000000,
    1762232400000,
    1762318800000,
    1762405200000,
    1762491600000,
    1762750800000,
    1762837200000,
    1762923600000,
    1763010000000,
    1763096400000,
    1763355600000,
    1763442000000,
    1763528400000,
    1763614800000,
    1763701200000,
    1763960400000,
    1764046800000,
    1764133200000,
    1764306000000,
    1764565200000,
    1764651600000,
    1764738000000,
    1764824400000,
    1764910800000,
    1765170000000,
    1765256400000,
    1765342800000,
    1765429200000,
    1765515600000,
    1765774800000,
    1765861200000,
    1765947600000,
    1766034000000,
    1766120400000,
    1766379600000,
    1766466000000,
    1766552400000,
    1766725200000,
    1766984400000,
    1767070800000,
    1767157200000,
    1767330000000,
    1767589200000,
    1767675600000,
    1767762000000,
    1767848400000
  ],
  "open": [
    2424.550048828125,
    2367.8701171875,
    2376.679931640625,
    2421.6298828125,
    2361.110107421875,
    2348.2099609375,
    2377.0,
    2357.080078125,
    2325.0,
    2337.760009765625,
    2344.550048828125,
    2395.699951171875,
    2459.669921875,
    2493.06005859375,
    2442.110107421875,
    2460.0,
    2511.669921875,
    2507.889892578125,
    2499.0,
    2492.22998046875,
    2475.0,
    2344.2900390625,
    2201.64990234375,
    2241.010009765625,
    2178.31005859375,
    2151.8701171875,
    2194.300048828125,
    2183.0,
    2271.010009765625,
    2150.010009765625,
    2150.0,
    2181.919921875,
    2050.510009765625,
    2061.89990234375,
    2039.72998046875,
    2105.0,
    2129.56005859375,
    2108.68994140625,
    2171.820068359375,
    2300.0,
    2290.5400390625,
    2283.419921875,
    2210.550048828125,
    2375.0,
    2331.199951171875,
    2300.0,
    2295.0,
    2274.1201171875,
    2120.0,
    2127.14990234375,
    2086.159912109375,
    2141.570068359375,
    2084.510009765625,
    2030.1500244140625,
    2055.0,
    2051.10009765625,
    2065.0,
    2105.300048828125,
    1903.6199951171875,
    1970.0,
    2000.6700439453125,
    2077.43994140625,
    2075.3798828125,
    2060.0,
    2067.75,
    2117.0,
    2128.510009765625,
    2145.489990234375,
    2087.080078125,
    2072.050048828125,
    2031.010009765625,
    1978.4100341796875,
    2014.6500244140625,
    2028.8599853515625,
    1964.43994140625,
    1943.68994140625,
    1932.489990234375,
    1969.8399658203125,
    2009.8800048828125,
    1995.0,
    1996.0,
    1998.0799560546875,
    1995.0,
    2014.9200439453125,
    2014.56005859375,
    2027.550048828125,
    2011.93994140625,
    2142.169921875,
    2187.0400390625,
    2176.699951171875
  ],
  "high": [
    2438.780029296875,
    2380.260009765625,
    2421.760009765625,
    2450.219970703125,
    2373.929931640625,
    2378.239990234375,
    2402.889892578125,
    2372.31005859375,
    2352.3798828125,
    2352.43994140625,
    2394.169921875,
    2468.25,
    2531.18994140625,
    2500.0,
    2463.340087890625,
    2516.64990234375,
    2530.0,
    2507.889892578125,
    2514.89990234375,
    2548.5,
    2481.10009765625,
    2345.0,
    2250.860107421875,
    2249.5,
    2178.31005859375,
    2189.469970703125,
    2199.110107421875,
    2279.449951171875,
    2280.0,
    2207.909912109375,
    2183.949951171875,
    2181.919921875,
    2071.780029296875,
    2061.89990234375,
    2105.0,
    2163.239990234375,
    2131.43994140625,
    2149.97998046875,
    2185.0,
    2304.090087890625,
    2298.050048828125,
    2319.280029296875,
    2428.0,
    2419.780029296875,
    2387.550048828125,
    2372.7900390625,
    2320.0,
    2276.909912109375,
    2122.0,
    2131.56005859375,
    2124.5,
    2143.43994140625,
    2100.0,
    2049.550048828125,
    2074.18994140625,
    2084.1298828125,
    2095.669921875,
    2108.0,
    1966.739990234375,
    2011.0,
    2059.93994140625,
    2079.969970703125,
    2090.860107421875,
    2084.8798828125,
    2153.75,
    2151.6298828125,
    2151.330078125,
    2163.0,
    2121.419921875,
    2091.989990234375,
    2037.5,
    2042.050048828125,
    2050.489990234375,
    2028.8599853515625,
    1974.300048828125,
    1956.050048828125,
    1983.219970703125,
    2014.4599609375,
    2013.0,
    2006.6600341796875,
    2008.1700439453125,
    2012.0,
    2039.760009765625,
    2025.18994140625,
    2027.72998046875,
    2035.0,
    2211.929931640625,
    2239.949951171875,
    2188.489990234375,
    2200.699951171875
  ],
  "low": [
    2365.43994140625,
    2342.7099609375,
    2372.110107421875,
    2321.330078125,
    2298.0400390625,
    2341.330078125,
    2318.419921875,
    2331.550048828125,
    2290.5,
    2311.360107421875,
    2336.8701171875,
    2370.260009765625,
    2459.320068359375,
    2433.320068359375,
    2415.760009765625,
    2433.489990234375,
    2481.5,
    2443.159912109375,
    2459.35009765625,
    2484.64990234375,
    2314.179931640625,
    2172.77001953125,
    2159.360107421875,
    2160.0,
    2116.0,
    2118.27001953125,
    2140.639892578125,
    2170.0,
    2120.0,
    2146.0,
    2121.409912109375,
    2033.0,
    2025.25,
    2020.0,
    2033.0899658203125,
    2096.0,
    2088.449951171875,
    2095.0,
    2140.02001953125,
    2220.0,
    2250.050048828125,
    2251.0,
    2210.0,
    2308.0,
    2289.0,
    2270.0,
    2233.419921875,
    2121.780029296875,
    2078.360107421875,
    2049.429931640625,
    2070.0,
    2094.659912109375,
    2017.8800048828125,
    1990.550048828125,
    2038.0,
    2035.6099853515625,
    2054.169921875,
    1897.1800537109375,
    1901.0,
    1935.0899658203125,
    1990.56005859375,
    2026.0,
    2050.0,
    2035.3900146484375,
    2066.010009765625,
    2102.56005859375,
    2079.080078125,
    2051.0400390625,
    2075.0,
    2044.5899658203125,
    1957.0,
    1969.68994140625,
    2005.0,
    1955.1099853515625,
    1906.1800537109375,
    1901.8299560546875,
    1932.489990234375,
    1962.0,
    1960.030029296875,
    1974.0,
    1982.1199951171875,
    1994.010009765625,
    1986.0,
    1997.06005859375,
    2007.5,
    1968.8800048828125,
    2010.9000244140625,
    2138.0,
    2130.0,
    2160.02001953125
  ],