{
  "timestamps": [
    1756785600000,
    1756872000000,
    1756958400000,
    1757044800000,
    1757304000000,
    1757390400000,
    1757476800000,
    1757563200000,
    1757649600000,
    1757908800000,
    1757995200000,
    1758081600000,
    1758168000000,
    1758254400000,
    1758513600000,
    1758600000000,
    1758686400000,
    1758772800000,
    1758859200000,
    1759118400000,
    1759204800000,
    1759291200000,
    1759377600000,
    1759464000000,
    1759723200000,
    1759809600000,
    1759896000000,
    1759982400000,
    1760068800000,
    1760328000000,
    1760414400000,
    1760500800000,
    1760587200000,
    1760673600000,
    1760932800000,
    1761019200000,
    1761105600000,
    1761192000000,
    1761278400000,
    1761537600000,
    1761624000000,
    1761710400000,
    1761796800000,
    1761883200000,
    1762146000000,
    1762232400000,
    1762318800000,
    1762405200000,
    1762491600000,
    1762750800000,
    1762837200000,
    1762923600000,
    1763010000000,
    1763096400000,
    1763355600000,
    1763442000000,
    1763528400000,
    1763614800000,
    1763701200000,
    1763960400000,
    1764046800000,
    1764133200000,
    1764306000000,
    1764565200000,
    1764651600000,
    1764738000000,
    1764824400000,
    1764910800000,
    1765170000000,
    1765256400000,
    1765342800000,
    1765429200000,
    1765515600000,
    1765774800000,
    1765861200000,
    1765947600000,
    1766034000000,
    1766120400000,
    1766379600000,
    1766466000000,
    1766552400000,
    1766725200000,
    1766984400000,
    1767070800000,
    1767157200000,
    1767330000000,
    1767589200000,
    1767675600000,
    1767762000000,
    1767848400000
  ],
  "open": [
    726.0399780273438,
    736.0,
    748.5700073242188,
    752.6199951171875,
    756.0,
    757.489990234375,
    765.1300048828125,
    754.6500244140625,
    748.72998046875,
    757.469970703125,
    767.0,
    779.989990234375,
    780.75,
    786.4199829101562,
    781.8499755859375,
    769.25,
    757.5,
    753.4500122070312,
    750.0,
    748.719970703125,
    742.25,
    721.489990234375,
    722.5800170898438,
    729.6300048828125,
    705.1900024414062,
    717.719970703125,
    713.4500122070312,
    718.280029296875,
    730.9199829101562,
    713.010009765625,
    707.780029296875,
    717.0599975585938,
    717.5499877929688,
    707.0800170898438,
    721.1900024414062,
    736.02001953125,
    733.8300170898438,
    734.7000122070312,
    736.7899780273438,
    749.72998046875,
    752.6300048828125,
    754.75,
    669.1500244140625,
    674.510009765625,
    656.0,
    628.0399780273438,
    632.3099975585938,
    635.8499755859375,
    616.489990234375,
    631.0900268554688,
    628.0,
    628.1300048828125,
    613.0700073242188,
    601.7899780273438,
    609.0399780273438,
    591.5999755859375,
    593.719970703125,
    603.5,
    588.5,
    598.719970703125,
    624.0,
    637.6900024414062,
    636.0800170898438,
    639.5499877929688,
    642.3400268554688,
    644.4099731445312,
    676.0,
    664.0,
    669.3400268554688,
    663.77001953125,
    649.9500122070312,
    643.2899780273438,
    649.7999877929688,
    645.7000122070312,
    643.5,
    655.6099853515625,
    657.030029296875,
    666.4199829101562,
    661.6500244140625,
    660.0499877929688,
    662.530029296875,
    668.0599975585938,
    658.010009765625,
    658.6900024414062,
    664.75,
    662.72998046875,
    651.010009765625,
    659.5700073242188,
    655.6400146484375,
    645.8800048828125
  ],
  "high": [
    736.0,
    740.25,
    761.1599731445312,
    757.9500122070312,
    766.510009765625,
    766.2999877929688,
    765.7000122070312,
    757.0999755859375,
    757.5700073242188,
    774.0700073242188,
    781.3599853515625,
    783.2899780273438,
    788.780029296875,
    790.7999877929688,
    785.72998046875,
    770.5999755859375,
    761.1099853515625,
    756.77001953125,
    751.9299926757812,
    750.780029296875,
    742.969970703125,
    721.8499755859375,
    727.77001953125,
    731.0,
    716.8800048828125,
    718.5,
    719.6500244140625,
    733.510009765625,
    735.27001953125,
    719.9400024414062,
    715.5499877929688,
    723.9000244140625,
    725.489990234375,
    718.5399780273438,
    733.77001953125,
    738.5,
    740.5999755859375,
    742.4099731445312,
    741.2100219726562,
    755.75,
    758.4000244140625,
    759.1599731445312,
    680.9600219726562,
    674.8900146484375,
    659.3300170898438,
    641.739990234375,
    642.22998046875,
    636.0,
    622.1300048828125,
    635.0,
    629.5599975585938,
    628.989990234375,
    617.6500244140625,
    613.6799926757812,
    611.6900024414062,
    603.6599731445312,
    595.3300170898438,
    606.719970703125,
    598.1199951171875,
    616.7000122070312,
    637.0499877929688,
    638.3599853515625,
    648.0499877929688,
    645.3200073242188,
    647.8699951171875,
    648.8499755859375,
    676.0999755859375,
    674.6900024414062,
    676.7100219726562,
    664.47998046875,
    654.510009765625,
    655.280029296875,
    711.0,
    653.0,
    662.5399780273438,
    661.22998046875,
    670.5599975585938,
    671.0,
    673.5800170898438,
    666.0,
    668.1799926757812,
    668.9500122070312,
    660.25,
    672.219970703125,
    665.0,
    664.3900146484375,
    664.5399780273438,
    665.52001953125,
    659.1500244140625,
    647.0999755859375
  ],
  "low": [
    721.72998046875,
    733.989990234375,
    745.8200073242188,
    745.030029296875,
    752.02001953125,
    753.4299926757812,
    751.0,
    748.3699951171875,
    743.760009765625,
    751.989990234375,
    765.0999755859375,
    766.3099975585938,
    773.3599853515625,
    769.1900024414062,
    764.469970703125,
    751.0700073242188,
    752.530029296875,
    744.5499877929688,
    737.3499755859375,
    739.1500244140625,
    726.2999877929688,
    710.2000122070312,
    718.1400146484375,
    710.1799926757812,
    690.510009765625,
    705.75,
    707.8099975585938,
    712.4400024414062,
    704.510009765625,
    707.6400146484375,
    699.3300170898438,
    709.510009765625,
    703.8800048828125,
    706.1199951171875,
    720.1799926757812,
    728.75,
    724.030029296875,
    733.0999755859375,
    731.1500244140625,
    748.010009765625,
    745.52001953125,
    742.510009765625,
    650.1699829101562,
    645.5700073242188,
    636.1799926757812,
    626.010009765625,
    626.5399780273438,
    618.0,
    601.2000122070312,
    618.1099853515625,
    619.3900146484375,
    607.77001953125,
    603.0,
    595.2000122070312,
    595.4000244140625,
    583.780029296875,
    581.25,
    583.3499755859375,
    581.8599853515625,
    597.6300048828125,
    618.2999877929688,
    631.6300048828125,
    635.5,
    637.760009765625,
    638.0700073242188,
    637.5499877929688,
    660.0499877929688,
    662.3900146484375,
    665.0700073242188,
    653.3400268554688,
    643.4000244140625,
    640.7999877929688,
    638.6099853515625,
    638.7000122070312,
    643.2000122070312,
    649.2000122070312,
    656.4600219726562,
    658.1799926757812,
    656.6500244140625,
    658.25,
    662.2000122070312,
    661.3200073242188,
    654.3900146484375,
    657.8400268554688,
    659.4400024414062,
    643.5,
    647.75,
    651.9000244140625,
    644.8099975585938,
    635.719970703125
  ],