{
  "timestamps": [
    1756785600000,
    1756872000000,
    1756958400000,
    1757044800000,
    1757304000000,
    1757390400000,
    1757476800000,
    1757563200000,
    1757649600000,
    1757908800000,
    1757995200000,
    1758081600000,
    1758168000000,
    1758254400000,
    1758513600000,
    1758600000000,
    1758686400000,
    1758772800000,
    1758859200000,
    1759118400000,
    1759204800000,
    1759291200000,
    1759377600000,
    1759464000000,
    1759723200000,
    1759809600000,
    1759896000000,
    1759982400000,
    1760068800000,
    1760328000000,
    1760414400000,
    1760500800000,
    1760587200000,
    1760673600000,
    1760932800000,
    1761019200000,
    1761105600000,
    1761192000000,
    1761278400000,
    1761537600000,
    1761624000000,
    1761710400000,
    1761796800000,
    1761883200000,
    1762146000000,
    1762232400000,
    1762318800000,
    1762405200000,
    1762491600000,
    1762750800000,
    1762837200000,
    1762923600000,
    1763010000000,
    1763096400000,
    1763355600000,
    1763442000000,
    1763528400000,
    1763614800000,
    1763701200000,
    1763960400000,
    1764046800000,
    1764133200000,
    1764306000000,
    1764565200000,
    1764651600000,
    1764738000000,
    1764824400000,
    1764910800000,
    1765170000000,
    1765256400000,
    1765342800000,
    1765429200000,
    1765515600000,
    1765774800000,
    1765861200000,
    1765947600000,
    1766034000000,
    1766120400000,
    1766379600000,
    1766466000000,
    1766552400000,
    1766725200000,
    1766984400000,
    1767070800000,
    1767157200000,
    1767330000000,
    1767589200000,
    1767675600000,
    1767762000000,
    1767848400000
  ],
  "open": [
    68.91000366210938,
    68.30999755859375,
    66.01000213623047,
    64.69999694824219,
    62.650001525878906,
    63.369998931884766,
    63.959999084472656,
    62.599998474121094,
    63.400001525878906,
    66.01000213623047,
    67.17500305175781,
    68.0,
    68.06999969482422,
    73.0,
    71.91000366210938,
    74.0,
    76.41999816894531,
    70.5,
    77.0,
    69.31999969482422,
    67.98500061035156,
    66.04000091552734,
    68.80000305175781,
    72.0,
    73.30000305175781,
    75.9000015258789,
    75.23999786376953,
    73.6500015258789,
    74.41000366210938,
    86.80000305175781,
    97.79000091552734,
    96.70999908447266,
    91.93000030517578,
    80.38999938964844,
    83.5,
    80.37000274658203,
    72.06999969482422,
    70.875,
    69.94999694824219,
    67.43000030517578,
    65.58999633789062,
    65.44000244140625,
    66.97000122070312,
    64.77999877929688,
    62.20500183105469,
    55.834999084472656,
    55.08000183105469,
    56.38999938964844,
    50.5,
    61.54999923706055,
    63.36000061035156,
    62.02000045776367,
    60.15999984741211,
    57.529998779296875,
    58.11000061035156,
    56.849998474121094,
    62.0,
    64.25,
    56.65999984741211,
    56.779998779296875,
    58.189998626708984,
    58.77000045776367,
    60.5099983215332,
    60.439998626708984,
    58.27000045776367,
    60.31999969482422,
    58.790000915527344,
    63.63999938964844,
    61.08000183105469,
    60.04999923706055,
    59.7599983215332,
    57.290000915527344,
    59.54999923706055,
    57.06999969482422,
    52.54999923706055,
    54.130001068115234,
    53.439998626708984,
    52.18000030517578,
    54.540000915527344,
    53.82500076293945,
    53.7599983215332,
    54.540000915527344,
    52.369998931884766,
    51.97999954223633,
    50.869998931884766,
    51.47999954223633,
    57.22999954223633,
    60.79999923706055,
    60.400001525878906,
    61.57500076293945
  ],
  "high": [
    69.3499984741211,
    68.77999877929688,
    66.55000305175781,
    64.9800033569336,
    63.25,
    64.54000091552734,
    64.69999694824219,
    65.62300109863281,
    64.16999816894531,
    67.33999633789062,
    67.93599700927734,
    69.0999984741211,
    72.1500015258789,
    75.91999816894531,
    73.30000305175781,
    76.69000244140625,
    77.16999816894531,
    82.2300033569336,
    77.47000122070312,
    69.5,
    68.93000030517578,
    67.98999786376953,
    71.73500061035156,
    75.5999984741211,
    74.93000030517578,
    79.52999877929688,
    75.97000122070312,
    78.31999969482422,
    84.91999816894531,
    98.97000122070312,
    100.2509994506836,
    97.0,
    91.98999786376953,
    84.1500015258789,
    83.98999786376953,
    80.88500213623047,
    73.4800033569336,
    71.45999908447266,
    72.58999633789062,
    67.7300033569336,
    67.77799987792969,
    65.5999984741211,
    67.0999984741211,
    64.94999694824219,
    62.20500183105469,
    57.540000915527344,
    55.7599983215332,
    56.45000076293945,
    59.81999969482422,
    65.94999694824219,
    63.75,
    62.349998474121094,
    61.19900131225586,
    59.84000015258789,
    58.75,
    60.47999954223633,
    66.19999694824219,
    65.23999786376953,
    57.29600143432617,
    59.4900016784668,
    58.79999923706055,
    61.034000396728516,
    62.29800033569336,
    60.5,
    61.65999984741211,
    60.31999969482422,
    62.25,
    63.88999938964844,
    61.465999603271484,
    62.25,
    59.89500045776367,
    60.2400016784668,
    59.75,
    57.81999969482422,
    53.869998931884766,
    55.75699996948242,
    55.11000061035156,
    54.470001220703125,
    55.25,
    55.5,
    55.27000045776367,
    54.599998474121094,
    53.869998931884766,
    52.25,
    51.22999954223633,
    55.25,
    58.79999923706055,
    61.15999984741211,
    64.08000183105469,
    65.55000305175781
  ],
  "low": [
    66.06999969482422,
    65.41000366210938,
    63.02799987792969,
    61.4010009765625,
    61.57500076293945,
    62.279998779296875,
    61.595001220703125,
    62.119998931884766,
    62.56999969482422,
    64.41000366210938,
    65.68000030517578,
    65.25,
    66.3759994506836,
    70.5,
    69.52999877929688,
    72.76000213623047,
    70.58000183105469,
    68.80000305175781,
    68.56999969482422,
    66.16999816894531,
    65.91000366210938,
    65.58000183105469,
    67.41999816894531,
    70.33000183105469,
    71.45999908447266,
    72.19999694824219,
    69.61000061035156,
    71.5199966430664,
    73.43000030517578,
    85.5,
    88.5999984741211,
    86.5,
    83.33000183105469,
    78.80000305175781,
    78.052001953125,
    73.23999786376953,
    66.30999755859375,
    68.0999984741211,
    69.36000061035156,
    62.400001525878906,
    64.2699966430664,
    63.29999923706055,
    62.880001068115234,
    61.45000076293945,
    57.150001525878906,
    54.02000045776367,
    53.58000183105469,
    51.84000015258789,
    50.5,
    60.41999816894531,
    61.119998931884766,
    57.939998626708984,
    56.689998626708984,
    54.900001525878906,
    55.52000045776367,
    56.029998779296875,
    60.31999969482422,
    56.599998474121094,
    53.220001220703125,
    55.97999954223633,
    56.0099983215332,
    58.720001220703125,
    60.2400016784668,
    58.099998474121094,
    58.20000076293945,
    57.2400016784668,
    57.91999816894531,
    61.84000015258789,
    58.97999954223633,
    59.2599983215332,
    57.29999923706055,
    56.650001525878906,
    55.7599983215332,
    53.040000915527344,
    52.099998474121094,
    52.02000045776367,
    51.40999984741211,
    52.18000030517578,
    53.7599983215332,
    53.34000015258789,
    53.400001525878906,
    52.084999084472656,
    51.619998931884766,
    50.404998779296875,
    49.7599983215332,
    50.90999984741211,
    56.41999816894531,
    58.2599983215332,
    59.81999969482422,
    60.75199890136719
  ],