{
  "timestamps": [
    1756785600000,
    1756872000000,
    1756958400000,
    1757044800000,
    1757304000000,
    1757390400000,
    1757476800000,
    1757563200000,
    1757649600000,
    1757908800000,
    1757995200000,
    1758081600000,
    1758168000000,
    1758254400000,
    1758513600000,
    1758600000000,
    1758686400000,
    1758772800000,
    1758859200000,
    1759118400000,
    1759204800000,
    1759291200000,
    1759377600000,
    1759464000000,
    1759723200000,
    1759809600000,
    1759896000000,
    1759982400000,
    1760068800000,
    1760328000000,
    1760414400000,
    1760500800000,
    1760587200000,
    1760673600000,
    1760932800000,
    1761019200000,
    1761105600000,
    1761192000000,
    1761278400000,
    1761537600000,
    1761624000000,
    1761710400000,
    1761796800000,
    1761883200000,
    1762146000000,
    1762232400000,
    1762318800000,
    1762405200000,
    1762491600000,
    1762750800000,
    1762837200000,
    1762923600000,
    1763010000000,
    1763096400000,
    1763355600000,
    1763442000000,
    1763528400000,
    1763614800000,
    1763701200000,
    1763960400000,
    1764046800000,
    1764133200000,
    1764306000000,
    1764565200000,
    1764651600000,
    1764738000000,
    1764824400000,
    1764910800000,
    1765170000000,
    1765256400000,
    1765342800000,
    1765429200000,
    1765515600000,
    1765774800000,
    1765861200000,
    1765947600000,
    1766034000000,
    1766120400000,
    1766379600000,
    1766466000000,
    1766552400000,
    1766725200000,
    1766984400000,
    1767070800000,
    1767157200000,
    1767330000000,
    1767589200000,
    1767675600000,
    1767762000000,
    1767848400000
  ],
  "open": [
    500.4700012207031,
    503.7900085449219,
    504.29998779296875,
    509.07000732421875,
    498.1099853515625,
    501.42999267578125,
    502.9800109863281,
    502.25,
    506.6499938964844,
    508.7900085449219,
    516.8800048828125,
    510.6199951171875,
    511.489990234375,
    510.55999755859375,
    515.5900268554688,
    513.7999877929688,
    510.3800048828125,
    508.29998779296875,
    510.05999755859375,
    511.5,
    513.239990234375,
    514.7999877929688,
    517.6400146484375,
    517.0999755859375,
    518.6099853515625,
    528.2899780273438,
    523.280029296875,
    522.3400268554688,
    519.6400146484375,
    516.4099731445312,
    510.2300109863281,
    514.9600219726562,
    512.5800170898438,
    509.0400085449219,
    514.6099853515625,
    517.5,
    521.1500244140625,
    522.4600219726562,
    522.7899780273438,
    531.780029296875,
    550.0,
    544.9400024414062,
    530.47998046875,
    528.8800048828125,
    519.8099975585938,
    511.760009765625,
    513.2999877929688,
    505.6600036621094,
    496.95001220703125,
    500.0400085449219,
    504.79998779296875,
    509.3599853515625,
    510.30999755859375,
    498.2300109863281,
    508.45001220703125,
    495.3699951171875,
    490.1000061035156,
    492.7099914550781,
    478.5,
    475.0,
    474.07000732421875,
    486.30999755859375,
    487.6000061035156,
    488.44000244140625,
    486.7200012207031,
    476.32000732421875,
    479.760009765625,
    482.5199890136719,
    484.8900146484375,
    489.1000061035156,
    484.0299987792969,
    476.6300048828125,
    479.82000732421875,
    480.1000061035156,
    471.9100036621094,
    476.9100036621094,
    478.19000244140625,
    487.3599853515625,
    486.1199951171875,
    484.9800109863281,
    485.67999267578125,
    486.7099914550781,
    484.8599853515625,
    485.92999267578125,
    487.8399963378906,
    484.3900146484375,
    474.05999755859375,
    473.79998779296875,
    479.760009765625,
    481.239990234375
  ],
  "high": [
    506.0,
    507.7900085449219,
    508.1499938964844,
    511.9700012207031,
    501.20001220703125,
    502.25,
    503.2300109863281,
    503.1700134277344,
    512.5499877929688,
    515.469970703125,
    517.22998046875,
    511.2900085449219,
    513.0700073242188,
    519.2999877929688,
    517.739990234375,
    514.5900268554688,
    512.47998046875,
    510.010009765625,
    513.9400024414062,
    516.8499755859375,
    518.1599731445312,
    520.510009765625,
    521.5999755859375,
    520.489990234375,
    531.030029296875,
    529.7999877929688,
    526.9500122070312,
    524.3300170898438,
    523.5800170898438,
    516.4099731445312,
    515.280029296875,
    517.1900024414062,
    516.8499755859375,
    515.47998046875,
    518.7000122070312,
    518.6900024414062,
    525.22998046875,
    523.9500122070312,
    525.3499755859375,
    534.5800170898438,
    553.719970703125,
    546.27001953125,
    534.969970703125,
    529.3200073242188,
    524.9600219726562,
    515.5499877929688,
    514.8300170898438,
    505.70001220703125,
    499.3800048828125,
    506.8500061035156,
    509.6000061035156,
    511.6700134277344,
    513.5,
    511.6000061035156,
    512.1199951171875,
    502.9800109863281,
    495.19000244140625,
    493.57000732421875,
    478.9200134277344,
    476.8999938964844,
    479.1499938964844,
    488.30999755859375,
    492.6300048828125,
    489.8599853515625,
    493.5,
    484.239990234375,
    481.32000732421875,
    483.3999938964844,
    492.29998779296875,
    492.1199951171875,
    484.25,
    486.0299987792969,
    482.45001220703125,
    480.7200012207031,
    477.8900146484375,
    480.0,
    489.6000061035156,
    487.8500061035156,
    488.7300109863281,
    487.8299865722656,
    489.1600036621094,
    488.1199951171875,
    488.3500061035156,
    489.67999267578125,
    488.1400146484375,
    484.6600036621094,
    476.07000732421875,
    478.739990234375,
    489.70001220703125,
    482.6600036621094
  ],
  "low": [
    496.80999755859375,
    502.32000732421875,
    503.1499938964844,
    492.3699951171875,
    495.0299987792969,
    497.70001220703125,
    496.7200012207031,
    497.8800048828125,
    503.8500061035156,
    507.0,
    508.6000061035156,
    505.92999267578125,
    507.6600036621094,
    510.30999755859375,
    512.5399780273438,
    507.30999755859375,
    506.9200134277344,
    505.0400085449219,
    506.6199951171875,
    508.8800048828125,
    509.6600036621094,
    511.69000244140625,
    510.67999267578125,
    515.0,
    518.2000122070312,
    521.4400024414062,
    523.0900268554688,
    517.4000244140625,
    509.6300048828125,
    511.67999267578125,
    506.0,
    510.0,
    508.1300048828125,
    507.30999755859375,
    513.4299926757812,
    513.0399780273438,
    517.7100219726562,
    518.6099853515625,
    520.7100219726562,
    529.010009765625,
    540.77001953125,
    536.72998046875,
    522.1199951171875,
    515.0999755859375,
    514.5900268554688,
    507.8399963378906,
    506.5799865722656,
    495.80999755859375,
    493.25,
    498.79998779296875,
    502.3500061035156,
    499.1199951171875,
    501.2900085449219,
    497.44000244140625,
    504.9100036621094,
    486.7799987792969,
    482.8299865722656,
    475.5,
    468.2699890136719,
    468.0199890136719,
    464.8900146484375,
    481.20001220703125,
    486.6499938964844,
    484.6499938964844,
    486.32000732421875,
    475.20001220703125,
    476.489990234375,
    478.8800048828125,
    484.3800048828125,
    488.5,
    475.0799865722656,
    475.8599853515625,
    476.3399963378906,
    472.5199890136719,
    470.8800048828125,
    475.0,
    477.8900146484375,
    482.489990234375,
    482.69000244140625,
    484.739990234375,
    484.8299865722656,
    485.9599914550781,
    484.17999267578125,
    485.5,
    483.29998779296875,
    470.1600036621094,
    469.5,
    469.75,
    477.95001220703125,
    475.8599853515625
  ],