{
  "timestamps": [
    1756785600000,
    1756872000000,
    1756958400000,
    1757044800000,
    1757304000000,
    1757390400000,
    1757476800000,
    1757563200000,
    1757649600000,
    1757908800000,
    1757995200000,
    1758081600000,
    1758168000000,
    1758254400000,
    1758513600000,
    1758600000000,
    1758686400000,
    1758772800000,
    1758859200000,
    1759118400000,
    1759204800000,
    1759291200000,
    1759377600000,
    1759464000000,
    1759723200000,
    1759809600000,
    1759896000000,
    1759982400000,
    1760068800000,
    1760328000000,
    1760414400000,
    1760500800000,
    1760587200000,
    1760673600000,
    1760932800000,
    1761019200000,
    1761105600000,
    1761192000000,
    1761278400000,
    1761537600000,
    1761624000000,
    1761710400000,
    1761796800000,
    1761883200000,
    1762146000000,
    1762232400000,
    1762318800000,
    1762405200000,
    1762491600000,
    1762750800000,
    1762837200000,
    1762923600000,
    1763010000000,
    1763096400000,
    1763355600000,
    1763442000000,
    1763528400000,
    1763614800000,
    1763701200000,
    1763960400000,
    1764046800000,
    1764133200000,
    1764306000000,
    1764565200000,
    1764651600000,
    1764738000000,
    1764824400000,
    1764910800000,
    1765170000000,
    1765256400000,
    1765342800000,
    1765429200000,
    1765515600000,
    1765774800000,
    1765861200000,
    1765947600000,
    1766034000000,
    1766120400000,
    1766379600000,
    1766466000000,
    1766552400000,
    1766725200000,
    1766984400000,
    1767070800000,
    1767157200000,
    1767330000000,
    1767589200000,
    1767675600000,
    1767762000000,
    1767848400000
  ],
  "open": [
    119.69999694824219,
    120.51399993896484,
    122.31999969482422,
    126.0,
    124.85399627685547,
    124.66699981689453,
    126.39700317382812,
    125.0999984741211,
    120.30599975585938,
    118.83999633789062,
    120.56400299072266,
    122.10199737548828,
    122.08200073242188,
    121.86199951171875,
    122.19000244140625,
    122.73300170898438,
    121.86100006103516,
    120.30899810791016,
    120.54199981689453,
    120.5,
    120.64099884033203,
    117.54900360107422,
    116.1500015258789,
    116.5,
    116.03700256347656,
    117.77899932861328,
    119.71099853515625,
    121.42500305175781,
    122.9000015258789,
    122.13500213623047,
    121.4749984741211,
    121.3010025024414,
    121.21499633789062,
    118.36000061035156,
    120.78800201416016,
    124.28299713134766,
    114.29000091552734,
    112.69000244140625,
    111.0999984741211,
    110.06700134277344,
    109.4000015258789,
    109.98400115966797,
    109.44000244140625,
    110.53900146484375,
    113.3239974975586,
    109.9990005493164,
    108.5,
    109.45800018310547,
    109.41799926757812,
    110.6719970703125,
    111.76000213623047,
    113.81700134277344,
    115.8499984741211,
    114.27300262451172,
    110.75,
    110.29000091552734,
    113.0,
    111.0,
    105.12999725341797,
    104.25,
    106.12000274658203,
    105.73999786376953,
    106.44000244140625,
    106.51000213623047,
    109.20999908447266,
    106.58999633789062,
    103.56999969482422,
    98.77999877929688,
    99.87000274658203,
    97.02999877929688,
    96.73999786376953,
    93.9000015258789,
    95.5,
    96.0199966430664,
    93.87999725341797,
    95.9800033569336,
    95.0199966430664,
    93.56999969482422,
    94.70999908447266,
    93.4000015258789,
    93.11000061035156,
    93.4800033569336,
    93.98999786376953,
    93.5199966430664,
    93.5999984741211,
    94.12999725341797,
    90.91999816894531,
    91.54000091552734,
    91.55999755859375,
    90.44999694824219
  ],
  "high": [
    121.54000091552734,
    122.69999694824219,
    125.74800109863281,
    126.70999908447266,
    125.2040023803711,
    126.5719985961914,
    126.69999694824219,
    125.34500122070312,
    121.1780014038086,
    120.7239990234375,
    120.9000015258789,
    123.39299774169922,
    123.30000305175781,
    122.99500274658203,
    122.97599792480469,
    122.77899932861328,
    122.1500015258789,
    121.68399810791016,
    121.4000015258789,
    122.4489974975586,
    120.8499984741211,
    117.91400146484375,
    116.33300018310547,
    116.80000305175781,
    116.35800170898438,
    120.13700103759766,
    121.73899841308594,
    123.75,
    124.69999694824219,
    123.11199951171875,
    122.42900085449219,
    121.96199798583984,
    121.6709976196289,
    120.31199645996094,
    124.7760009765625,
    124.86000061035156,
    115.76000213623047,
    112.78299713134766,
    111.45099639892578,
    110.22799682617188,
    111.697998046875,
    110.8550033569336,
    110.61599731445312,
    113.48799896240234,
    113.3499984741211,
    110.45999908447266,
    110.08499908447266,
    110.37000274658203,
    110.8219985961914,
    112.81999969482422,
    113.9219970703125,
    116.43399810791016,
    116.73300170898438,
    114.27300262451172,
    111.8499984741211,
    115.25,
    113.33999633789062,
    111.0999984741211,
    106.52999877929688,
    108.04000091552734,
    106.30000305175781,
    106.94999694824219,
    107.94000244140625,
    109.33999633789062,
    109.7300033569336,
    106.87000274658203,
    103.80000305175781,
    104.79000091552734,
    99.88999938964844,
    97.23999786376953,
    96.97000122070312,
    94.81999969482422,
    96.91999816894531,
    96.37000274658203,
    94.93000030517578,
    97.33000183105469,
    95.80999755859375,
    95.54000091552734,
    94.70999908447266,
    93.80999755859375,
    93.68000030517578,
    94.69000244140625,
    94.97000122070312,
    93.98999786376953,
    94.30999755859375,
    94.12999725341797,
    92.62999725341797,
    91.63999938964844,
    92.41999816894531,
    91.25
  ],
  "low": [
    118.27999877929688,
    120.33799743652344,
    122.30899810791016,
    123.9020004272461,
    123.19999694824219,
    124.66699981689453,
    124.63600158691406,
    119.19999694824219,
    118.23999786376953,
    117.32099914550781,
    119.72799682617188,
    120.66100311279297,
    120.55000305175781,
    120.80999755859375,
    121.42400360107422,
    120.84700012207031,
    119.41999816894531,
    119.1510009765625,
    120.0,
    118.75399780273438,
    117.80000305175781,
    116.32099914550781,
    113.4000015258789,
    114.3219985961914,
    114.54499816894531,
    117.74600219726562,
    119.19999694824219,
    121.18199920654297,
    121.91000366210938,
    120.68099975585938,
    120.30999755859375,
    120.16100311279297,
    117.5999984741211,
    117.8949966430664,
    120.69000244140625,
    123.1760025024414,
    111.2509994506836,
    109.9729995727539,
    109.44100189208984,
    108.7300033569336,
    109.3010025024414,
    109.5999984741211,
    108.81099700927734,
    110.197998046875,
    107.51499938964844,
    108.66799926757812,
    107.33699798583984,
    108.51300048828125,
    108.75,
    110.40499877929688,
    111.27999877929688,
    112.82599639892578,
    114.56900024414062,
    110.72100067138672,
    109.55000305175781,
    109.19999694824219,
    108.61000061035156,
    105.38999938964844,
    103.80999755859375,
    103.31999969482422,
    103.81999969482422,
    105.22000122070312,
    106.23999786376953,
    106.30999755859375,
    107.5199966430664,
    102.02999877929688,
    101.7699966430664,
    97.73999786376953,
    95.30000305175781,
    95.44999694824219,
    92.3499984741211,
    92.76000213623047,
    94.6500015258789,
    93.52999877929688,
    93.31999969482422,
    94.45999908447266,
    93.58999633789062,
    93.44999694824219,
    92.91000366210938,
    91.33000183105469,
    92.66999816894531,
    93.2699966430664,
    93.62999725341797,
    93.33999633789062,
    93.19999694824219,
    90.80999755859375,
    90.83999633789062,
    89.73999786376953,
    90.05999755859375,
    89.58000183105469
  ],