{
  "timestamps": [
    1756785600000,
    1756872000000,
    1756958400000,
    1757044800000,
    1757304000000,
    1757390400000,
    1757476800000,
    1757563200000,
    1757649600000,
    1757908800000,
    1757995200000,
    1758081600000,
    1758168000000,
    1758254400000,
    1758513600000,
    1758600000000,
    1758686400000,
    1758772800000,
    1758859200000,
    1759118400000,
    1759204800000,
    1759291200000,
    1759377600000,
    1759464000000,
    1759723200000,
    1759809600000,
    1759896000000,
    1759982400000,
    1760068800000,
    1760328000000,
    1760414400000,
    1760500800000,
    1760587200000,
    1760673600000,
    1760932800000,
    1761019200000,
    1761105600000,
    1761192000000,
    1761278400000,
    1761537600000,
    1761624000000,
    1761710400000,
    1761796800000,
    1761883200000,
    1762146000000,
    1762232400000,
    1762318800000,
    1762405200000,
    1762491600000,
    1762750800000,
    1762837200000,
    1762923600000,
    1763010000000,
    1763096400000,
    1763355600000,
    1763442000000,
    1763528400000,
    1763614800000,
    1763701200000,
    1763960400000,
    1764046800000,
    1764133200000,
    1764306000000,
    1764565200000,
    1764651600000,
    1764738000000,
    1764824400000,
    1764910800000,
    1765170000000,
    1765256400000,
    1765342800000,
    1765429200000,
    1765515600000,
    1765774800000,
    1765861200000,
    1765947600000,
    1766034000000,
    1766120400000,
    1766379600000,
    1766466000000,
    1766552400000,
    1766725200000,
    1766984400000,
    1767070800000,
    1767157200000,
    1767330000000,
    1767589200000,
    1767675600000,
    1767762000000,
    1767848400000
  ],
  "open": [
    14.579999923706055,
    14.869999885559082,
    14.84000015258789,
    15.010000228881836,
    14.779999732971191,
    15.229999542236328,
    15.550000190734863,
    15.529999732971191,
    15.680000305175781,
    15.75,
    15.9399995803833,
    15.949999809265137,
    16.010000228881836,
    16.06999969482422,
    16.110000610351562,
    16.299999237060547,
    16.18000030517578,
    15.930000305175781,
    15.930000305175781,
    15.949999809265137,
    15.960000038146973,
    16.049999237060547,
    15.270000457763672,
    15.279999732971191,
    15.369999885559082,
    15.40999984741211,
    15.180000305175781,
    15.529999732971191,
    15.359999656677246,
    15.079999923706055,
    14.850000381469727,
    15.0,
    15.289999961853027,
    14.640000343322754,
    15.130000114440918,
    15.350000381469727,
    15.319999694824219,
    15.260000228881836,
    16.09000015258789,
    16.229999542236328,
    15.960000038146973,
    15.949999809265137,
    16.06999969482422,
    16.110000610351562,
    16.190000534057617,
    15.800000190734863,
    15.859999656677246,
    16.3700008392334,
    15.819999694824219,
    16.100000381469727,
    16.09000015258789,
    16.459999084472656,
    16.040000915527344,
    15.430000305175781,
    15.734999656677246,
    15.399999618530273,
    15.274999618530273,
    15.84000015258789,
    15.354999542236328,
    16.0,
    15.920000076293945,
    16.979999542236328,
    17.389999389648438,
    17.43000030517578,
    17.709999084472656,
    17.700000762939453,
    17.649999618530273,
    17.700000762939453,
    16.8700008392334,
    16.395000457763672,
    16.600000381469727,
    16.729999542236328,
    16.905000686645508,
    17.024999618530273,
    16.5,
    16.09000015258789,
    16.149999618530273,
    16.350000381469727,
    16.420000076293945,
    16.690000534057617,
    16.700000762939453,
    16.739999771118164,
    16.665000915527344,
    16.770000457763672,
    16.8700008392334,
    17.059999465942383,
    17.18000030517578,
    18.1200008392334,
    17.6200008392334,
    17.59000015258789
  ],
  "high": [
    14.869999885559082,
    15.03499984741211,
    14.994999885559082,
    15.175000190734863,
    15.345000267028809,
    15.510000228881836,
    15.710000038146973,
    15.8149995803833,
    15.770000457763672,
    16.0049991607666,
    16.06999969482422,
    16.049999237060547,
    16.1299991607666,
    16.350000381469727,
    16.299999237060547,
    16.424999237060547,
    16.3700008392334,
    16.094999313354492,
    15.994999885559082,
    16.100000381469727,
    16.190000534057617,
    16.049999237060547,
    15.399999618530273,
    15.375,
    15.489999771118164,
    15.539999961853027,
    15.5,
    15.579999923706055,
    15.449999809265137,
    15.119999885559082,
    15.1899995803833,
    15.277999877929688,
    15.3100004196167,
    15.0600004196167,
    15.640000343322754,
    15.59000015258789,
    15.460000038146973,
    16.139999389648438,
    16.1299991607666,
    16.350000381469727,
    16.06999969482422,
    16.270000457763672,
    16.239999771118164,
    16.270000457763672,
    16.5,
    16.114999771118164,
    16.420000076293945,
    16.399999618530273,
    15.875,
    16.219999313354492,
    16.549999237060547,
    16.5,
    16.19499969482422,
    16.260000228881836,
    15.869999885559082,
    15.675000190734863,
    15.720000267028809,
    16.075000762939453,
    16.020000457763672,
    16.059999465942383,
    16.674999237060547,
    17.3799991607666,
    17.55500030517578,
    17.559999465942383,
    17.84000015258789,
    17.719999313354492,
    17.815000534057617,
    17.729999542236328,
    17.075000762939453,
    16.729999542236328,
    16.850000381469727,
    17.110000610351562,
    17.059999465942383,
    17.06999969482422,
    16.520000457763672,
    16.15999984741211,
    16.356000900268555,
    16.469999313354492,
    16.6299991607666,
    16.829999923706055,
    16.78499984741211,
    16.760000228881836,
    16.809999465942383,
    17.104999542236328,
    16.924999237060547,
    17.059999465942383,
    18.138999938964844,
    18.3700008392334,
    17.760000228881836,
    17.624000549316406
  ],