{
  "timestamps": [
    1756785600000,
    1756872000000,
    1756958400000,
    1757044800000,
    1757304000000,
    1757390400000,
    1757476800000,
    1757563200000,
    1757649600000,
    1757908800000,
    1757995200000,
    1758081600000,
    1758168000000,
    1758254400000,
    1758513600000,
    1758600000000,
    1758686400000,
    1758772800000,
    1758859200000,
    1759118400000,
    1759204800000,
    1759291200000,
    1759377600000,
    1759464000000,
    1759723200000,
    1759809600000,
    1759896000000,
    1759982400000,
    1760068800000,
    1760328000000,
    1760414400000,
    1760500800000,
    1760587200000,
    1760673600000,
    1760932800000,
    1761019200000,
    1761105600000,
    1761192000000,
    1761278400000,
    1761537600000,
    1761624000000,
    1761710400000,
    1761796800000,
    1761883200000,
    1762146000000,
    1762232400000,
    1762318800000,
    1762405200000,
    1762491600000,
    1762750800000,
    1762837200000,
    1762923600000,
    1763010000000,
    1763096400000,
    1763355600000,
    1763442000000,
    1763528400000,
    1763614800000,
    1763701200000,
    1763960400000,
    1764046800000,
    1764133200000,
    1764306000000,
    1764565200000,
    1764651600000,
    1764738000000,
    1764824400000,
    1764910800000,
    1765170000000,
    1765256400000,
    1765342800000,
    1765429200000,
    1765515600000,
    1765774800000,
    1765861200000,
    1765947600000,
    1766034000000,
    1766120400000,
    1766379600000,
    1766466000000,
    1766552400000,
    1766725200000,
    1766984400000,
    1767070800000,
    1767157200000,
    1767330000000,
    1767589200000,
    1767675600000,
    1767762000000,
    1767848400000
  ],
  "open": [
    170.0,
    171.05999755859375,
    170.57000732421875,
    168.02999877929688,
    167.5500030517578,
    169.08999633789062,
    176.63999938964844,
    179.67999267578125,
    177.77000427246094,
    175.6699981689453,
    177.0,
    172.63999938964844,
    173.97999572753906,
    175.77000427246094,
    175.3000030517578,
    181.97000122070312,
    179.77000427246094,
    174.47999572753906,
    178.1699981689453,
    180.42999267578125,
    182.0800018310547,
    185.24000549316406,
    189.60000610351562,
    189.19000244140625,
    185.5,
    186.22999572753906,
    186.57000732421875,
    192.22999572753906,
    193.50999450683594,
    187.97000122070312,
    184.77000427246094,
    184.8000030517578,
    182.22999572753906,
    180.17999267578125,
    183.1300048828125,
    182.7899932861328,
    181.13999938964844,
    180.4199981689453,
    183.83999633789062,
    189.99000549316406,
    193.0500030517578,
    207.97999572753906,
    205.14999389648438,
    206.4499969482422,
    208.0800018310547,
    203.0,
    198.77000427246094,
    196.4199981689453,
    184.89999389648438,
    195.11000061035156,
    195.16000366210938,
    195.72000122070312,
    191.0500030517578,
    182.86000061035156,
    185.97000122070312,
    183.3800048828125,
    184.7899932861328,
    195.9499969482422,
    181.24000549316406,
    179.49000549316406,
    174.91000366210938,
    181.6300048828125,
    179.00999450683594,
    174.75999450683594,
    181.75999450683594,
    181.0800018310547,
    181.6199951171875,
    183.88999938964844,
    182.63999938964844,
    185.55999755859375,
    184.97000122070312,
    180.27999877929688,
    181.11000061035156,
    177.94000244140625,
    176.25999450683594,
    176.10000610351562,
    174.52999877929688,
    176.6699981689453,
    183.9199981689453,
    182.97000122070312,
    187.94000244140625,
    189.9199981689453,
    187.7100067138672,
    188.24000549316406,
    189.57000732421875,
    189.83999633789062,
    191.75999450683594,
    190.52000427246094,
    188.57000732421875,
    189.11000061035156
  ],
  "high": [
    172.3800048828125,
    172.41000366210938,
    171.86000061035156,
    169.02999877929688,
    170.9600067138672,
    170.97999572753906,
    179.2899932861328,
    180.27999877929688,
    178.60000610351562,
    178.85000610351562,
    177.5,
    173.1999969482422,
    177.10000610351562,
    178.0800018310547,
    184.5500030517578,
    182.4199981689453,
    179.77999877929688,
    180.25999450683594,
    179.77000427246094,
    184.0,
    187.35000610351562,
    188.13999938964844,
    191.0500030517578,
    190.36000061035156,
    187.22999572753906,
    189.05999755859375,
    189.60000610351562,
    195.3000030517578,
    195.6199951171875,
    190.11000061035156,
    184.8000030517578,
    184.8699951171875,
    183.27999877929688,
    184.10000610351562,
    185.1999969482422,
    182.7899932861328,
    183.44000244140625,
    183.02999877929688,
    187.47000122070312,
    192.0,
    203.14999389648438,
    212.19000244140625,
    206.16000366210938,
    207.97000122070312,
    211.33999633789062,
    203.97000122070312,
    202.9199981689453,
    197.6199951171875,
    188.32000732421875,
    199.94000244140625,
    195.4199981689453,
    195.88999938964844,
    191.44000244140625,
    191.00999450683594,
    189.0,
    184.8000030517578,
    187.86000061035156,
    196.0,
    184.55999755859375,
    183.5,
    178.16000366210938,
    182.91000366210938,
    179.2899932861328,
    180.3000030517578,
    185.66000366210938,
    182.4499969482422,
    184.52000427246094,
    184.66000366210938,
    188.0,
    185.72000122070312,
    185.47999572753906,
    181.32000732421875,
    182.82000732421875,
    178.4199981689453,
    178.49000549316406,
    176.1300048828125,
    176.14999389648438,
    181.4499969482422,
    184.16000366210938,
    189.3300018310547,
    188.91000366210938,
    192.69000244140625,
    188.75999450683594,
    188.99000549316406,
    190.55999755859375,
    192.92999267578125,
    193.6300048828125,
    192.1699981689453,
    191.3699951171875,
    189.5500030517578
  ],
  "low": [
    167.22000122070312,
    168.8800048828125,
    169.41000366210938,
    164.07000732421875,
    167.35000610351562,
    166.74000549316406,
    175.47000122070312,
    176.47999572753906,
    176.4499969482422,
    174.50999450683594,
    174.3800048828125,
    168.41000366210938,
    172.9600067138672,
    175.17999267578125,
    174.7100067138672,
    176.2100067138672,
    175.39999389648438,
    173.1300048828125,
    174.92999267578125,
    180.32000732421875,
    181.47999572753906,
    183.89999389648438,
    188.05999755859375,
    185.3800048828125,
    183.3300018310547,
    184.0,
    186.5399932861328,
    191.05999755859375,
    182.0500030517578,
    185.9600067138672,
    179.6999969482422,
    177.2899932861328,
    179.77000427246094,
    179.75,
    181.72999572753906,
    179.8000030517578,
    176.75999450683594,
    179.7899932861328,
    183.5,
    188.42999267578125,
    191.91000366210938,
    204.77999877929688,
    201.41000366210938,
    202.07000732421875,
    205.55999755859375,
    197.92999267578125,
    194.64999389648438,
    186.3800048828125,
    178.91000366210938,
    193.7899932861328,
    191.3000030517578,
    191.1300048828125,
    183.85000610351562,
    180.5800018310547,
    184.32000732421875,
    179.64999389648438,
    182.8300018310547,
    179.85000610351562,
    172.92999267578125,
    176.47999572753906,
    169.5500030517578,
    178.24000549316406,
    176.5,
    173.67999267578125,
    180.0,
    179.11000061035156,
    179.9600067138672,
    180.91000366210938,
    182.39999389648438,
    183.32000732421875,
    182.0399932861328,
    176.6199951171875,
    174.6199951171875,
    175.02999877929688,
    174.89999389648438,
    170.30999755859375,
    171.82000732421875,
    176.33999633789062,
    182.35000610351562,
    182.89999389648438,
    186.58999633789062,
    188.0,
    185.91000366210938,
    186.92999267578125,
    186.49000549316406,
    188.25999450683594,
    186.14999389648438,
    186.82000732421875,
    186.55999755859375,
    183.7100067138672
  ],