{
  "timestamps": [
    1756785600000,
    1756872000000,
    1756958400000,
    1757044800000,
    1757304000000,
    1757390400000,
    1757476800000,
    1757563200000,
    1757649600000,
    1757908800000,
    1757995200000,
    1758081600000,
    1758168000000,
    1758254400000,
    1758513600000,
    1758600000000,
    1758686400000,
    1758772800000,
    1758859200000,
    1759118400000,
    1759204800000,
    1759291200000,
    1759377600000,
    1759464000000,
    1759723200000,
    1759809600000,
    1759896000000,
    1759982400000,
    1760068800000,
    1760328000000,
    1760414400000,
    1760500800000,
    1760587200000,
    1760673600000,
    1760932800000,
    1761019200000,
    1761105600000,
    1761192000000,
    1761278400000,
    1761537600000,
    1761624000000,
    1761710400000,
    1761796800000,
    1761883200000,
    1762146000000,
    1762232400000,
    1762318800000,
    1762405200000,
    1762491600000,
    1762750800000,
    1762837200000,
    1762923600000,
    1763010000000,
    1763096400000,
    1763355600000,
    1763442000000,
    1763528400000,
    1763614800000,
    1763701200000,
    1763960400000,
    1764046800000,
    1764133200000,
    1764306000000,
    1764565200000,
    1764651600000,
    1764738000000,
    1764824400000,
    1764910800000,
    1765170000000,
    1765256400000,
    1765342800000,
    1765429200000,
    1765515600000,
    1765774800000,
    1765861200000,
    1765947600000,
    1766034000000,
    1766120400000,
    1766379600000,
    1766466000000,
    1766552400000,
    1766725200000,
    1766984400000,
    1767070800000,
    1767157200000,
    1767330000000,
    1767589200000,
    1767675600000,
    1767762000000,
    1767848400000
  ],
  "open": [
    70.15499877929688,
    74.63999938964844,
    72.0,
    71.22000122070312,
    70.5,
    70.44000244140625,
    75.44000244140625,
    74.18000030517578,
    78.9000015258789,
    84.25,
    94.80500030517578,
    95.27999877929688,
    98.53500366210938,
    108.69999694824219,
    130.84500122070312,
    137.31500244140625,
    142.94000244140625,
    110.95999908447266,
    117.62999725341797,
    118.25,
    115.45999908447266,
    112.5999984741211,
    118.8499984741211,
    127.91000366210938,
    131.39500427246094,
    142.1999969482422,
    135.85000610351562,
    139.85000610351562,
    137.69000244140625,
    158.0,
    168.0500030517578,
    185.9600067138672,
    174.85000610351562,
    157.8000030517578,
    167.19000244140625,
    153.14999389648438,
    132.80999755859375,
    119.98999786376953,
    133.52999877929688,
    144.8000030517578,
    138.10000610351562,
    134.52999877929688,
    137.17999267578125,
    140.5800018310547,
    132.11000061035156,
    119.25,
    116.37000274658203,
    120.12000274658203,
    100.0,
    116.98999786376953,
    108.19000244140625,
    108.5999984741211,
    109.44999694824219,
    94.83499908447266,
    96.61000061035156,
    93.69000244140625,
    99.6500015258789,
    106.11000061035156,
    89.44999694824219,
    89.16000366210938,
    89.46499633789062,
    88.05000305175781,
    90.0,
    88.54000091552734,
    88.9800033569336,
    90.98999786376953,
    96.9800033569336,
    105.98500061035156,
    108.13999938964844,
    103.61000061035156,
    102.9000015258789,
    98.48999786376953,
    102.70500183105469,
    89.3499984741211,
    80.75,
    84.29000091552734,
    80.50499725341797,
    78.69999694824219,
    85.77999877929688,
    81.80500030517578,
    80.48999786376953,
    80.0250015258789,
    74.80000305175781,
    74.30999755859375,
    71.41999816894531,
    73.98999786376953,
    81.6500015258789,
    93.0,
    93.5999984741211,
    96.70999908447266
  ],
  "high": [
    73.58999633789062,
    76.5999984741211,
    73.3280029296875,
    71.87999725341797,
    71.92900085449219,
    74.4800033569336,
    76.69999694824219,
    80.87999725341797,
    83.0,
    95.91000366210938,
    95.9000015258789,
    96.77200317382812,
    110.8239974975586,
    136.52999877929688,
    142.85000610351562,
    143.75,
    144.49000549316406,
    122.4800033569336,
    119.95999908447266,
    121.52999877929688,
    116.87000274658203,
    116.67500305175781,
    129.63999938964844,
    130.94000244140625,
    147.17999267578125,
    142.1999969482422,
    138.35000610351562,
    141.55499267578125,
    161.41000366210938,
    175.89999389648438,
    183.1999969482422,
    193.83999633789062,
    176.35000610351562,
    171.64999389648438,
    170.0,
    154.4499969482422,
    136.1820068359375,
    129.17999267578125,
    138.66000366210938,
    145.0,
    144.39999389648438,
    152.05999755859375,
    145.3000030517578,
    141.6999969482422,
    132.11000061035156,
    122.36699676513672,
    123.44000244140625,
    120.94999694824219,
    112.69999694824219,
    117.44000244140625,
    111.0,
    116.9800033569336,
    110.37999725341797,
    106.83000183105469,
    101.5,
    100.54499816894531,
    105.87999725341797,
    109.69999694824219,
    89.92500305175781,
    93.19999694824219,
    89.47000122070312,
    89.87999725341797,
    94.51000213623047,
    90.5999984741211,
    96.5,
    97.0,
    114.29000091552734,
    107.58999633789062,
    109.16999816894531,
    107.55000305175781,
    104.56999969482422,
    103.41999816894531,
    103.13999938964844,
    89.5999984741211,
    84.23999786376953,
    85.58000183105469,
    81.0,
    85.26000213623047,
    85.83000183105469,
    84.94999694824219,
    81.30999755859375,
    80.3499984741211,
    78.4800033569336,
    74.6500015258789,
    72.31999969482422,
    77.91999816894531,
    90.8499984741211,
    96.94999694824219,
    100.69000244140625,
    100.19000244140625
  ],
  "low": [
    68.7699966430664,
    71.6520004272461,
    68.91999816894531,
    66.19999694824219,
    69.61000061035156,
    69.55000305175781,
    73.30000305175781,
    73.12999725341797,
    78.66999816894531,
    83.30000305175781,
    90.38999938964844,
    90.11000061035156,
    96.2300033569336,
    107.15899658203125,
    123.72000122070312,
    132.35000610351562,
    130.3800048828125,
    110.13999938964844,
    108.54000091552734,
    114.11000061035156,
    109.625,
    109.19999694824219,
    116.16000366210938,
    122.7699966430664,
    131.1999969482422,
    130.39999389648438,
    130.5800018310547,
    131.19000244140625,
    136.8000030517578,
    156.5399932861328,
    160.17999267578125,
    164.0,
    157.1999969482422,
    155.67999267578125,
    154.1199951171875,
    136.6999969482422,
    114.0,
    116.4000015258789,
    130.97999572753906,
    129.6699981689453,
    131.1999969482422,
    131.91000366210938,
    133.7100067138672,
    130.11000061035156,
    121.60099792480469,
    111.79000091552734,
    114.32099914550781,
    105.98999786376953,
    97.05999755859375,
    107.5,
    103.63999938964844,
    106.95999908447266,
    100.30000305175781,
    93.48999786376953,
    92.62999725341797,
    93.1500015258789,
    98.05000305175781,
    87.75,
    79.01000213623047,
    86.56999969482422,
    81.11000061035156,
    85.7699966430664,
    89.01000213623047,
    85.5,
    88.5999984741211,
    89.01000213623047,
    94.6050033569336,
    100.51000213623047,
    100.5999984741211,
    101.91999816894531,
    98.31700134277344,
    94.41000366210938,
    87.33899688720703,
    82.0,
    78.66999816894531,
    75.0,
    76.06999969482422,
    78.52999877929688,
    80.13999938964844,
    80.79000091552734,
    78.63999938964844,
    76.16000366210938,
    73.76000213623047,
    71.5999984741211,
    70.86000061035156,
    72.12999725341797,
    80.4000015258789,
    88.7300033569336,
    92.80999755859375,
    93.41999816894531
  ],