{
  "timestamps": [
    1756785600000,
    1756872000000,
    1756958400000,
    1757044800000,
    1757304000000,
    1757390400000,
    1757476800000,
    1757563200000,
    1757649600000,
    1757908800000,
    1757995200000,
    1758081600000,
    1758168000000,
    1758254400000,
    1758513600000,
    1758600000000,
    1758686400000,
    1758772800000,
    1758859200000,
    1759118400000,
    1759204800000,
    1759291200000,
    1759377600000,
    1759464000000,
    1759723200000,
    1759809600000,
    1759896000000,
    1759982400000,
    1760068800000,
    1760328000000,
    1760414400000,
    1760500800000,
    1760587200000,
    1760673600000,
    1760932800000,
    1761019200000,
    1761105600000,
    1761192000000,
    1761278400000,
    1761537600000,
    1761624000000,
    1761710400000,
    1761796800000,
    1761883200000,
    1762146000000,
    1762232400000,
    1762318800000,
    1762405200000,
    1762491600000,
    1762750800000,
    1762837200000,
    1762923600000,
    1763010000000,
    1763096400000,
    1763355600000,
    1763442000000,
    1763528400000,
    1763614800000,
    1763701200000,
    1763960400000,
    1764046800000,
    1764133200000,
    1764306000000,
    1764565200000,
    1764651600000,
    1764738000000,
    1764824400000,
    1764910800000,
    1765170000000,
    1765256400000,
    1765342800000,
    1765429200000,
    1765515600000,
    1765774800000,
    1765861200000,
    1765947600000,
    1766034000000,
    1766120400000,
    1766379600000,
    1766466000000,
    1766552400000,
    1766725200000,
    1766984400000,
    1767070800000,
    1767157200000,
    1767330000000,
    1767589200000,
    1767675600000,
    1767762000000,
    1767848400000
  ],
  "open": [
    5.474999904632568,
    5.619999885559082,
    5.034999847412109,
    5.449999809265137,
    5.630000114440918,
    5.309999942779541,
    5.610000133514404,
    5.679999828338623,
    6.449999809265137,
    6.710000038146973,
    6.320000171661377,
    6.059999942779541,
    6.28000020980835,
    6.550000190734863,
    6.820000171661377,
    7.514999866485596,
    7.989999771118164,
    7.005000114440918,
    7.695000171661377,
    7.960000038146973,
    7.929999828338623,
    7.75,
    7.800000190734863,
    9.510000228881836,
    10.5600004196167,
    11.0,
    11.265000343322754,
    11.140000343322754,
    10.479999542236328,
    10.029999732971191,
    10.380000114440918,
    10.824999809265137,
    9.630000114440918,
    7.949999809265137,
    8.0600004196167,
    7.679999828338623,
    6.849999904632568,
    6.849999904632568,
    7.670000076293945,
    8.1850004196167,
    7.519999980926514,
    6.894999980926514,
    6.489999771118164,
    6.25,
    6.574999809265137,
    5.78000020980835,
    5.980000019073486,
    5.920000076293945,
    5.039999961853027,
    6.369999885559082,
    5.849999904632568,
    5.985000133514404,
    6.320000171661377,
    6.164999961853027,
    7.510000228881836,
    6.15500020980835,
    7.465000152587891,
    7.920000076293945,
    6.559999942779541,
    6.784999847412109,
    8.479999542236328,
    8.609999656677246,
    8.279999732971191,
    7.880000114440918,
    7.679999828338623,
    8.390000343322754,
    8.635000228881836,
    8.930000305175781,
    9.295000076293945,
    8.920000076293945,
    9.109999656677246,
    8.489999771118164,
    8.979999542236328,
    8.680000305175781,
    7.619999885559082,
    8.140000343322754,
    7.789999961853027,
    7.989999771118164,
    9.300000190734863,
    9.029999732971191,
    8.979999542236328,
    9.13700008392334,
    8.300000190734863,
    8.460000038146973,
    9.279999732971191,
    10.135000228881836,
    11.300000190734863,
    12.100000381469727,
    12.699999809265137,
    13.204999923706055
  ],
  "high": [
    5.949999809265137,
    5.677999973297119,
    5.389999866485596,
    5.679999828338623,
    6.5,
    5.590000152587891,
    6.0,
    6.440000057220459,
    6.71999979019165,
    6.860000133514404,
    6.349999904632568,
    6.25,
    6.639999866485596,
    6.840000152587891,
    7.360000133514404,
    8.119999885559082,
    8.069999694824219,
    7.840000152587891,
    7.889999866485596,
    8.710000038146973,
    8.170000076293945,
    7.949999809265137,
    9.34000015258789,
    10.279999732971191,
    11.630000114440918,
    11.545000076293945,
    11.699999809265137,
    11.390000343322754,
    10.510000228881836,
    11.21500015258789,
    10.5600004196167,
    10.869999885559082,
    9.630000114440918,
    8.15999984741211,
    8.1899995803833,
    7.909999847412109,
    7.260000228881836,
    7.300000190734863,
    8.170000076293945,
    8.3149995803833,
    7.639999866485596,
    6.949999809265137,
    6.614999771118164,
    6.5,
    6.690000057220459,
    6.570000171661377,
    6.25,
    5.929999828338623,
    5.894999980926514,
    6.389999866485596,
    6.09499979019165,
    6.164999961853027,
    7.340000152587891,
    7.860000133514404,
    7.514999866485596,
    7.920000076293945,
    8.03499984741211,
    7.96999979019165,
    6.849999904632568,
    8.800000190734863,
    8.880000114440918,
    8.680000305175781,
    8.468999862670898,
    8.069999694824219,
    8.550000190734863,
    9.104999542236328,
    9.34000015258789,
    9.300000190734863,
    9.75,
    9.859999656677246,
    9.114999771118164,
    9.079999923706055,
    9.574999809265137,
    8.739999771118164,
    8.194999694824219,
    8.5600004196167,
    8.33899974822998,
    9.239999771118164,
    9.65999984741211,
    9.84000015258789,
    9.199999809265137,
    9.170000076293945,
    8.670000076293945,
    9.300000190734863,
    10.529999732971191,
    11.0600004196167,
    12.539999961853027,
    12.930000305175781,
    13.020000457763672,
    15.069999694824219
  ],
  "low": [
    5.329999923706055,
    5.010000228881836,
    4.900000095367432,
    5.03000020980835,
    5.599999904632568,
    5.210000038146973,
    5.385000228881836,
    5.409999847412109,
    6.199999809265137,
    6.25,
    5.920000076293945,
    5.75,
    6.010000228881836,
    6.420000076293945,
    6.579999923706055,
    7.230000019073486,
    7.25,
    6.789999961853027,
    7.360000133514404,
    7.800000190734863,
    7.570000171661377,
    7.179999828338623,
    7.659999847412109,
    9.1899995803833,
    10.270000457763672,
    10.449999809265137,
    10.713000297546387,
    10.375,
    9.1899995803833,
    9.682999610900879,
    9.880000114440918,
    9.15999984741211,
    7.920000076293945,
    7.554999828338623,
    7.329999923706055,
    7.125,
    6.465000152587891,
    6.650000095367432,
    7.40500020980835,
    7.519999980926514,
    6.659999847412109,
    6.519999980926514,
    6.204999923706055,
    6.119999885559082,
    5.78000020980835,
    5.769999980926514,
    5.829999923706055,
    5.215000152587891,
    4.949999809265137,
    5.769999980926514,
    5.599999904632568,
    5.480000019073486,
    6.309999942779541,
    6.099999904632568,
    5.980000019073486,
    6.150000095367432,
    7.260000228881836,
    6.25,
    5.929999828338623,
    6.670000076293945,
    8.069999694824219,
    7.684999942779541,
    7.800000190734863,
    7.46999979019165,
    7.320000171661377,
    7.460000038146973,
    8.520000457763672,
    8.579999923706055,
    8.970000267028809,
    8.609999656677246,
    8.305000305175781,
    8.119999885559082,
    8.40999984741211,
    7.559999942779541,
    7.590000152587891,
    7.28000020980835,
    7.739999771118164,
    7.860000133514404,
    9.154999732971191,
    8.670000076293945,
    8.850000381469727,
    8.430000305175781,
    8.210000038146973,
    8.329999923706055,
    9.170000076293945,
    9.90999984741211,
    10.989999771118164,
    11.960000038146973,
    12.109999656677246,
    13.149999618530273
  ],