{
  "timestamps": [
    1756785600000,
    1756872000000,
    1756958400000,
    1757044800000,
    1757304000000,
    1757390400000,
    1757476800000,
    1757563200000,
    1757649600000,
    1757908800000,
    1757995200000,
    1758081600000,
    1758168000000,
    1758254400000,
    1758513600000,
    1758600000000,
    1758686400000,
    1758772800000,
    1758859200000,
    1759118400000,
    1759204800000,
    1759291200000,
    1759377600000,
    1759464000000,
    1759723200000,
    1759809600000,
    1759896000000,
    1759982400000,
    1760068800000,
    1760328000000,
    1760414400000,
    1760500800000,
    1760587200000,
    1760673600000,
    1760932800000,
    1761019200000,
    1761105600000,
    1761192000000,
    1761278400000,
    1761537600000,
    1761624000000,
    1761710400000,
    1761796800000,
    1761883200000,
    1762146000000,
    1762232400000,
    1762318800000,
    1762405200000,
    1762491600000,
    1762750800000,
    1762837200000,
    1762923600000,
    1763010000000,
    1763096400000,
    1763355600000,
    1763442000000,
    1763528400000,
    1763614800000,
    1763701200000,
    1763960400000,
    1764046800000,
    1764133200000,
    1764306000000,
    1764565200000,
    1764651600000,
    1764738000000,
    1764824400000,
    1764910800000,
    1765170000000,
    1765256400000,
    1765342800000,
    1765429200000,
    1765515600000,
    1765774800000,
    1765861200000,
    1765947600000,
    1766034000000,
    1766120400000,
    1766379600000,
    1766466000000,
    1766552400000,
    1766725200000,
    1766984400000,
    1767070800000,
    1767157200000,
    1767330000000,
    1767589200000,
    1767675600000,
    1767762000000,
    1767848400000
  ],
  "open": [
    222.0,
    225.89999389648438,
    222.0,
    232.5500030517578,
    239.88999938964844,
    239.94000244140625,
    319.19000244140625,
    330.3399963378906,
    305.7900085449219,
    306.45001220703125,
    314.05999755859375,
    307.69000244140625,
    303.0400085449219,
    299.0,
    309.6300048828125,
    324.0,
    311.8599853515625,
    295.2699890136719,
    293.0,
    284.6000061035156,
    283.69000244140625,
    278.79998779296875,
    291.79998779296875,
    289.6000061035156,
    292.3800048828125,
    293.2200012207031,
    285.4200134277344,
    291.54998779296875,
    300.2799987792969,
    298.70001220703125,
    303.57000732421875,
    304.8999938964844,
    305.6000061035156,
    303.75,
    288.95001220703125,
    278.1099853515625,
    274.82000732421875,
    272.9599914550781,
    285.9200134277344,
    286.57000732421875,
    283.0,
    281.4599914550781,
    268.739990234375,
    259.510009765625,
    265.239990234375,
    249.97999572753906,
    247.91000366210938,
    247.94000244140625,
    239.0,
    245.9499969482422,
    236.22999572753906,
    236.74000549316406,
    224.99000549316406,
    210.8300018310547,
    218.2100067138672,
    216.2100067138672,
    219.05999755859375,
    231.16000366210938,
    207.0800018310547,
    196.86000061035156,
    194.0800018310547,
    209.5,
    199.50999450683594,
    200.5,
    205.13999938964844,
    200.3300018310547,
    207.86000061035156,
    219.0,
    221.35000610351562,
    220.02999877929688,
    221.8000030517578,
    190.6199951171875,
    196.3699951171875,
    188.2899932861328,
    184.6999969482422,
    183.30999755859375,
    182.72000122070312,
    188.38999938964844,
    196.82000732421875,
    196.42999267578125,
    195.0,
    198.05999755859375,
    194.16000366210938,
    196.05999755859375,
    196.4199981689453,
    197.47000122070312,
    198.33999633789062,
    192.55999755859375,
    195.3000030517578,
    190.8800048828125
  ],
  "high": [
    225.4499969482422,
    225.89999389648438,
    223.57000732421875,
    234.6199951171875,
    242.4199981689453,
    243.49000549316406,
    345.7200012207031,
    331.0,
    307.9700012207031,
    307.0299987792969,
    319.9700012207031,
    308.6600036621094,
    303.82000732421875,
    311.1099853515625,
    329.5,
    325.0,
    312.4700012207031,
    298.75,
    294.0,
    285.9800109863281,
    284.0,
    289.989990234375,
    294.9700012207031,
    294.6400146484375,
    296.67999267578125,
    293.2200012207031,
    291.5299987792969,
    300.9700012207031,
    307.7200012207031,
    310.70001220703125,
    304.4200134277344,
    311.010009765625,
    322.5400085449219,
    304.2799987792969,
    289.239990234375,
    280.29998779296875,
    277.20001220703125,
    283.1000061035156,
    287.19000244140625,
    287.0,
    285.4599914550781,
    281.6199951171875,
    269.760009765625,
    265.80999755859375,
    265.6199951171875,
    255.27999877929688,
    252.39999389648438,
    249.07000732421875,
    240.39999389648438,
    247.24000549316406,
    237.4499969482422,
    236.80999755859375,
    225.16000366210938,
    227.0500030517578,
    222.8000030517578,
    223.6999969482422,
    228.14999389648438,
    234.0,
    208.30999755859375,
    203.82000732421875,
    199.41000366210938,
    210.0,
    202.33999633789062,
    203.5,
    209.6999969482422,
    207.9199981689453,
    215.41000366210938,
    219.5,
    224.75,
    222.6199951171875,
    225.32000732421875,
    201.99000549316406,
    197.85000610351562,
    188.97000122070312,
    189.8000030517578,
    186.5,
    184.75999450683594,
    195.1199951171875,
    198.8000030517578,
    197.1999969482422,
    198.27999877929688,
    200.3699951171875,
    198.50999450683594,
    198.3800048828125,
    197.1999969482422,
    198.58999633789062,
    201.69000244140625,
    194.8800048828125,
    195.6699981689453,
    190.9499969482422
  ],
  "low": [
    218.7899932861328,
    221.75,
    219.55999755859375,
    225.88999938964844,
    235.30999755859375,
    234.55999755859375,
    312.0899963378906,
    304.6000061035156,
    291.75,
    297.2900085449219,
    302.2699890136719,
    295.0299987792969,
    292.0,
    297.32000732421875,
    306.9200134277344,
    310.04998779296875,
    300.0299987792969,
    288.54998779296875,
    283.0,
    279.6099853515625,
    275.8999938964844,
    277.8800048828125,
    286.04998779296875,
    284.0,
    290.79998779296875,
    271.0,
    283.6000061035156,
    287.260009765625,
    292.010009765625,
    297.739990234375,
    291.9800109863281,
    298.9200134277344,
    303.07000732421875,
    287.5,
    275.30999755859375,
    272.260009765625,
    269.25,
    272.3900146484375,
    282.25,
    279.80999755859375,
    280.5400085449219,
    271.3500061035156,
    256.2799987792969,
    256.7099914550781,
    255.22999572753906,
    245.19000244140625,
    247.02999877929688,
    239.2899932861328,
    232.35000610351562,
    237.07000732421875,
    228.88999938964844,
    226.1699981689453,
    215.22000122070312,
    210.77000427246094,
    215.55999755859375,
    214.5,
    217.30999755859375,
    210.3000030517578,
    193.5500030517578,
    194.3000030517578,
    185.6300048828125,
    202.24000549316406,
    197.61000061035156,
    196.6999969482422,
    200.0,
    199.39999389648438,
    206.32000732421875,
    213.6199951171875,
    216.91000366210938,
    218.27999877929688,
    217.5800018310547,
    186.22999572753906,
    185.97999572753906,
    181.39999389648438,
    184.49000549316406,
    177.07000732421875,
    178.5800018310547,
    188.1199951171875,
    192.8300018310547,
    192.19000244140625,
    194.4199981689453,
    196.11000061035156,
    192.63999938964844,
    195.7100067138672,
    194.72999572753906,
    194.2100067138672,
    192.3300018310547,
    190.6999969482422,
    192.0,
    186.14999389648438
  ],