{
  "timestamps": [
    1756785600000,
    1756872000000,
    1756958400000,
    1757044800000,
    1757304000000,
    1757390400000,
    1757476800000,
    1757563200000,
    1757649600000,
    1757908800000,
    1757995200000,
    1758081600000,
    1758168000000,
    1758254400000,
    1758513600000,
    1758600000000,
    1758686400000,
    1758772800000,
    1758859200000,
    1759118400000,
    1759204800000,
    1759291200000,
    1759377600000,
    1759464000000,
    1759723200000,
    1759809600000,
    1759896000000,
    1759982400000,
    1760068800000,
    1760328000000,
    1760414400000,
    1760500800000,
    1760587200000,
    1760673600000,
    1760932800000,
    1761019200000,
    1761105600000,
    1761192000000,
    1761278400000,
    1761537600000,
    1761624000000,
    1761710400000,
    1761796800000,
    1761883200000,
    1762146000000,
    1762232400000,
    1762318800000,
    1762405200000,
    1762491600000,
    1762750800000,
    1762837200000,
    1762923600000,
    1763010000000,
    1763096400000,
    1763355600000,
    1763442000000,
    1763528400000,
    1763614800000,
    1763701200000,
    1763960400000,
    1764046800000,
    1764133200000,
    1764306000000,
    1764565200000,
    1764651600000,
    1764738000000,
    1764824400000,
    1764910800000,
    1765170000000,
    1765256400000,
    1765342800000,
    1765429200000,
    1765515600000,
    1765774800000,
    1765861200000,
    1765947600000,
    1766034000000,
    1766120400000,
    1766379600000,
    1766466000000,
    1766552400000,
    1766725200000,
    1766984400000,
    1767070800000,
    1767157200000,
    1767330000000,
    1767589200000,
    1767675600000,
    1767762000000,
    1767848400000
  ],
  "open": [
    187.25999450683594,
    188.9499969482422,
    191.52999877929688,
    193.60000610351562,
    195.19000244140625,
    197.69000244140625,
    197.83999633789062,
    198.0,
    197.17999267578125,
    198.0500030517578,
    201.5,
    203.0,
    204.60000610351562,
    206.41000366210938,
    206.88999938964844,
    207.16000366210938,
    202.6699981689453,
    200.0,
    201.47999572753906,
    203.0,
    203.6199951171875,
    202.16000366210938,
    208.49000549316406,
    210.10000610351562,
    209.3699951171875,
    213.22999572753906,
    212.60000610351562,
    217.0,
    216.0,
    213.4199981689453,
    209.77000427246094,
    208.0800018310547,
    208.0,
    204.08999633789062,
    209.55999755859375,
    212.0399932861328,
    214.0,
    212.0500030517578,
    217.0,
    219.7899932861328,
    221.17999267578125,
    219.30999755859375,
    217.5399932861328,
    219.94000244140625,
    219.97000122070312,
    215.72000122070312,
    215.1999969482422,
    209.8699951171875,
    208.22999572753906,
    214.22000122070312,
    216.94000244140625,
    218.13999938964844,
    209.8000030517578,
    201.99000549316406,
    205.0,
    202.5,
    199.36000061035156,
    198.1300048828125,
    185.00999450683594,
    185.4199981689453,
    183.52999877929688,
    187.14999389648438,
    187.22999572753906,
    189.5399932861328,
    189.49000549316406,
    190.0800018310547,
    194.05999755859375,
    195.63999938964844,
    199.3699951171875,
    195.02000427246094,
    194.4600067138672,
    191.3800048828125,
    191.05999755859375,
    191.33999633789062,
    185.10000610351562,
    187.52999877929688,
    185.7100067138672,
    187.85000610351562,
    188.49000549316406,
    189.07000732421875,
    187.42999267578125,
    187.33999633789062,
    188.1300048828125,
    186.25,
    186.6999969482422,
    184.80999755859375,
    183.0,
    181.72999572753906,
    188.08999633789062,
    193.69000244140625
  ],
  "high": [
    191.58999633789062,
    192.35000610351562,
    194.47999572753906,
    196.33999633789062,
    197.89999389648438,
    198.1300048828125,
    202.72000122070312,
    200.8000030517578,
    199.9499969482422,
    202.11000061035156,
    202.1199951171875,
    204.50999450683594,
    207.02999877929688,
    209.02000427246094,
    209.50999450683594,
    208.49000549316406,
    205.0,
    203.83999633789062,
    203.5500030517578,
    204.74000549316406,
    206.07000732421875,
    207.19000244140625,
    209.89999389648438,
    212.10000610351562,
    213.85000610351562,
    214.02000427246094,
    217.94000244140625,
    217.75,
    217.2899932861328,
    214.72000122070312,
    210.8000030517578,
    210.60000610351562,
    210.44000244140625,
    208.97999572753906,
    212.61000061035156,
    215.08999633789062,
    215.1699981689453,
    216.50999450683594,
    218.22999572753906,
    221.08999633789062,
    223.61000061035156,
    219.80999755859375,
    221.27000427246094,
    221.1699981689453,
    220.47000122070312,
    218.0,
    215.60000610351562,
    213.41000366210938,
    212.63999938964844,
    216.82000732421875,
    218.75,
    220.02999877929688,
    211.99000549316406,
    206.92999267578125,
    207.19000244140625,
    203.99000549316406,
    202.60000610351562,
    199.69000244140625,
    186.75,
    186.5800018310547,
    186.69000244140625,
    187.14999389648438,
    190.9199981689453,
    189.8699951171875,
    192.0800018310547,
    194.0,
    196.0,
    199.74000549316406,
    199.89999389648438,
    196.66000366210938,
    195.0,
    192.83999633789062,
    193.66000366210938,
    191.33999633789062,
    188.3300018310547,
    188.3300018310547,
    186.9199981689453,
    188.27000427246094,
    190.52000427246094,
    189.72000122070312,
    187.83999633789062,
    188.5800018310547,
    189.02999877929688,
    187.75,
    186.86000061035156,
    184.80999755859375,
    185.83999633789062,
    186.0500030517578,
    196.19000244140625,
    193.88999938964844
  ],
  "low": [
    186.35000610351562,
    188.0500030517578,
    188.75,
    191.85000610351562,
    194.7899932861328,
    195.77000427246094,
    195.6999969482422,
    197.72000122070312,
    196.16000366210938,
    197.3699951171875,
    198.75999450683594,
    200.3300018310547,
    204.27000427246094,
    205.52000427246094,
    205.6699981689453,
    202.25,
    200.22000122070312,
    197.69000244140625,
    200.6199951171875,
    202.60000610351562,
    201.9199981689453,
    200.8800048828125,
    205.44000244140625,
    206.89999389648438,
    209.1300048828125,
    208.32000732421875,
    212.25999450683594,
    214.19000244140625,
    208.30999755859375,
    211.69000244140625,
    206.6999969482422,
    203.3800048828125,
    204.6300048828125,
    203.6199951171875,
    209.52999877929688,
    211.19000244140625,
    210.99000549316406,
    211.6199951171875,
    215.8699951171875,
    218.0,
    219.67999267578125,
    216.0,
    216.61000061035156,
    217.75,
    215.3300018310547,
    212.35000610351562,
    212.4199981689453,
    207.35000610351562,
    207.8300018310547,
    212.72000122070312,
    215.7899932861328,
    209.72000122070312,
    203.17999267578125,
    198.39999389648438,
    202.16000366210938,
    199.80999755859375,
    199.24000549316406,
    183.1999969482422,
    180.0500030517578,
    181.9199981689453,
    181.16000366210938,
    183.8300018310547,
    186.9499969482422,
    185.6199951171875,
    188.14999389648438,
    186.77000427246094,
    192.42999267578125,
    195.0,
    193.69000244140625,
    194.1999969482422,
    192.11000061035156,
    188.5,
    188.5500030517578,
    185.7100067138672,
    184.63999938964844,
    183.27999877929688,
    183.19000244140625,
    186.13999938964844,
    186.64999389648438,
    187.2899932861328,
    184.7899932861328,
    186.50999450683594,
    186.2100067138672,
    185.89999389648438,
    184.10000610351562,
    177.22999572753906,
    181.00999450683594,
    181.4499969482422,
    187.77000427246094,
    189.0500030517578
  ],