{
  "timestamps": [
    1756785600000,
    1756872000000,
    1756958400000,
    1757044800000,
    1757304000000,
    1757390400000,
    1757476800000,
    1757563200000,
    1757649600000,
    1757908800000,
    1757995200000,
    1758081600000,
    1758168000000,
    1758254400000,
    1758513600000,
    1758600000000,
    1758686400000,
    1758772800000,
    1758859200000,
    1759118400000,
    1759204800000,
    1759291200000,
    1759377600000,
    1759464000000,
    1759723200000,
    1759809600000,
    1759896000000,
    1759982400000,
    1760068800000,
    1760328000000,
    1760414400000,
    1760500800000,
    1760587200000,
    1760673600000,
    1760932800000,
    1761019200000,
    1761105600000,
    1761192000000,
    1761278400000,
    1761537600000,
    1761624000000,
    1761710400000,
    1761796800000,
    1761883200000,
    1762146000000,
    1762232400000,
    1762318800000,
    1762405200000,
    1762491600000,
    1762750800000,
    1762837200000,
    1762923600000,
    1763010000000,
    1763096400000,
    1763355600000,
    1763442000000,
    1763528400000,
    1763614800000,
    1763701200000,
    1763960400000,
    1764046800000,
    1764133200000,
    1764306000000,
    1764565200000,
    1764651600000,
    1764738000000,
    1764824400000,
    1764910800000,
    1765170000000,
    1765256400000,
    1765342800000,
    1765429200000,
    1765515600000,
    1765774800000,
    1765861200000,
    1765947600000,
    1766034000000,
    1766120400000,
    1766379600000,
    1766466000000,
    1766552400000,
    1766725200000,
    1766984400000,
    1767070800000,
    1767157200000,
    1767330000000,
    1767589200000,
    1767675600000,
    1767762000000,
    1767848400000
  ],
  "open": [
    10.9399995803833,
    10.930000305175781,
    10.930000305175781,
    11.15999984741211,
    11.529999732971191,
    11.859999656677246,
    11.859999656677246,
    11.640000343322754,
    11.760000228881836,
    11.4399995803833,
    11.609999656677246,
    11.630000114440918,
    12.0,
    12.09000015258789,
    12.180000305175781,
    13.170000076293945,
    12.619999885559082,
    12.15999984741211,
    12.170000076293945,
    12.3100004196167,
    15.180000305175781,
    13.520000457763672,
    13.079999923706055,
    12.75,
    14.1899995803833,
    15.010000228881836,
    15.015000343322754,
    16.440000534057617,
    18.579999923706055,
    17.31999969482422,
    16.780000686645508,
    17.020000457763672,
    16.93000030517578,
    15.515000343322754,
    15.649999618530273,
    15.680000305175781,
    15.800000190734863,
    15.0,
    15.5600004196167,
    16.834999084472656,
    17.3799991607666,
    16.450000762939453,
    15.890000343322754,
    15.800000190734863,
    16.079999923706055,
    15.0600004196167,
    14.420000076293945,
    14.479999542236328,
    13.75,
    14.550000190734863,
    14.0600004196167,
    14.25,
    14.3100004196167,
    13.5,
    14.0,
    13.430000305175781,
    13.65999984741211,
    13.850000381469727,
    12.819999694824219,
    13.149999618530273,
    13.3100004196167,
    13.579999923706055,
    13.699999809265137,
    13.680000305175781,
    14.270000457763672,
    14.359999656677246,
    16.100000381469727,
    18.149999618530273,
    19.079999923706055,
    19.270000457763672,
    18.65999984741211,
    18.639999389648438,
    18.040000915527344,
    17.59000015258789,
    16.200000762939453,
    16.209999084472656,
    16.190000534057617,
    16.100000381469727,
    16.559999465942383,
    16.6299991607666,
    16.979999542236328,
    16.940000534057617,
    16.420000076293945,
    16.639999389648438,
    16.559999465942383,
    16.5,
    15.829999923706055,
    15.979999542236328,
    17.40999984741211,
    17.65999984741211
  ],
  "high": [
    11.069999694824219,
    11.039999961853027,
    10.9350004196167,
    11.550000190734863,
    11.84000015258789,
    11.989999771118164,
    12.050000190734863,
    11.718000411987305,
    11.760000228881836,
    11.664999961853027,
    11.630000114440918,
    11.984999656677246,
    12.170000076293945,
    12.125,
    13.170000076293945,
    13.21500015258789,
    12.635000228881836,
    12.210000038146973,
    12.380000114440918,
    12.680000305175781,
    15.180000305175781,
    13.640000343322754,
    13.079999923706055,
    13.364999771118164,
    15.220000267028809,
    15.260000228881836,
    15.59000015258789,
    18.739999771118164,
    18.600000381469727,
    17.469999313354492,
    16.90999984741211,
    17.200000762939453,
    17.579999923706055,
    15.960000038146973,
    16.149999618530273,
    16.59000015258789,
    15.829999923706055,
    15.729999542236328,
    16.7549991607666,
    17.5,
    17.5,
    16.68000030517578,
    16.325000762939453,
    16.0,
    16.579999923706055,
    15.199999809265137,
    15.1899995803833,
    14.585000038146973,
    14.364999771118164,
    14.65999984741211,
    14.529999732971191,
    14.744999885559082,
    14.840999603271484,
    14.385000228881836,
    14.180000305175781,
    13.78499984741211,
    13.875,
    13.90999984741211,
    13.119999885559082,
    13.4399995803833,
    13.720000267028809,
    13.770000457763672,
    13.9399995803833,
    14.199999809265137,
    14.664999961853027,
    15.0,
    18.700000762939453,
    18.979999542236328,
    19.84000015258789,
    19.559999465942383,
    18.950000762939453,
    18.950000762939453,
    18.09000015258789,
    17.600000381469727,
    16.600000381469727,
    17.450000762939453,
    16.336000442504883,
    16.239999771118164,
    16.825000762939453,
    16.65999984741211,
    17.349000930786133,
    17.174999237060547,
    17.360000610351562,
    17.170000076293945,
    16.719999313354492,
    16.59000015258789,
    16.475000381469727,
    17.329999923706055,
    17.940000534057617,
    17.770000457763672
  ],
  "low": [
    10.760000228881836,
    10.779999732971191,
    10.479999542236328,
    10.890000343322754,
    11.34000015258789,
    11.642000198364258,
    11.529999732971191,
    11.420000076293945,
    11.369999885559082,
    11.3100004196167,
    11.420000076293945,
    11.614999771118164,
    11.829999923706055,
    11.770000457763672,
    12.020000457763672,
    12.489999771118164,
    12.220000267028809,
    11.880000114440918,
    11.960000038146973,
    12.170000076293945,
    13.34000015258789,
    12.970000267028809,
    12.609999656677246,
    12.75,
    13.90999984741211,
    14.170000076293945,
    14.765000343322754,
    16.190000534057617,
    16.850000381469727,
    16.610000610351562,
    16.049999237060547,
    16.18000030517578,
    15.800000190734863,
    15.274999618530273,
    15.619999885559082,
    15.425000190734863,
    14.699999809265137,
    14.989999771118164,
    15.319999694824219,
    16.549999237060547,
    16.110000610351562,
    16.020000457763672,
    15.40999984741211,
    15.479999542236328,
    15.274999618530273,
    14.149999618530273,
    14.069999694824219,
    13.800000190734863,
    13.539999961853027,
    14.0,
    14.010000228881836,
    13.899999618530273,
    13.880000114440918,
    13.470000267028809,
    13.300000190734863,
    13.289999961853027,
    13.3100004196167,
    12.6850004196167,
    12.354999542236328,
    13.039999961853027,
    13.079999923706055,
    13.470000267028809,
    13.510000228881836,
    13.550000190734863,
    14.25,
    14.170000076293945,
    15.75,
    18.09000015258789,
    18.739999771118164,
    18.834999084472656,
    18.225000381469727,
    17.920000076293945,
    17.225000381469727,
    16.010000228881836,
    15.9399995803833,
    15.84000015258789,
    15.859999656677246,
    15.904000282287598,
    16.219999313354492,
    15.680000305175781,
    16.690000534057617,
    16.719999313354492,
    16.329999923706055,
    16.6299991607666,
    16.260000228881836,
    15.489999771118164,
    15.609999656677246,
    15.904999732971191,
    17.094999313354492,
    16.739999771118164
  ],