{
  "timestamps": [
    1756785600000,
    1756872000000,
    1756958400000,
    1757044800000,
    1757304000000,
    1757390400000,
    1757476800000,
    1757563200000,
    1757649600000,
    1757908800000,
    1757995200000,
    1758081600000,
    1758168000000,
    1758254400000,
    1758513600000,
    1758600000000,
    1758686400000,
    1758772800000,
    1758859200000,
    1759118400000,
    1759204800000,
    1759291200000,
    1759377600000,
    1759464000000,
    1759723200000,
    1759809600000,
    1759896000000,
    1759982400000,
    1760068800000,
    1760328000000,
    1760414400000,
    1760500800000,
    1760587200000,
    1760673600000,
    1760932800000,
    1761019200000,
    1761105600000,
    1761192000000,
    1761278400000,
    1761537600000,
    1761624000000,
    1761710400000,
    1761796800000,
    1761883200000,
    1762146000000,
    1762232400000,
    1762318800000,
    1762405200000,
    1762491600000,
    1762750800000,
    1762837200000,
    1762923600000,
    1763010000000,
    1763096400000,
    1763355600000,
    1763442000000,
    1763528400000,
    1763614800000,
    1763701200000,
    1763960400000,
    1764046800000,
    1764133200000,
    1764306000000,
    1764565200000,
    1764651600000,
    1764738000000,
    1764824400000,
    1764910800000,
    1765170000000,
    1765256400000,
    1765342800000,
    1765429200000,
    1765515600000,
    1765774800000,
    1765861200000,
    1765947600000,
    1766034000000,
    1766120400000,
    1766379600000,
    1766466000000,
    1766552400000,
    1766725200000,
    1766984400000,
    1767070800000,
    1767157200000,
    1767330000000,
    1767589200000,
    1767675600000,
    1767762000000,
    1767848400000
  ],
  "open": [
    6.760000228881836,
    6.760000228881836,
    6.550000190734863,
    6.610000133514404,
    7.704999923706055,
    8.640000343322754,
    9.199999809265137,
    9.1899995803833,
    9.619999885559082,
    9.970000267028809,
    9.859999656677246,
    9.75,
    10.479999542236328,
    10.65999984741211,
    10.859999656677246,
    11.239999771118164,
    12.140000343322754,
    11.5,
    11.859999656677246,
    12.390000343322754,
    12.699999809265137,
    12.84000015258789,
    14.359999656677246,
    14.949999809265137,
    15.800000190734863,
    15.0,
    16.549999237060547,
    15.59000015258789,
    15.859999656677246,
    15.210000038146973,
    15.0,
    15.449999809265137,
    15.470000267028809,
    13.0,
    14.020000457763672,
    13.180000305175781,
    12.75,
    12.630000114440918,
    13.300000190734863,
    13.949999809265137,
    13.399999618530273,
    12.960000038146973,
    12.739999771118164,
    12.890000343322754,
    13.329999923706055,
    12.729999542236328,
    12.84000015258789,
    13.010000228881836,
    12.109999656677246,
    13.229999542236328,
    13.199999809265137,
    12.630000114440918,
    12.270000457763672,
    11.0,
    11.180000305175781,
    11.039999961853027,
    11.460000038146973,
    12.199999809265137,
    11.239999771118164,
    11.350000381469727,
    11.510000228881836,
    11.770000457763672,
    11.90999984741211,
    11.600000381469727,
    11.880000114440918,
    11.829999923706055,
    11.949999809265137,
    12.760000228881836,
    13.180000305175781,
    12.619999885559082,
    12.800000190734863,
    15.789999961853027,
    18.440000534057617,
    18.809999465942383,
    17.649999618530273,
    18.18000030517578,
    17.040000915527344,
    17.989999771118164,
    19.780000686645508,
    19.799999237060547,
    20.729999542236328,
    20.299999237060547,
    18.864999771118164,
    20.030000686645508,
    19.7450008392334,
    19.854999542236328,
    20.700000762939453,
    21.5,
    21.719999313354492,
    22.850000381469727
  ],
  "high": [
    6.789999961853027,
    6.760000228881836,
    6.550000190734863,
    6.650000095367432,
    9.708000183105469,
    9.555000305175781,
    9.350000381469727,
    10.079999923706055,
    9.789999961853027,
    10.109999656677246,
    9.97599983215332,
    10.399999618530273,
    10.710000038146973,
    11.40999984741211,
    11.149999618530273,
    12.130000114440918,
    12.229999542236328,
    12.279999732971191,
    12.329999923706055,
    13.0,
    13.0600004196167,
    14.020000457763672,
    15.107000350952148,
    15.5,
    15.890000343322754,
    16.010000228881836,
    16.780000686645508,
    15.800000190734863,
    16.049999237060547,
    15.949999809265137,
    15.25,
    15.664999961853027,
    15.559000015258789,
    13.579999923706055,
    14.40999984741211,
    13.336000442504883,
    13.050000190734863,
    13.305000305175781,
    13.71500015258789,
    13.960000038146973,
    13.470000267028809,
    13.335000038146973,
    13.199999809265137,
    13.729999542236328,
    13.380000114440918,
    13.520000457763672,
    13.345000267028809,
    13.020000457763672,
    12.824999809265137,
    13.800000190734863,
    13.369999885559082,
    12.899999618530273,
    12.40999984741211,
    11.850000381469727,
    11.609999656677246,
    11.885000228881836,
    12.479999542236328,
    12.5,
    11.5,
    11.654999732971191,
    11.869000434875488,
    12.020000457763672,
    12.010000228881836,
    11.819999694824219,
    12.260000228881836,
    12.1899995803833,
    13.199999809265137,
    12.875,
    13.229999542236328,
    13.0,
    13.239999771118164,
    17.975000381469727,
    19.100000381469727,
    19.690000534057617,
    18.280000686645508,
    18.549999237060547,
    17.950000762939453,
    19.829999923706055,
    20.760000228881836,
    20.989999771118164,
    20.93000030517578,
    20.334999084472656,
    20.145000457763672,
    20.235000610351562,
    20.299999237060547,
    20.809999465942383,
    21.434999465942383,
    22.075000762939453,
    22.860000610351562,
    23.600000381469727
  ],
  "low": [
    6.409999847412109,
    6.429999828338623,
    6.289999961853027,
    6.255000114440918,
    7.289999961853027,
    8.510000228881836,
    8.595000267028809,
    9.130000114440918,
    9.390000343322754,
    9.484999656677246,
    9.65999984741211,
    9.680000305175781,
    10.220000267028809,
    10.614999771118164,
    10.720000267028809,
    11.069999694824219,
    11.670000076293945,
    11.420000076293945,
    11.760000228881836,
    12.359999656677246,
    12.119999885559082,
    12.600000381469727,
    14.079999923706055,
    14.760000228881836,
    15.1899995803833,
    14.779999732971191,
    15.260000228881836,
    15.079999923706055,
    14.555000305175781,
    15.15999984741211,
    14.545000076293945,
    14.850000381469727,
    13.119999885559082,
    12.571999549865723,
    13.5,
    12.8100004196167,
    11.970000267028809,
    12.59000015258789,
    13.140000343322754,
    13.270000457763672,
    12.779999732971191,
    12.765000343322754,
    12.531000137329102,
    12.890000343322754,
    12.729999542236328,
    12.460000038146973,
    12.529999732971191,
    12.069999694824219,
    11.930000305175781,
    12.92199993133545,
    12.279999732971191,
    12.329999923706055,
    11.045000076293945,
    10.732000350952148,
    10.880000114440918,
    10.96500015258789,
    11.399999618530273,
    11.090999603271484,
    10.520000457763672,
    11.260000228881836,
    11.260000228881836,
    11.630000114440918,
    11.715999603271484,
    11.399999618530273,
    11.664999961853027,
    11.739999771118164,
    11.930000305175781,
    12.510000228881836,
    12.619999885559082,
    12.559000015258789,
    12.579999923706055,
    15.010000228881836,
    17.3700008392334,
    17.639999389648438,
    16.93000030517578,
    16.43000030517578,
    17.040000915527344,
    17.989999771118164,
    19.610000610351562,
    19.600000381469727,
    20.110000610351562,
    19.040000915527344,
    18.760000228881836,
    19.440000534057617,
    19.631000518798828,
    18.972000122070312,
    19.489999771118164,
    20.969999313354492,
    21.40999984741211,
    22.09000015258789
  ],