{
  "timestamps": [
    1756785600000,
    1756872000000,
    1756958400000,
    1757044800000,
    1757304000000,
    1757390400000,
    1757476800000,
    1757563200000,
    1757649600000,
    1757908800000,
    1757995200000,
    1758081600000,
    1758168000000,
    1758254400000,
    1758513600000,
    1758600000000,
    1758686400000,
    1758772800000,
    1758859200000,
    1759118400000,
    1759204800000,
    1759291200000,
    1759377600000,
    1759464000000,
    1759723200000,
    1759809600000,
    1759896000000,
    1759982400000,
    1760068800000,
    1760328000000,
    1760414400000,
    1760500800000,
    1760587200000,
    1760673600000,
    1760932800000,
    1761019200000,
    1761105600000,
    1761192000000,
    1761278400000,
    1761537600000,
    1761624000000,
    1761710400000,
    1761796800000,
    1761883200000,
    1762146000000,
    1762232400000,
    1762318800000,
    1762405200000,
    1762491600000,
    1762750800000,
    1762837200000,
    1762923600000,
    1763010000000,
    1763096400000,
    1763355600000,
    1763442000000,
    1763528400000,
    1763614800000,
    1763701200000,
    1763960400000,
    1764046800000,
    1764133200000,
    1764306000000,
    1764565200000,
    1764651600000,
    1764738000000,
    1764824400000,
    1764910800000,
    1765170000000,
    1765256400000,
    1765342800000,
    1765429200000,
    1765515600000,
    1765774800000,
    1765861200000,
    1765947600000,
    1766034000000,
    1766120400000,
    1766379600000,
    1766466000000,
    1766552400000,
    1766725200000,
    1766984400000,
    1767070800000,
    1767157200000,
    1767330000000,
    1767589200000,
    1767675600000,
    1767762000000,
    1767848400000
  ],
  "open": [
    151.1999969482422,
    158.0,
    154.86500549316406,
    157.82000732421875,
    154.91000366210938,
    157.25,
    166.0,
    167.24000549316406,
    165.35000610351562,
    169.60000610351562,
    171.0399932861328,
    169.02000427246094,
    170.27000427246094,
    177.07000732421875,
    180.8800048828125,
    182.50999450683594,
    183.91000366210938,
    175.8000030517578,
    179.0500030517578,
    179.63999938964844,
    178.97999572753906,
    181.32000732421875,
    186.6999969482422,
    186.39999389648438,
    179.17999267578125,
    180.30999755859375,
    182.8000030517578,
    183.5800018310547,
    185.1699981689453,
    178.67999267578125,
    176.0,
    181.65499877929688,
    181.77999877929688,
    177.75,
    179.49000549316406,
    182.05999755859375,
    181.92999267578125,
    175.44500732421875,
    182.8800048828125,
    188.97000122070312,
    189.47999572753906,
    191.0800018310547,
    198.4250030517578,
    199.1999969482422,
    205.0449981689453,
    192.07000732421875,
    189.0,
    187.99000549316406,
    173.14999389648438,
    184.30999755859375,
    190.3350067138672,
    190.5800018310547,
    181.71499633789062,
    166.97500610351562,
    170.52999877929688,
    168.3699951171875,
    167.8000030517578,
    172.07000732421875,
    156.00999450683594,
    157.47000122070312,
    160.07000732421875,
    166.85000610351562,
    167.75999450683594,
    165.0,
    169.58999633789062,
    170.13999938964844,
    176.36500549316406,
    178.22999572753906,
    182.2100067138672,
    180.97000122070312,
    184.9499969482422,
    184.8000030517578,
    185.80999755859375,
    185.0800018310547,
    181.65499877929688,
    187.71499633789062,
    181.50999450683594,
    186.74000549316406,
    195.0399932861328,
    192.8249969482422,
    193.16000366210938,
    195.01499938964844,
    186.85000610351562,
    184.35000610351562,
    181.1300048828125,
    181.3000030517578,
    174.8800048828125,
    175.75999450683594,
    179.8000030517578,
    185.61500549316406
  ],
  "high": [
    158.38999938964844,
    161.14999389648438,
    157.0399932861328,
    158.97000122070312,
    158.3000030517578,
    162.75,
    169.0,
    167.45799255371094,
    171.52999877929688,
    171.8000030517578,
    171.30999755859375,
    169.67999267578125,
    178.8000030517578,
    184.4199981689453,
    182.25,
    185.75,
    184.85000610351562,
    184.32000732421875,
    180.1199951171875,
    181.47999572753906,
    182.77000427246094,
    186.27999877929688,
    188.1999969482422,
    186.83999633789062,
    182.9499969482422,
    186.17999267578125,
    184.25999450683594,
    187.6199951171875,
    187.10000610351562,
    179.22000122070312,
    182.33999633789062,
    184.35000610351562,
    184.82000732421875,
    181.58999633789062,
    183.08999633789062,
    182.38900756835938,
    182.2100067138672,
    181.55999755859375,
    186.1699981689453,
    192.8300018310547,
    191.77999877929688,
    199.85000610351562,
    199.6699981689453,
    204.17999267578125,
    207.52000427246094,
    195.6999969482422,
    190.32000732421875,
    191.08999633789062,
    178.6999969482422,
    194.92999267578125,
    192.9250030517578,
    190.5800018310547,
    182.6999969482422,
    177.2899932861328,
    174.24000549316406,
    172.8300018310547,
    169.60000610351562,
    174.57000732421875,
    158.11000061035156,
    165.1699981689453,
    164.64999389648438,
    168.33900451660156,
    168.8000030517578,
    169.10000610351562,
    175.75,
    177.91000366210938,
    178.44000244140625,
    182.1529998779297,
    183.8800048828125,
    182.85000610351562,
    190.38999938964844,
    188.0500030517578,
    186.52499389648438,
    187.77999877929688,
    188.5,
    187.75,
    187.3300018310547,
    195.0,
    198.8800048828125,
    195.3699951171875,
    195.1699981689453,
    196.35000610351562,
    187.1999969482422,
    184.72900390625,
    181.52999877929688,
    181.35000610351562,
    175.82000732421875,
    180.19000244140625,
    187.27999877929688,
    185.66000366210938
  ],
  "low": [
    150.27999877929688,
    152.7100067138672,
    153.16000366210938,
    148.0399932861328,
    154.83999633789062,
    156.3699951171875,
    163.44000244140625,
    163.22000122070312,
    164.00999450683594,
    167.41000366210938,
    168.9600067138672,
    161.27000427246094,
    169.38999938964844,
    176.7100067138672,
    178.2899932861328,
    177.00999450683594,
    177.1199951171875,
    174.2899932861328,
    174.91000366210938,
    177.16000366210938,
    178.22000122070312,
    179.5,
    182.9499969482422,
    170.77000427246094,
    177.8300018310547,
    179.4199981689453,
    181.1999969482422,
    179.9499969482422,
    173.52999877929688,
    173.4499969482422,
    170.82000732421875,
    176.02000427246094,
    176.4499969482422,
    173.9499969482422,
    177.44000244140625,
    178.64999389648438,
    169.4199981689453,
    175.00999450683594,
    182.85000610351562,
    187.52000427246094,
    186.77999877929688,
    190.49000549316406,
    194.1199951171875,
    197.9199981689453,
    201.82000732421875,
    185.55999755859375,
    181.2100067138672,
    174.52999877929688,
    168.91000366210938,
    183.52000427246094,
    187.1300048828125,
    180.39999389648438,
    170.7310028076172,
    164.5,
    167.67999267578125,
    165.5,
    162.4199981689453,
    154.39500427246094,
    147.55999755859375,
    157.0,
    156.55499267578125,
    163.8800048828125,
    165.875,
    163.1199951171875,
    169.58999633789062,
    168.8300018310547,
    174.42999267578125,
    177.16000366210938,
    179.5399932861328,
    180.3800048828125,
    182.75,
    180.2100067138672,
    177.66700744628906,
    180.02999877929688,
    181.14199829101562,
    176.5,
    181.50999450683594,
    186.72999572753906,
    192.42999267578125,
    191.73500061035156,
    192.8300018310547,
    188.6199951171875,
    183.63999938964844,
    180.6999969482422,
    177.25,
    166.35000610351562,
    171.7899932861328,
    174.77000427246094,
    177.66000366210938,
    174.3699951171875
  ],