{
  "timestamps": [
    1756785600000,
    1756872000000,
    1756958400000,
    1757044800000,
    1757304000000,
    1757390400000,
    1757476800000,
    1757563200000,
    1757649600000,
    1757908800000,
    1757995200000,
    1758081600000,
    1758168000000,
    1758254400000,
    1758513600000,
    1758600000000,
    1758686400000,
    1758772800000,
    1758859200000,
    1759118400000,
    1759204800000,
    1759291200000,
    1759377600000,
    1759464000000,
    1759723200000,
    1759809600000,
    1759896000000,
    1759982400000,
    1760068800000,
    1760328000000,
    1760414400000,
    1760500800000,
    1760587200000,
    1760673600000,
    1760932800000,
    1761019200000,
    1761105600000,
    1761192000000,
    1761278400000,
    1761537600000,
    1761624000000,
    1761710400000,
    1761796800000,
    1761883200000,
    1762146000000,
    1762232400000,
    1762318800000,
    1762405200000,
    1762491600000,
    1762750800000,
    1762837200000,
    1762923600000,
    1763010000000,
    1763096400000,
    1763355600000,
    1763442000000,
    1763528400000,
    1763614800000,
    1763701200000,
    1763960400000,
    1764046800000,
    1764133200000,
    1764306000000,
    1764565200000,
    1764651600000,
    1764738000000,
    1764824400000,
    1764910800000,
    1765170000000,
    1765256400000,
    1765342800000,
    1765429200000,
    1765515600000,
    1765774800000,
    1765861200000,
    1765947600000,
    1766034000000,
    1766120400000,
    1766379600000,
    1766466000000,
    1766552400000,
    1766725200000,
    1766984400000,
    1767070800000,
    1767157200000,
    1767330000000,
    1767589200000,
    1767675600000,
    1767762000000,
    1767848400000
  ],
  "open": [
    121.20999908447266,
    129.10499572753906,
    134.1999969482422,
    131.83999633789062,
    129.74000549316406,
    129.89999389648438,
    132.51499938964844,
    134.8300018310547,
    133.63999938964844,
    134.32000732421875,
    138.2899932861328,
    135.75,
    136.5,
    136.2949981689453,
    136.13999938964844,
    137.4199981689453,
    133.8800048828125,
    130.96499633789062,
    132.22000122070312,
    140.7100067138672,
    141.0,
    136.13499450683594,
    135.25,
    125.22000122070312,
    124.0,
    125.56999969482422,
    128.33999633789062,
    125.58999633789062,
    126.44999694824219,
    129.05999755859375,
    129.5,
    138.69000244140625,
    138.72999572753906,
    133.69000244140625,
    133.90499877929688,
    135.0,
    133.1199951171875,
    129.1300048828125,
    131.41000366210938,
    129.64500427246094,
    131.4499969482422,
    131.5,
    125.55000305175781,
    118.5999984741211,
    112.93499755859375,
    104.93000030517578,
    104.5999984741211,
    102.0,
    101.7699966430664,
    108.02999877929688,
    104.87999725341797,
    104.87999725341797,
    104.0,
    99.08000183105469,
    102.25,
    100.46499633789062,
    100.33000183105469,
    98.12999725341797,
    92.12000274658203,
    87.88999938964844,
    89.76000213623047,
    92.16999816894531,
    93.61000061035156,
    93.01000213623047,
    94.19000244140625,
    92.15499877929688,
    92.5999984741211,
    95.66500091552734,
    96.22000122070312,
    97.31999969482422,
    99.9800033569336,
    94.19000244140625,
    90.875,
    87.95999908447266,
    87.18000030517578,
    87.5,
    86.68000030517578,
    84.0999984741211,
    82.41500091552734,
    81.7699966430664,
    80.69000244140625,
    81.72000122070312,
    81.12000274658203,
    81.68000030517578,
    81.76000213623047,
    81.44999694824219,
    81.4000015258789,
    79.37000274658203,
    76.26499938964844,
    74.86000061035156
  ],
  "high": [
    129.00999450683594,
    133.91000366210938,
    135.6699981689453,
    132.1300048828125,
    130.6300048828125,
    134.3800048828125,
    132.97000122070312,
    136.38999938964844,
    136.1999969482422,
    139.97000122070312,
    138.72999572753906,
    136.0,
    137.97999572753906,
    137.8300018310547,
    138.42999267578125,
    137.83999633789062,
    135.86500549316406,
    133.5,
    135.24000549316406,
    142.0,
    141.4499969482422,
    137.9499969482422,
    137.0,
    127.98999786376953,
    127.1050033569336,
    126.0999984741211,
    128.5,
    126.94999694824219,
    130.1999969482422,
    129.72000122070312,
    137.42999267578125,
    141.9499969482422,
    139.0050048828125,
    135.68099975585938,
    135.85000610351562,
    135.0,
    133.41000366210938,
    130.8249969482422,
    132.5,
    131.25,
    134.33999633789062,
    134.6699981689453,
    126.27999877929688,
    119.8499984741211,
    113.5999984741211,
    105.73999786376953,
    104.83000183105469,
    103.9800033569336,
    107.41999816894531,
    108.28500366210938,
    105.52999877929688,
    105.30000305175781,
    104.20999908447266,
    103.37000274658203,
    103.7750015258789,
    103.22000122070312,
    100.55999755859375,
    98.51499938964844,
    93.2699966430664,
    90.69999694824219,
    91.25,
    94.73999786376953,
    95.73999786376953,
    94.16999816894531,
    95.36000061035156,
    93.80000305175781,
    96.13999938964844,
    97.91999816894531,
    97.69000244140625,
    99.2699966430664,
    99.9800033569336,
    96.2699966430664,
    91.87999725341797,
    88.37000274658203,
    87.86000061035156,
    89.19000244140625,
    87.2699966430664,
    84.19999694824219,
    83.19000244140625,
    82.04000091552734,
    82.12000274658203,
    82.33999633789062,
    82.13999938964844,
    82.55999755859375,
    81.76000213623047,
    81.77999877929688,
    82.37999725341797,
    79.37000274658203,
    77.62999725341797,
    74.9800033569336
  ],
  "low": [
    119.16000366210938,
    128.33999633789062,
    127.58999633789062,
    124.94999694824219,
    127.20999908447266,
    129.89999389648438,
    130.75999450683594,
    131.91200256347656,
    132.5,
    134.22999572753906,
    135.14999389648438,
    129.55999755859375,
    133.8300018310547,
    134.7899932861328,
    134.10000610351562,
    132.1999969482422,
    132.1750030517578,
    128.75,
    130.66000366210938,
    137.69500732421875,
    133.1199951171875,
    134.0,
    131.80999755859375,
    120.55999755859375,
    122.2300033569336,
    122.44000244140625,
    124.29499816894531,
    124.5,
    125.66999816894531,
    124.58000183105469,
    124.95999908447266,
    136.66000366210938,
    133.0,
    131.05999755859375,
    130.49000549316406,
    129.60000610351562,
    125.80500030517578,
    127.12000274658203,
    127.6500015258789,
    127.66999816894531,
    130.6199951171875,
    130.0800018310547,
    111.87000274658203,
    111.19999694824219,
    106.0999984741211,
    102.6500015258789,
    102.11000061035156,
    100.5999984741211,
    101.7699966430664,
    105.26000213623047,
    103.55000305175781,
    102.62999725341797,
    99.4000015258789,
    98.05000305175781,
    99.80999755859375,
    99.95999908447266,
    94.33999633789062,
    91.33000183105469,
    88.22899627685547,
    87.08000183105469,
    87.94000244140625,
    92.01000213623047,
    93.07499694824219,
    90.6500015258789,
    93.44999694824219,
    91.05500030517578,
    91.18000030517578,
    94.1449966430664,
    94.77999877929688,
    96.77999877929688,
    94.3499984741211,
    93.06999969482422,
    88.05500030517578,
    85.91000366210938,
    86.1500015258789,
    85.26000213623047,
    83.5199966430664,
    81.24500274658203,
    81.4000015258789,
    80.30000305175781,
    80.41999816894531,
    80.87000274658203,
    80.94999694824219,
    81.36000061035156,
    80.61000061035156,
    78.80000305175781,
    79.87999725341797,
    74.94999694824219,
    75.4000015258789,
    71.77999877929688
  ],