{
  "timestamps": [
    1756785600000,
    1756872000000,
    1756958400000,
    1757044800000,
    1757304000000,
    1757390400000,
    1757476800000,
    1757563200000,
    1757649600000,
    1757908800000,
    1757995200000,
    1758081600000,
    1758168000000,
    1758254400000,
    1758513600000,
    1758600000000,
    1758686400000,
    1758772800000,
    1758859200000,
    1759118400000,
    1759204800000,
    1759291200000,
    1759377600000,
    1759464000000,
    1759723200000,
    1759809600000,
    1759896000000,
    1759982400000,
    1760068800000,
    1760328000000,
    1760414400000,
    1760500800000,
    1760587200000,
    1760673600000,
    1760932800000,
    1761019200000,
    1761105600000,
    1761192000000,
    1761278400000,
    1761537600000,
    1761624000000,
    1761710400000,
    1761796800000,
    1761883200000,
    1762146000000,
    1762232400000,
    1762318800000,
    1762405200000,
    1762491600000,
    1762750800000,
    1762837200000,
    1762923600000,
    1763010000000,
    1763096400000,
    1763355600000,
    1763442000000,
    1763528400000,
    1763614800000,
    1763701200000,
    1763960400000,
    1764046800000,
    1764133200000,
    1764306000000,
    1764565200000,
    1764651600000,
    1764738000000,
    1764824400000,
    1764910800000,
    1765170000000,
    1765256400000,
    1765342800000,
    1765429200000,
    1765515600000,
    1765774800000,
    1765861200000,
    1765947600000,
    1766034000000,
    1766120400000,
    1766379600000,
    1766466000000,
    1766552400000,
    1766725200000,
    1766984400000,
    1767070800000,
    1767157200000,
    1767330000000,
    1767589200000,
    1767675600000,
    1767762000000,
    1767848400000
  ],
  "open": [
    87.0,
    88.81999969482422,
    88.0,
    88.69999694824219,
    94.0,
    95.61000061035156,
    94.55999755859375,
    82.05999755859375,
    77.72000122070312,
    75.4800033569336,
    75.56999969482422,
    74.81999969482422,
    75.73999786376953,
    78.48999786376953,
    80.0,
    80.2249984741211,
    82.0,
    77.19999694824219,
    82.0,
    83.0,
    84.0,
    81.48999786376953,
    83.95999908447266,
    84.73999786376953,
    84.19999694824219,
    82.66000366210938,
    80.23999786376953,
    83.69000244140625,
    86.0,
    85.0,
    81.75,
    80.25,
    79.87999725341797,
    77.0,
    78.66000366210938,
    78.73999786376953,
    79.27999877929688,
    76.79000091552734,
    78.27999877929688,
    78.9000015258789,
    78.06999969482422,
    75.79000091552734,
    71.31999969482422,
    72.44999694824219,
    75.19000244140625,
    73.05000305175781,
    72.37999725341797,
    72.0,
    70.25,
    75.19000244140625,
    75.48999786376953,
    76.05999755859375,
    73.4000015258789,
    68.01000213623047,
    72.5,
    69.41000366210938,
    68.83999633789062,
    71.94000244140625,
    67.01000213623047,
    67.51000213623047,
    67.1500015258789,
    68.87999725341797,
    68.83000183105469,
    68.58000183105469,
    69.77999877929688,
    69.11000061035156,
    71.4000015258789,
    87.04000091552734,
    85.52999877929688,
    88.48999786376953,
    92.05999755859375,
    88.77999877929688,
    85.98999786376953,
    82.11000061035156,
    78.18000030517578,
    77.48999786376953,
    75.51000213623047,
    76.79000091552734,
    78.81999969482422,
    78.98999786376953,
    78.1500015258789,
    79.0,
    77.7699966430664,
    78.54000091552734,
    78.0,
    77.6500015258789,
    75.0199966430664,
    73.25,
    75.38999938964844,
    76.45999908447266
  ],
  "high": [
    88.76000213623047,
    89.22000122070312,
    88.0999984741211,
    91.73999786376953,
    97.0199966430664,
    99.75,
    95.05000305175781,
    82.21600341796875,
    78.18000030517578,
    78.12000274658203,
    75.56999969482422,
    75.16999816894531,
    78.52999877929688,
    80.93000030517578,
    80.7699966430664,
    83.37000274658203,
    82.26499938964844,
    83.97000122070312,
    82.49400329589844,
    83.86000061035156,
    84.0,
    83.97000122070312,
    84.7300033569336,
    84.91500091552734,
    85.34100341796875,
    82.9000015258789,
    84.3499984741211,
    86.94999694824219,
    88.05000305175781,
    85.41000366210938,
    81.98999786376953,
    81.45999908447266,
    81.45999908447266,
    77.94000244140625,
    79.44999694824219,
    81.38999938964844,
    79.27999877929688,
    78.62000274658203,
    80.06999969482422,
    78.93000030517578,
    78.81999969482422,
    75.9749984741211,
    72.7699966430664,
    75.77999877929688,
    76.61199951171875,
    74.1240005493164,
    72.5999984741211,
    73.29000091552734,
    73.21499633789062,
    76.77999877929688,
    76.4000015258789,
    76.4000015258789,
    73.5,
    72.3280029296875,
    72.80000305175781,
    70.68000030517578,
    70.79000091552734,
    72.13999938964844,
    68.0,
    68.54000091552734,
    69.08999633789062,
    69.5,
    70.20999908447266,
    69.93499755859375,
    70.81999969482422,
    71.66000366210938,
    71.94999694824219,
    90.26000213623047,
    89.72000122070312,
    92.56999969482422,
    92.76599884033203,
    89.5989990234375,
    86.33000183105469,
    83.25,
    79.5,
    77.83999633789062,
    76.81999969482422,
    79.45999908447266,
    80.69999694824219,
    79.6500015258789,
    78.98999786376953,
    79.41000366210938,
    78.69999694824219,
    78.7300033569336,
    78.0,
    78.77999877929688,
    75.56500244140625,
    75.36000061035156,
    77.5999984741211,
    76.45999908447266
  ],
  "low": [
    85.77999877929688,
    86.5,
    85.16999816894531,
    85.81999969482422,
    92.36000061035156,
    95.08999633789062,
    80.5999984741211,
    77.48999786376953,
    73.8499984741211,
    74.30000305175781,
    73.91999816894531,
    72.68000030517578,
    75.4000015258789,
    77.58000183105469,
    77.86599731445312,
    79.3219985961914,
    77.9800033569336,
    76.55999755859375,
    79.80000305175781,
    81.19999694824219,
    80.08999633789062,
    81.02799987792969,
    82.72000122070312,
    82.38999938964844,
    82.19000244140625,
    76.83999633789062,
    80.16999816894531,
    82.38999938964844,
    82.31999969482422,
    81.54000091552734,
    78.16000366210938,
    78.19999694824219,
    77.9469985961914,
    75.73999786376953,
    77.52999877929688,
    78.47000122070312,
    75.1500015258789,
    76.05999755859375,
    76.94000244140625,
    77.33999633789062,
    75.98999786376953,
    70.88999938964844,
    70.0,
    72.0,
    73.80999755859375,
    71.91999816894531,
    71.55999755859375,
    70.22000122070312,
    69.94999694824219,
    74.86499786376953,
    74.75,
    73.80500030517578,
    69.5999984741211,
    67.58000183105469,
    68.95500183105469,
    67.62000274658203,
    68.58000183105469,
    67.23500061035156,
    64.75,
    66.64299774169922,
    65.80999755859375,
    68.12000274658203,
    68.41999816894531,
    67.48200225830078,
    69.22000122070312,
    68.41999816894531,
    69.66999816894531,
    84.33000183105469,
    84.86000061035156,
    88.06999969482422,
    89.53199768066406,
    85.5,
    80.77799987792969,
    79.80000305175781,
    76.70999908447266,
    73.01000213623047,
    74.41999816894531,
    76.6500015258789,
    78.0999984741211,
    78.0,
    77.75,
    77.55999755859375,
    77.25,
    77.52999877929688,
    76.19999694824219,
    74.2750015258789,
    72.91000366210938,
    71.86000061035156,
    75.22000122070312,
    71.45999908447266
  ],