{
  "timestamps": [
    1756785600000,
    1756872000000,
    1756958400000,
    1757044800000,
    1757304000000,
    1757390400000,
    1757476800000,
    1757563200000,
    1757649600000,
    1757908800000,
    1757995200000,
    1758081600000,
    1758168000000,
    1758254400000,
    1758513600000,
    1758600000000,
    1758686400000,
    1758772800000,
    1758859200000,
    1759118400000,
    1759204800000,
    1759291200000,
    1759377600000,
    1759464000000,
    1759723200000,
    1759809600000,
    1759896000000,
    1759982400000,
    1760068800000,
    1760328000000,
    1760414400000,
    1760500800000,
    1760587200000,
    1760673600000,
    1760932800000,
    1761019200000,
    1761105600000,
    1761192000000,
    1761278400000,
    1761537600000,
    1761624000000,
    1761710400000,
    1761796800000,
    1761883200000,
    1762146000000,
    1762232400000,
    1762318800000,
    1762405200000,
    1762491600000,
    1762750800000,
    1762837200000,
    1762923600000,
    1763010000000,
    1763096400000,
    1763355600000,
    1763442000000,
    1763528400000,
    1763614800000,
    1763701200000,
    1763960400000,
    1764046800000,
    1764133200000,
    1764306000000,
    1764565200000,
    1764651600000,
    1764738000000,
    1764824400000,
    1764910800000,
    1765170000000,
    1765256400000,
    1765342800000,
    1765429200000,
    1765515600000,
    1765774800000,
    1765861200000,
    1765947600000,
    1766034000000,
    1766120400000,
    1766379600000,
    1766466000000,
    1766552400000,
    1766725200000,
    1766984400000,
    1767070800000,
    1767157200000,
    1767330000000,
    1767589200000,
    1767675600000,
    1767762000000,
    1767848400000
  ],
  "open": [
    8.640000343322754,
    8.899999618530273,
    8.430000305175781,
    8.34000015258789,
    8.369999885559082,
    8.270000457763672,
    8.210000038146973,
    8.199999809265137,
    8.520000457763672,
    9.149999618530273,
    9.460000038146973,
    8.050000190734863,
    8.039999961853027,
    8.109999656677246,
    7.940000057220459,
    8.210000038146973,
    9.75,
    9.010000228881836,
    9.010000228881836,
    9.039999961853027,
    8.829999923706055,
    8.8100004196167,
    9.270000457763672,
    10.819999694824219,
    11.479999542236328,
    11.300000190734863,
    10.1899995803833,
    9.829999923706055,
    9.520000457763672,
    8.890000343322754,
    8.850000381469727,
    9.789999961853027,
    8.951000213623047,
    8.40999984741211,
    8.180000305175781,
    8.199999809265137,
    7.75,
    7.789999961853027,
    8.020000457763672,
    8.449999809265137,
    8.34000015258789,
    7.880000114440918,
    7.670000076293945,
    7.769999980926514,
    7.800000190734863,
    7.039999961853027,
    6.980000019073486,
    6.489999771118164,
    5.71999979019165,
    6.559999942779541,
    6.329999923706055,
    6.210000038146973,
    5.989999771118164,
    5.369999885559082,
    5.389999866485596,
    5.329999923706055,
    5.809999942779541,
    5.590000152587891,
    5.059999942779541,
    5.360000133514404,
    5.340000152587891,
    5.440000057220459,
    5.429999828338623,
    5.309999942779541,
    5.170000076293945,
    5.21999979019165,
    5.639999866485596,
    6.139999866485596,
    6.585000038146973,
    6.795000076293945,
    7.230000019073486,
    7.400000095367432,
    7.78000020980835,
    7.539999961853027,
    6.659999847412109,
    6.78000020980835,
    6.949999809265137,
    7.300000190734863,
    8.520000457763672,
    8.170000076293945,
    8.300000190734863,
    7.820000171661377,
    7.0,
    7.170000076293945,
    7.965000152587891,
    7.920000076293945,
    9.204000473022461,
    10.175000190734863,
    10.52299976348877,
    10.029999732971191
  ],
  "high": [
    9.005000114440918,
    8.979999542236328,
    8.430000305175781,
    8.489999771118164,
    8.539999961853027,
    8.34000015258789,
    8.5,
    8.739999771118164,
    8.850000381469727,
    9.420000076293945,
    9.600000381469727,
    8.149999618530273,
    8.279999732971191,
    8.25,
    8.130000114440918,
    9.350000381469727,
    10.0600004196167,
    9.449999809265137,
    9.170000076293945,
    9.210000038146973,
    9.0,
    9.244999885559082,
    10.449999809265137,
    10.979999542236328,
    11.850000381469727,
    11.390000343322754,
    10.279999732971191,
    10.069999694824219,
    9.609999656677246,
    9.079999923706055,
    9.8100004196167,
    9.90999984741211,
    9.300000190734863,
    8.619999885559082,
    8.319999694824219,
    8.255000114440918,
    7.900000095367432,
    8.010000228881836,
    8.210000038146973,
    8.479999542236328,
    8.390000343322754,
    8.135000228881836,
    7.925000190734863,
    7.940000057220459,
    7.809000015258789,
    7.190000057220459,
    7.445000171661377,
    6.71999979019165,
    6.670000076293945,
    6.669000148773193,
    6.420000076293945,
    6.340000152587891,
    6.090000152587891,
    5.610000133514404,
    5.639999866485596,
    5.514999866485596,
    6.110000133514404,
    5.75,
    5.40500020980835,
    5.420000076293945,
    5.429999828338623,
    5.494999885559082,
    5.579999923706055,
    5.340000152587891,
    5.429999828338623,
    5.579999923706055,
    6.244999885559082,
    6.5,
    7.03000020980835,
    7.380000114440918,
    7.619999885559082,
    7.75,
    8.199999809265137,
    7.75,
    6.840000152587891,
    7.019999980926514,
    7.480000019073486,
    8.399999618530273,
    8.84000015258789,
    8.989999771118164,
    8.579999923706055,
    7.849999904632568,
    7.340000152587891,
    8.09000015258789,
    7.965000152587891,
    9.154999732971191,
    10.5649995803833,
    10.770000457763672,
    10.52299976348877,
    10.880000114440918
  ],
  "low": [
    8.529999732971191,
    8.300000190734863,
    8.0600004196167,
    8.109999656677246,
    8.229999542236328,
    8.079999923706055,
    8.130000114440918,
    8.199999809265137,
    8.520000457763672,
    8.699999809265137,
    8.890000343322754,
    7.769999980926514,
    7.920000076293945,
    7.925000190734863,
    7.769999980926514,
    8.170000076293945,
    9.229999542236328,
    8.675000190734863,
    8.579999923706055,
    8.869999885559082,
    8.579999923706055,
    8.720000267028809,
    9.260000228881836,
    10.375,
    11.069999694824219,
    10.539999961853027,
    9.65999984741211,
    9.4399995803833,
    8.720000267028809,
    8.725000381469727,
    8.619999885559082,
    8.760000228881836,
    8.489999771118164,
    7.885000228881836,
    8.0,
    7.889999866485596,
    7.440000057220459,
    7.679999828338623,
    7.949999809265137,
    8.015000343322754,
    7.829999923706055,
    7.760000228881836,
    7.570000171661377,
    7.639999866485596,
    7.25,
    6.849999904632568,
    6.900000095367432,
    5.869999885559082,
    5.71999979019165,
    5.980000019073486,
    6.010000228881836,
    5.849999904632568,
    5.53000020980835,
    5.309999942779541,
    5.320000171661377,
    5.150000095367432,
    5.414999961853027,
    5.03000020980835,
    4.869999885559082,
    5.119999885559082,
    5.235000133514404,
    5.334000110626221,
    5.389999866485596,
    5.119999885559082,
    5.139999866485596,
    5.179999828338623,
    5.550000190734863,
    6.090000152587891,
    6.360000133514404,
    6.610000133514404,
    6.75,
    7.010000228881836,
    7.190000057220459,
    6.579999923706055,
    6.320000171661377,
    6.340000152587891,
    6.929999828338623,
    7.199999809265137,
    8.15999984741211,
    7.909999847412109,
    7.539999961853027,
    7.079999923706055,
    6.900000095367432,
    7.170000076293945,
    7.460000038146973,
    7.558000087738037,
    9.050000190734863,
    10.010000228881836,
    9.640000343322754,
    9.90999984741211
  ],