{
  "timestamps": [
    1756785600000,
    1756872000000,
    1756958400000,
    1757044800000,
    1757304000000,
    1757390400000,
    1757476800000,
    1757563200000,
    1757649600000,
    1757908800000,
    1757995200000,
    1758081600000,
    1758168000000,
    1758254400000,
    1758513600000,
    1758600000000,
    1758686400000,
    1758772800000,
    1758859200000,
    1759118400000,
    1759204800000,
    1759291200000,
    1759377600000,
    1759464000000,
    1759723200000,
    1759809600000,
    1759896000000,
    1759982400000,
    1760068800000,
    1760328000000,
    1760414400000,
    1760500800000,
    1760587200000,
    1760673600000,
    1760932800000,
    1761019200000,
    1761105600000,
    1761192000000,
    1761278400000,
    1761537600000,
    1761624000000,
    1761710400000,
    1761796800000,
    1761883200000,
    1762146000000,
    1762232400000,
    1762318800000,
    1762405200000,
    1762491600000,
    1762750800000,
    1762837200000,
    1762923600000,
    1763010000000,
    1763096400000,
    1763355600000,
    1763442000000,
    1763528400000,
    1763614800000,
    1763701200000,
    1763960400000,
    1764046800000,
    1764133200000,
    1764306000000,
    1764565200000,
    1764651600000,
    1764738000000,
    1764824400000,
    1764910800000,
    1765170000000,
    1765256400000,
    1765342800000,
    1765429200000,
    1765515600000,
    1765774800000,
    1765861200000,
    1765947600000,
    1766034000000,
    1766120400000,
    1766379600000,
    1766466000000,
    1766552400000,
    1766725200000,
    1766984400000,
    1767070800000,
    1767157200000,
    1767330000000,
    1767589200000,
    1767675600000,
    1767762000000,
    1767848400000
  ],
  "open": [
    13.300000190734863,
    13.899999618530273,
    14.359999656677246,
    13.739999771118164,
    14.234999656677246,
    14.0,
    13.9399995803833,
    13.970000267028809,
    14.0,
    13.630000114440918,
    13.770000457763672,
    14.385000228881836,
    14.289999961853027,
    14.720000267028809,
    14.305000305175781,
    15.244999885559082,
    15.510000228881836,
    15.5,
    15.8100004196167,
    15.75,
    15.25,
    14.78499984741211,
    14.130000114440918,
    13.524999618530273,
    13.729999542236328,
    13.529999732971191,
    13.279999732971191,
    13.079999923706055,
    13.119999885559082,
    12.989999771118164,
    12.859999656677246,
    13.25,
    13.420000076293945,
    12.899999618530273,
    12.800000190734863,
    13.069999694824219,
    13.09000015258789,
    12.770000457763672,
    13.21500015258789,
    13.170000076293945,
    13.40999984741211,
    13.5,
    13.550000190734863,
    13.079999923706055,
    13.550000190734863,
    12.960000038146973,
    13.335000038146973,
    15.260000228881836,
    15.0600004196167,
    15.539999961853027,
    16.3799991607666,
    17.55500030517578,
    17.239999771118164,
    15.699999809265137,
    15.010000228881836,
    14.680000305175781,
    14.829999923706055,
    14.9350004196167,
    14.734999656677246,
    15.029999732971191,
    15.114999771118164,
    15.609999656677246,
    16.389999389648438,
    16.549999237060547,
    17.229999542236328,
    17.200000762939453,
    17.610000610351562,
    18.079999923706055,
    17.565000534057617,
    17.469999313354492,
    17.6299991607666,
    17.415000915527344,
    16.81999969482422,
    18.610000610351562,
    18.6299991607666,
    18.100000381469727,
    18.260000228881836,
    20.309999465942383,
    22.469999313354492,
    21.690000534057617,
    21.110000610351562,
    21.219999313354492,
    20.639999389648438,
    20.68000030517578,
    19.6200008392334,
    19.780000686645508,
    19.469999313354492,
    19.639999389648438,
    19.459999084472656,
    19.905000686645508
  ],
  "high": [
    13.949999809265137,
    15.029999732971191,
    14.369999885559082,
    14.569999694824219,
    14.324999809265137,
    14.199999809265137,
    14.270000457763672,
    14.630000114440918,
    14.039999961853027,
    13.770000457763672,
    14.649999618530273,
    14.630000114440918,
    14.9399995803833,
    14.770000457763672,
    15.430000305175781,
    15.699999809265137,
    15.949999809265137,
    16.049999237060547,
    16.170000076293945,
    15.789999961853027,
    15.510000228881836,
    15.0600004196167,
    14.149999618530273,
    13.729999542236328,
    13.899999618530273,
    13.720000267028809,
    13.399999618530273,
    13.170000076293945,
    13.199999809265137,
    13.119999885559082,
    13.270000457763672,
    13.637999534606934,
    13.420000076293945,
    13.21500015258789,
    13.149999618530273,
    13.5600004196167,
    13.25,
    13.1899995803833,
    13.270000457763672,
    13.664999961853027,
    13.630000114440918,
    13.880000114440918,
    13.579999923706055,
    13.59000015258789,
    13.59000015258789,
    12.979999542236328,
    15.850000381469727,
    15.609999656677246,
    15.375,
    16.75,
    18.1299991607666,
    17.709999084472656,
    17.709999084472656,
    15.869999885559082,
    15.239999771118164,
    15.329999923706055,
    14.930000305175781,
    15.630000114440918,
    15.119999885559082,
    15.25,
    15.664999961853027,
    16.479999542236328,
    17.05500030517578,
    17.790000915527344,
    17.670000076293945,
    17.899999618530273,
    18.170000076293945,
    18.600000381469727,
    17.709999084472656,
    17.795000076293945,
    18.40999984741211,
    17.415000915527344,
    19.600000381469727,
    19.579999923706055,
    18.969999313354492,
    18.40999984741211,
    20.329999923706055,
    22.639999389648438,
    22.690000534057617,
    21.700000762939453,
    21.485000610351562,
    21.549999237060547,
    21.040000915527344,
    20.68000030517578,
    19.915000915527344,
    20.709999084472656,
    20.0,
    20.100000381469727,
    20.579999923706055,
    20.950000762939453
  ],
  "low": [
    12.979999542236328,
    13.850000381469727,
    13.380000114440918,
    13.65999984741211,
    13.819999694824219,
    13.6850004196167,
    13.729999542236328,
    13.949999809265137,
    12.569999694824219,
    13.380000114440918,
    13.729999542236328,
    13.960000038146973,
    14.074000358581543,
    14.020000457763672,
    14.109999656677246,
    14.989999771118164,
    15.064000129699707,
    15.140000343322754,
    15.569999694824219,
    15.0,
    14.550000190734863,
    14.59000015258789,
    13.210000038146973,
    13.220000267028809,
    13.460000038146973,
    13.229999542236328,
    13.050000190734863,
    12.859999656677246,
    12.670000076293945,
    12.800000190734863,
    12.609999656677246,
    13.1850004196167,
    12.8100004196167,
    12.869999885559082,
    12.65999984741211,
    12.899999618530273,
    12.720000267028809,
    12.710000038146973,
    12.9350004196167,
    12.970000267028809,
    13.210000038146973,
    13.449999809265137,
    12.989999771118164,
    12.895000457763672,
    13.154999732971191,
    12.390000343322754,
    13.260000228881836,
    14.479999542236328,
    14.25,
    15.010000228881836,
    16.200000762939453,
    16.399999618530273,
    16.209999084472656,
    15.069999694824219,
    14.529999732971191,
    14.399999618530273,
    14.329999923706055,
    14.59000015258789,
    13.949999809265137,
    14.680000305175781,
    14.895000457763672,
    15.506999969482422,
    16.260000228881836,
    16.511999130249023,
    17.040000915527344,
    16.899999618530273,
    17.3700008392334,
    17.90999984741211,
    17.040000915527344,
    17.3700008392334,
    17.454999923706055,
    15.729999542236328,
    16.729999542236328,
    18.3700008392334,
    17.639999389648438,
    17.600000381469727,
    18.260000228881836,
    20.309999465942383,
    21.625,
    20.690000534057617,
    20.829999923706055,
    20.770000457763672,
    20.329999923706055,
    19.280000686645508,
    19.299999237060547,
    18.899999618530273,
    19.15999984741211,
    18.8799991607666,
    18.690000534057617,
    19.700000762939453
  ],