{
  "timestamps": [
    1756785600000,
    1756872000000,
    1756958400000,
    1757044800000,
    1757304000000,
    1757390400000,
    1757476800000,
    1757563200000,
    1757649600000,
    1757908800000,
    1757995200000,
    1758081600000,
    1758168000000,
    1758254400000,
    1758513600000,
    1758600000000,
    1758686400000,
    1758772800000,
    1758859200000,
    1759118400000,
    1759204800000,
    1759291200000,
    1759377600000,
    1759464000000,
    1759723200000,
    1759809600000,
    1759896000000,
    1759982400000,
    1760068800000,
    1760328000000,
    1760414400000,
    1760500800000,
    1760587200000,
    1760673600000,
    1760932800000,
    1761019200000,
    1761105600000,
    1761192000000,
    1761278400000,
    1761537600000,
    1761624000000,
    1761710400000,
    1761796800000,
    1761883200000,
    1762146000000,
    1762232400000,
    1762318800000,
    1762405200000,
    1762491600000,
    1762750800000,
    1762837200000,
    1762923600000,
    1763010000000,
    1763096400000,
    1763355600000,
    1763442000000,
    1763528400000,
    1763614800000,
    1763701200000,
    1763960400000,
    1764046800000,
    1764133200000,
    1764306000000,
    1764565200000,
    1764651600000,
    1764738000000,
    1764824400000,
    1764910800000,
    1765170000000,
    1765256400000,
    1765342800000,
    1765429200000,
    1765515600000,
    1765774800000,
    1765861200000,
    1765947600000,
    1766034000000,
    1766120400000,
    1766379600000,
    1766466000000,
    1766552400000,
    1766725200000,
    1766984400000,
    1767070800000,
    1767157200000,
    1767330000000,
    1767589200000,
    1767675600000,
    1767762000000,
    1767848400000
  ],
  "open": [
    46.75,
    50.27000045776367,
    44.15999984741211,
    43.564998626708984,
    45.5,
    47.0099983215332,
    47.529998779296875,
    46.31999969482422,
    48.97999954223633,
    53.58000183105469,
    52.0,
    47.564998626708984,
    48.91999816894531,
    47.68000030517578,
    47.130001068115234,
    49.025001525878906,
    51.79499816894531,
    48.0,
    47.29999923706055,
    47.400001525878906,
    47.209999084472656,
    47.380001068115234,
    48.63999938964844,
    52.04999923706055,
    56.8650016784668,
    59.0099983215332,
    64.1500015258789,
    64.9000015258789,
    70.80000305175781,
    67.87999725341797,
    65.33999633789062,
    70.0199966430664,
    70.06999969482422,
    65.88999938964844,
    69.13500213623047,
    68.04000091552734,
    62.970001220703125,
    61.560001373291016,
    64.80999755859375,
    66.19000244140625,
    65.67500305175781,
    64.1449966430664,
    65.0,
    61.77000045776367,
    63.029998779296875,
    57.79999923706055,
    56.65999984741211,
    56.209999084472656,
    47.65700149536133,
    53.7400016784668,
    56.0,
    51.93000030517578,
    48.7599983215332,
    43.709999084472656,
    45.150001525878906,
    42.220001220703125,
    42.5,
    46.08000183105469,
    39.83000183105469,
    40.7599983215332,
    42.029998779296875,
    43.2400016784668,
    42.5099983215332,
    41.150001525878906,
    40.560001373291016,
    41.89500045776367,
    45.64500045776367,
    48.875,
    50.08000183105469,
    51.22999954223633,
    53.439998626708984,
    57.5099983215332,
    62.5,
    63.051998138427734,
    54.189998626708984,
    56.099998474121094,
    56.20000076293945,
    61.119998931884766,
    72.94000244140625,
    73.80999755859375,
    78.03500366210938,
    76.68000030517578,
    69.5,
    73.0250015258789,
    71.5,
    70.62999725341797,
    74.62000274658203,
    77.76000213623047,
    84.0999984741211,
    85.5
  ],
  "high": [
    49.540000915527344,
    50.900001525878906,
    44.58000183105469,
    45.9900016784668,
    48.20000076293945,
    47.529998779296875,
    48.11000061035156,
    49.665000915527344,
    54.029998779296875,
    55.16999816894531,
    52.08000183105469,
    48.540000915527344,
    49.189998626708984,
    48.93000030517578,
    50.2599983215332,
    54.15800094604492,
    52.47999954223633,
    48.619998931884766,
    47.689998626708984,
    48.099998474121094,
    47.9900016784668,
    49.41999816894531,
    52.650001525878906,
    56.93899917602539,
    59.2599983215332,
    62.560001373291016,
    68.53399658203125,
    68.54000091552734,
    73.5,
    70.44000244140625,
    69.66999816894531,
    73.97000122070312,
    72.25,
    68.5,
    72.18000030517578,
    68.04000091552734,
    64.0199966430664,
    64.69999694824219,
    66.18000030517578,
    66.3499984741211,
    66.54000091552734,
    67.38999938964844,
    65.18000030517578,
    63.45000076293945,
    63.099998474121094,
    59.4900016784668,
    57.279998779296875,
    56.209999084472656,
    52.099998474121094,
    54.5,
    56.959999084472656,
    55.33000183105469,
    49.380001068115234,
    47.220001220703125,
    45.68199920654297,
    43.61000061035156,
    44.529998779296875,
    46.2599983215332,
    41.04499816894531,
    42.529998779296875,
    42.80500030517578,
    43.59000015258789,
    42.70000076293945,
    41.29999923706055,
    42.9900016784668,
    44.7400016784668,
    49.68000030517578,
    49.70000076293945,
    52.369998931884766,
    53.75,
    58.83000183105469,
    64.1500015258789,
    65.18000030517578,
    64.55999755859375,
    56.72999954223633,
    56.90999984741211,
    60.25,
    70.55999755859375,
    78.44999694824219,
    79.18000030517578,
    79.83000183105469,
    76.98999786376953,
    72.73999786376953,
    74.69000244140625,
    73.19599914550781,
    76.23999786376953,
    78.25,
    86.25,
    85.95999908447266,
    89.87000274658203
  ],
  "low": [
    45.68000030517578,
    43.512001037597656,
    42.70000076293945,
    42.38999938964844,
    45.487998962402344,
    45.512001037597656,
    45.599998474121094,
    46.05500030517578,
    48.611000061035156,
    52.720001220703125,
    47.0099983215332,
    46.45000076293945,
    47.0,
    47.130001068115234,
    46.79999923706055,
    47.90999984741211,
    48.43000030517578,
    45.209999084472656,
    45.83000183105469,
    46.369998931884766,
    46.5099983215332,
    47.119998931884766,
    48.5099983215332,
    51.2599983215332,
    55.79999923706055,
    57.02000045776367,
    63.650001525878906,
    64.41999816894531,
    64.13999938964844,
    64.62200164794922,
    62.189998626708984,
    67.08000183105469,
    66.42500305175781,
    63.70000076293945,
    66.67500305175781,
    64.86000061035156,
    58.40999984741211,
    60.75,
    63.650001525878906,
    64.1500015258789,
    63.61000061035156,
    63.47999954223633,
    60.88999938964844,
    60.400001525878906,
    59.130001068115234,
    56.5099983215332,
    54.869998931884766,
    49.40999984741211,
    46.31100082397461,
    50.7599983215332,
    51.209999084472656,
    49.65999984741211,
    44.369998931884766,
    43.29999923706055,
    42.224998474121094,
    41.22999954223633,
    42.43000030517578,
    39.31999969482422,
    37.56999969482422,
    39.29999923706055,
    40.380001068115234,
    41.380001068115234,
    41.79999923706055,
    39.97999954223633,
    40.41999816894531,
    41.5,
    44.81999969482422,
    47.70000076293945,
    49.220001220703125,
    50.34000015258789,
    52.25,
    56.849998474121094,
    59.79999923706055,
    55.08000183105469,
    52.68000030517578,
    53.084999084472656,
    56.029998779296875,
    60.74700164794922,
    72.75199890136719,
    73.29000091552734,
    74.8010025024414,
    70.38999938964844,
    69.3219985961914,
    70.44000244140625,
    69.12999725341797,
    66.8499984741211,
    71.30999755859375,
    74.05000305175781,
    81.8499984741211,
    82.26000213623047
  ],