{
  "timestamps": [
    1756785600000,
    1756872000000,
    1756958400000,
    1757044800000,
    1757304000000,
    1757390400000,
    1757476800000,
    1757563200000,
    1757649600000,
    1757908800000,
    1757995200000,
    1758081600000,
    1758168000000,
    1758254400000,
    1758513600000,
    1758600000000,
    1758686400000,
    1758772800000,
    1758859200000,
    1759118400000,
    1759204800000,
    1759291200000,
    1759377600000,
    1759464000000,
    1759723200000,
    1759809600000,
    1759896000000,
    1759982400000,
    1760068800000,
    1760328000000,
    1760414400000,
    1760500800000,
    1760587200000,
    1760673600000,
    1760932800000,
    1761019200000,
    1761105600000,
    1761192000000,
    1761278400000,
    1761537600000,
    1761624000000,
    1761710400000,
    1761796800000,
    1761883200000,
    1762146000000,
    1762232400000,
    1762318800000,
    1762405200000,
    1762491600000,
    1762750800000,
    1762837200000,
    1762923600000,
    1763010000000,
    1763096400000,
    1763355600000,
    1763442000000,
    1763528400000,
    1763614800000,
    1763701200000,
    1763960400000,
    1764046800000,
    1764133200000,
    1764306000000,
    1764565200000,
    1764651600000,
    1764738000000,
    1764824400000,
    1764910800000,
    1765170000000,
    1765256400000,
    1765342800000,
    1765429200000,
    1765515600000,
    1765774800000,
    1765861200000,
    1765947600000,
    1766034000000,
    1766120400000,
    1766379600000,
    1766466000000,
    1766552400000,
    1766725200000,
    1766984400000,
    1767070800000,
    1767157200000,
    1767330000000,
    1767589200000,
    1767675600000,
    1767762000000,
    1767848400000
  ],
  "open": [
    2.819999933242798,
    2.9200000762939453,
    2.6510000228881836,
    2.609999895095825,
    2.569999933242798,
    2.9800000190734863,
    3.049999952316284,
    2.8949999809265137,
    3.299999952316284,
    3.424999952316284,
    3.950000047683716,
    3.869999885559082,
    4.230000019073486,
    4.695000171661377,
    4.440000057220459,
    5.610000133514404,
    5.070000171661377,
    4.139999866485596,
    4.239999771118164,
    4.460000038146973,
    4.019999980926514,
    4.199999809265137,
    4.880000114440918,
    5.304999828338623,
    6.760000228881836,
    6.559999942779541,
    7.090000152587891,
    6.670000076293945,
    6.5,
    6.150000095367432,
    6.275000095367432,
    6.900000095367432,
    6.260000228881836,
    5.409999847412109,
    5.659999847412109,
    5.489999771118164,
    5.304999828338623,
    5.119999885559082,
    5.53000020980835,
    6.360000133514404,
    5.869999885559082,
    5.199999809265137,
    4.920000076293945,
    5.050000190734863,
    4.809999942779541,
    4.070000171661377,
    4.179999828338623,
    4.010000228881836,
    3.5,
    4.079999923706055,
    3.740000009536743,
    3.6700000762939453,
    3.430000066757202,
    3.0999999046325684,
    3.2200000286102295,
    3.049999952316284,
    3.2699999809265137,
    3.4800000190734863,
    3.0,
    3.0899999141693115,
    3.2899999618530273,
    3.630000114440918,
    3.5399999618530273,
    3.4000000953674316,
    3.380000114440918,
    3.75,
    4.139999866485596,
    4.46999979019165,
    4.510000228881836,
    4.260000228881836,
    4.300000190734863,
    4.150000095367432,
    4.650000095367432,
    4.090000152587891,
    3.450000047683716,
    3.619999885559082,
    3.559999942779541,
    3.4000000953674316,
    3.640000104904175,
    3.4000000953674316,
    3.390000104904175,
    3.609999895095825,
    3.259999990463257,
    3.180000066757202,
    3.0799999237060547,
    3.3399999141693115,
    3.5799999237060547,
    3.8299999237060547,
    3.5799999237060547,
    3.450000047683716
  ],
  "high": [
    3.0899999141693115,
    2.950000047683716,
    2.690000057220459,
    2.6700000762939453,
    2.990000009536743,
    3.0799999237060547,
    3.059999942779541,
    3.3499999046325684,
    3.48799991607666,
    3.9700000286102295,
    4.25,
    4.239999771118164,
    4.650000095367432,
    4.949999809265137,
    5.570000171661377,
    5.710000038146973,
    5.150000095367432,
    4.300000190734863,
    4.300000190734863,
    4.590000152587891,
    4.309999942779541,
    4.809999942779541,
    5.260000228881836,
    6.300000190734863,
    7.119999885559082,
    7.429999828338623,
    7.340000152587891,
    7.179999828338623,
    6.800000190734863,
    6.71999979019165,
    7.050000190734863,
    7.0,
    6.269999980926514,
    5.610000133514404,
    5.729000091552734,
    5.96999979019165,
    5.360000133514404,
    5.539999961853027,
    6.139999866485596,
    6.420000076293945,
    6.179999828338623,
    5.300000190734863,
    5.046999931335449,
    5.179999828338623,
    4.869999885559082,
    4.315000057220459,
    4.189000129699707,
    4.019999980926514,
    3.75,
    4.110000133514404,
    3.75,
    3.805000066757202,
    3.490000009536743,
    3.4700000286102295,
    3.319999933242798,
    3.319999933242798,
    3.3299999237060547,
    3.509999990463257,
    3.0850000381469727,
    3.299999952316284,
    3.619999885559082,
    3.6500000953674316,
    3.6649999618530273,
    3.559999942779541,
    3.640000104904175,
    4.235000133514404,
    4.829999923706055,
    4.735000133514404,
    4.679999828338623,
    4.46999979019165,
    4.5,
    4.699999809265137,
    4.679999828338623,
    4.139999866485596,
    3.8299999237060547,
    3.75,
    3.6600000858306885,
    3.5899999141693115,
    3.678999900817871,
    3.549999952316284,
    3.6600000858306885,
    3.619999885559082,
    3.390000104904175,
    3.200000047683716,
    3.3450000286102295,
    3.5299999713897705,
    3.890000104904175,
    3.859999895095825,
    3.680000066757202,
    4.019999980926514
  ],
  "low": [
    2.75,
    2.630000114440918,
    2.509999990463257,
    2.369999885559082,
    2.569999933242798,
    2.859999895095825,
    2.7899999618530273,
    2.859999895095825,
    3.200000047683716,
    3.359999895095825,
    3.680000066757202,
    3.7149999141693115,
    4.099999904632568,
    4.320000171661377,
    4.360000133514404,
    4.764999866485596,
    4.369999885559082,
    3.9700000286102295,
    3.9200000762939453,
    4.059999942779541,
    3.8499999046325684,
    4.130000114440918,
    4.730000019073486,
    5.019999980926514,
    6.380000114440918,
    6.400000095367432,
    6.550000190734863,
    6.28000020980835,
    5.889999866485596,
    5.980000019073486,
    5.929999828338623,
    5.855000019073486,
    5.585000038146973,
    5.210000038146973,
    5.28000020980835,
    5.260000228881836,
    4.690000057220459,
    5.0,
    5.519999980926514,
    5.860000133514404,
    5.239999771118164,
    4.841000080108643,
    4.675000190734863,
    4.639999866485596,
    4.340000152587891,
    3.9800000190734863,
    4.019999980926514,
    3.700000047683716,
    3.4000000953674316,
    3.640000104904175,
    3.549999952316284,
    3.5,
    3.200000047683716,
    3.0910000801086426,
    3.069999933242798,
    3.0199999809265137,
    3.0899999141693115,
    3.0299999713897705,
    2.809999942779541,
    3.059999942779541,
    3.119999885559082,
    3.450000047683716,
    3.4600000381469727,
    3.315000057220459,
    3.359999895095825,
    3.4700000286102295,
    4.050000190734863,
    4.309999942779541,
    4.139999866485596,
    4.110000133514404,
    4.114999771118164,
    3.9100000858306885,
    4.059999942779541,
    3.4600000381469727,
    3.440000057220459,
    3.4100000858306885,
    3.390000104904175,
    3.3499999046325684,
    3.4700000286102295,
    3.3399999141693115,
    3.369999885559082,
    3.2799999713897705,
    3.1700000762939453,
    3.049999952316284,
    3.059999942779541,
    3.2300000190734863,
    3.5299999713897705,
    3.390000104904175,
    3.4000000953674316,
    3.4200000762939453
  ],