{
  "timestamps": [
    1756785600000,
    1756872000000,
    1756958400000,
    1757044800000,
    1757304000000,
    1757390400000,
    1757476800000,
    1757563200000,
    1757649600000,
    1757908800000,
    1757995200000,
    1758081600000,
    1758168000000,
    1758254400000,
    1758513600000,
    1758600000000,
    1758686400000,
    1758772800000,
    1758859200000,
    1759118400000,
    1759204800000,
    1759291200000,
    1759377600000,
    1759464000000,
    1759723200000,
    1759809600000,
    1759896000000,
    1759982400000,
    1760068800000,
    1760328000000,
    1760414400000,
    1760500800000,
    1760587200000,
    1760673600000,
    1760932800000,
    1761019200000,
    1761105600000,
    1761192000000,
    1761278400000,
    1761537600000,
    1761624000000,
    1761710400000,
    1761796800000,
    1761883200000,
    1762146000000,
    1762232400000,
    1762318800000,
    1762405200000,
    1762491600000,
    1762750800000,
    1762837200000,
    1762923600000,
    1763010000000,
    1763096400000,
    1763355600000,
    1763442000000,
    1763528400000,
    1763614800000,
    1763701200000,
    1763960400000,
    1764046800000,
    1764133200000,
    1764306000000,
    1764565200000,
    1764651600000,
    1764738000000,
    1764824400000,
    1764910800000,
    1765170000000,
    1765256400000,
    1765342800000,
    1765429200000,
    1765515600000,
    1765774800000,
    1765861200000,
    1765947600000,
    1766034000000,
    1766120400000,
    1766379600000,
    1766466000000,
    1766552400000,
    1766725200000,
    1766984400000,
    1767070800000,
    1767157200000,
    1767330000000,
    1767589200000,
    1767675600000,
    1767762000000,
    1767848400000
  ],
  "open": [
    181.6300048828125,
    177.44000244140625,
    182.27000427246094,
    192.19000244140625,
    193.25,
    189.97999572753906,
    192.0,
    195.0,
    195.5500030517578,
    196.1699981689453,
    189.19000244140625,
    189.30999755859375,
    188.6300048828125,
    191.72999572753906,
    191.1999969482422,
    192.08999633789062,
    185.0,
    183.2899932861328,
    185.05999755859375,
    186.1300048828125,
    182.1999969482422,
    179.0,
    183.99000549316406,
    184.30999755859375,
    186.0500030517578,
    190.5,
    190.99000549316406,
    191.3699951171875,
    186.60000610351562,
    181.14999389648438,
    179.32000732421875,
    184.25,
    174.49000549316406,
    161.42999267578125,
    162.58999633789062,
    170.0,
    156.39999389648438,
    157.27999877929688,
    158.7100067138672,
    157.8300018310547,
    162.16000366210938,
    159.5,
    154.24000549316406,
    156.5,
    156.75999450683594,
    154.3000030517578,
    156.16000366210938,
    158.32000732421875,
    151.0,
    152.8000030517578,
    159.02999877929688,
    145.2949981689453,
    144.27000427246094,
    134.75,
    145.13999938964844,
    143.52000427246094,
    146.5,
    145.27000427246094,
    131.27999877929688,
    132.6999969482422,
    136.72999572753906,
    138.11000061035156,
    136.38999938964844,
    138.32000732421875,
    135.27000427246094,
    137.1999969482422,
    134.66000366210938,
    136.07000732421875,
    134.00999450683594,
    127.37000274658203,
    128.52999877929688,
    125.0,
    127.5,
    125.0199966430664,
    121.83000183105469,
    125.0,
    121.04000091552734,
    122.55999755859375,
    123.01000213623047,
    126.0,
    125.69999694824219,
    126.25,
    127.8499984741211,
    131.5500030517578,
    127.80999755859375,
    131.52999877929688,
    133.86000061035156,
    142.3800048828125,
    143.1999969482422,
    136.0800018310547
  ],
  "high": [
    181.86000061035156,
    181.08999633789062,
    190.0,
    192.27999877929688,
    195.0,
    192.91000366210938,
    193.61000061035156,
    199.3000030517578,
    197.73899841308594,
    196.44900512695312,
    191.01499938964844,
    189.5,
    191.36000061035156,
    193.52999877929688,
    195.47999572753906,
    192.52000427246094,
    189.32000732421875,
    186.4199981689453,
    186.0,
    186.23500061035156,
    182.2100067138672,
    182.8699951171875,
    184.64999389648438,
    188.77000427246094,
    190.9199981689453,
    191.32000732421875,
    193.47999572753906,
    191.38999938964844,
    189.77999877929688,
    183.89999389648438,
    181.86000061035156,
    184.9600067138672,
    175.8000030517578,
    162.64999389648438,
    167.19000244140625,
    171.08999633789062,
    161.3000030517578,
    157.60499572753906,
    158.7100067138672,
    161.64999389648438,
    164.02999877929688,
    159.63999938964844,
    159.1199951171875,
    157.42999267578125,
    159.1300048828125,
    156.9499969482422,
    159.11000061035156,
    159.8000030517578,
    151.1199951171875,
    156.02000427246094,
    159.08999633789062,
    150.7899932861328,
    144.47999572753906,
    141.49000549316406,
    148.0800018310547,
    148.0,
    147.33999633789062,
    145.27000427246094,
    133.94000244140625,
    136.9250030517578,
    136.72999572753906,
    140.41000366210938,
    140.0449981689453,
    138.6750030517578,
    138.47000122070312,
    137.22999572753906,
    135.72000122070312,
    138.11000061035156,
    134.5,
    129.5,
    129.0,
    129.02999877929688,
    129.10000610351562,
    125.5,
    125.08000183105469,
    125.37000274658203,
    122.73999786376953,
    123.6500015258789,
    125.80999755859375,
    126.11000061035156,
    127.13500213623047,
    128.52000427246094,
    131.19000244140625,
    132.47999572753906,
    128.14300537109375,
    133.5,
    142.8000030517578,
    148.25999450683594,
    143.27999877929688,
    137.42999267578125
  ],
  "low": [
    176.5,
    173.0,
    182.0,
    185.82000732421875,
    189.9499969482422,
    187.6999969482422,
    190.6199951171875,
    194.13999938964844,
    194.7100067138672,
    189.25,
    187.02999877929688,
    184.5500030517578,
    187.0,
    190.75,
    189.8000030517578,
    185.00999450683594,
    183.30999755859375,
    183.0,
    179.75,
    180.3800048828125,
    176.25999450683594,
    176.69000244140625,
    176.82200622558594,
    183.14999389648438,
    184.9600067138672,
    187.69000244140625,
    189.3300018310547,
    183.8800048828125,
    180.0,
    180.9340057373047,
    176.0,
    162.02000427246094,
    162.5,
    158.83999633789062,
    160.85000610351562,
    164.60000610351562,
    154.72000122070312,
    155.0500030517578,
    154.22500610351562,
    156.50999450683594,
    157.41000366210938,
    154.8699951171875,
    152.79600524902344,
    154.80999755859375,
    155.08999633789062,
    151.6300048828125,
    155.47999572753906,
    152.35000610351562,
    145.7899932861328,
    151.0,
    141.1999969482422,
    142.61000061035156,
    139.41000366210938,
    134.50999450683594,
    143.69500732421875,
    143.49000549316406,
    143.24000549316406,
    130.44000244140625,
    127.83499908447266,
    130.6699981689453,
    132.7050018310547,
    134.19000244140625,
    135.6300048828125,
    135.05999755859375,
    133.5,
    134.5800018310547,
    132.2100067138672,
    133.7550048828125,
    127.02999877929688,
    126.80999755859375,
    123.15499877929688,
    124.20999908447266,
    123.7509994506836,
    121.32499694824219,
    121.29499816894531,
    118.86000061035156,
    119.4800033569336,
    121.5,
    120.30000305175781,
    123.4000015258789,
    125.18000030517578,
    125.9000015258789,
    127.44999694824219,
    128.25,
    126.83000183105469,
    129.16000366210938,
    133.3350067138672,
    142.35000610351562,
    139.0500030517578,
    133.0
  ],