{
  "timestamps": [
    1756785600000,
    1756872000000,
    1756958400000,
    1757044800000,
    1757304000000,
    1757390400000,
    1757476800000,
    1757563200000,
    1757649600000,
    1757908800000,
    1757995200000,
    1758081600000,
    1758168000000,
    1758254400000,
    1758513600000,
    1758600000000,
    1758686400000,
    1758772800000,
    1758859200000,
    1759118400000,
    1759204800000,
    1759291200000,
    1759377600000,
    1759464000000,
    1759723200000,
    1759809600000,
    1759896000000,
    1759982400000,
    1760068800000,
    1760328000000,
    1760414400000,
    1760500800000,
    1760587200000,
    1760673600000,
    1760932800000,
    1761019200000,
    1761105600000,
    1761192000000,
    1761278400000,
    1761537600000,
    1761624000000,
    1761710400000,
    1761796800000,
    1761883200000,
    1762146000000,
    1762232400000,
    1762318800000,
    1762405200000,
    1762491600000,
    1762750800000,
    1762837200000,
    1762923600000,
    1763010000000,
    1763096400000,
    1763355600000,
    1763442000000,
    1763528400000,
    1763614800000,
    1763701200000,
    1763960400000,
    1764046800000,
    1764133200000,
    1764306000000,
    1764565200000,
    1764651600000,
    1764738000000,
    1764824400000,
    1764910800000,
    1765170000000,
    1765256400000,
    1765342800000,
    1765429200000,
    1765515600000,
    1765774800000,
    1765861200000,
    1765947600000,
    1766034000000,
    1766120400000,
    1766379600000,
    1766466000000,
    1766552400000,
    1766725200000,
    1766984400000,
    1767070800000,
    1767157200000,
    1767330000000,
    1767589200000,
    1767675600000,
    1767762000000,
    1767848400000
  ],
  "open": [
    33.099998474121094,
    39.27000045776367,
    40.869998931884766,
    37.650001525878906,
    34.91999816894531,
    34.29999923706055,
    36.459999084472656,
    35.040000915527344,
    35.380001068115234,
    37.790000915527344,
    38.29999923706055,
    36.970001220703125,
    37.279998779296875,
    39.20000076293945,
    44.70000076293945,
    44.5,
    42.25,
    38.0,
    38.0,
    39.75,
    37.29499816894531,
    36.02000045776367,
    37.38999938964844,
    39.369998931884766,
    41.51499938964844,
    42.310001373291016,
    39.86000061035156,
    38.95000076293945,
    41.02000045776367,
    41.84000015258789,
    43.310001373291016,
    48.2400016784668,
    56.33000183105469,
    48.0,
    46.39500045776367,
    41.130001068115234,
    38.720001220703125,
    35.209999084472656,
    39.0,
    38.869998931884766,
    39.7599983215332,
    42.154998779296875,
    41.9900016784668,
    43.75,
    43.7400016784668,
    39.5,
    38.220001220703125,
    37.2400016784668,
    29.649999618530273,
    32.060001373291016,
    28.0,
    27.049999237060547,
    25.56999969482422,
    21.93000030517578,
    22.299999237060547,
    21.149999618530273,
    22.09000015258789,
    22.6200008392334,
    19.020000457763672,
    19.0,
    19.780000686645508,
    19.059999465942383,
    19.420000076293945,
    19.280000686645508,
    18.459999084472656,
    18.7549991607666,
    20.010000228881836,
    22.34000015258789,
    22.350000381469727,
    20.899999618530273,
    20.6200008392334,
    19.8700008392334,
    20.84000015258789,
    18.68000030517578,
    17.110000610351562,
    17.079999923706055,
    16.479999542236328,
    15.989999771118164,
    16.540000915527344,
    16.149999618530273,
    15.960000038146973,
    15.890000343322754,
    14.3100004196167,
    14.630000114440918,
    14.3149995803833,
    14.5600004196167,
    17.94499969482422,
    19.579999923706055,
    18.950000762939453,
    19.174999237060547
  ],
  "high": [
    38.4900016784668,
    43.11000061035156,
    41.08000183105469,
    37.650001525878906,
    35.56999969482422,
    35.36000061035156,
    36.70000076293945,
    35.599998474121094,
    36.529998779296875,
    39.459999084472656,
    39.0,
    37.0,
    41.029998779296875,
    47.0,
    47.2599983215332,
    44.70000076293945,
    42.38999938964844,
    39.24800109863281,
    38.849998474121094,
    40.327999114990234,
    37.810001373291016,
    37.04999923706055,
    39.59000015258789,
    41.25,
    43.959999084472656,
    44.20000076293945,
    40.6349983215332,
    41.60499954223633,
    44.83000183105469,
    46.400001525878906,
    47.41999816894531,
    56.15999984741211,
    57.41999816894531,
    48.66999816894531,
    46.39500045776367,
    41.7400016784668,
    38.900001525878906,
    38.2599983215332,
    40.29999923706055,
    39.59000015258789,
    44.47999954223633,
    44.43000030517578,
    44.369998931884766,
    45.540000915527344,
    43.9900016784668,
    40.15399932861328,
    39.3489990234375,
    37.40999984741211,
    30.5,
    32.09000015258789,
    28.1299991607666,
    27.780000686645508,
    25.56999969482422,
    23.450000762939453,
    22.549999237060547,
    22.3700008392334,
    22.149999618530273,
    22.690000534057617,
    19.020000457763672,
    19.979999542236328,
    19.780000686645508,
    19.25,
    20.28499984741211,
    19.329999923706055,
    19.649999618530273,
    20.31999969482422,
    23.350000381469727,
    22.420000076293945,
    22.959999084472656,
    21.950000762939453,
    21.114999771118164,
    21.260000228881836,
    20.899999618530273,
    18.711000442504883,
    17.600000381469727,
    17.249000549316406,
    16.829999923706055,
    16.604999542236328,
    17.2549991607666,
    16.309999465942383,
    16.1299991607666,
    15.890000343322754,
    15.289999961853027,
    14.739999771118164,
    14.430000305175781,
    16.469999313354492,
    19.549999237060547,
    20.219999313354492,
    20.270000457763672,
    19.979999542236328
  ],
  "low": [
    32.599998474121094,
    38.5,
    35.900001525878906,
    34.5,
    33.81999969482422,
    33.97999954223633,
    34.310001373291016,
    34.400001525878906,
    34.72999954223633,
    35.880001068115234,
    36.7599983215332,
    35.130001068115234,
    36.349998474121094,
    39.0,
    42.25,
    41.06999969482422,
    39.209999084472656,
    36.189998626708984,
    36.959999084472656,
    37.816001892089844,
    35.91999816894531,
    35.25,
    36.959999084472656,
    38.66999816894531,
    41.31999969482422,
    39.04999923706055,
    37.922000885009766,
    38.42599868774414,
    39.099998474121094,
    41.70000076293945,
    41.62099838256836,
    47.95000076293945,
    47.5099983215332,
    42.66999816894531,
    43.40999984741211,
    38.31999969482422,
    32.689998626708984,
    34.380001068115234,
    37.5,
    36.92499923706055,
    39.16999816894531,
    40.529998779296875,
    40.70000076293945,
    42.08000183105469,
    40.38999938964844,
    35.619998931884766,
    37.209999084472656,
    32.31999969482422,
    26.764999389648438,
    27.559999465942383,
    26.399999618530273,
    25.59000015258789,
    22.770000457763672,
    21.559999465942383,
    20.559999465942383,
    20.700000762939453,
    20.440000534057617,
    18.579999923706055,
    16.958999633789062,
    18.440000534057617,
    18.200000762939453,
    18.200000762939453,
    19.079999923706055,
    18.049999237060547,
    18.40999984741211,
    18.209999084472656,
    19.5,
    21.299999237060547,
    20.860000610351562,
    20.6200008392334,
    19.770000457763672,
    18.809999465942383,
    18.329999923706055,
    17.3700008392334,
    16.610000610351562,
    15.6899995803833,
    15.654000282287598,
    15.9399995803833,
    16.155000686645508,
    15.770000457763672,
    15.529999732971191,
    14.760000228881836,
    14.289999961853027,
    14.069999694824219,
    13.979999542236328,
    14.319999694824219,
    17.34000015258789,
    18.170000076293945,
    18.479999542236328,
    18.719999313354492
  ],