{
  "timestamps": [
    1756785600000,
    1756872000000,
    1756958400000,
    1757044800000,
    1757304000000,
    1757390400000,
    1757476800000,
    1757563200000,
    1757649600000,
    1757908800000,
    1757995200000,
    1758081600000,
    1758168000000,
    1758254400000,
    1758513600000,
    1758600000000,
    1758686400000,
    1758772800000,
    1758859200000,
    1759118400000,
    1759204800000,
    1759291200000,
    1759377600000,
    1759464000000,
    1759723200000,
    1759809600000,
    1759896000000,
    1759982400000,
    1760068800000,
    1760328000000,
    1760414400000,
    1760500800000,
    1760587200000,
    1760673600000,
    1760932800000,
    1761019200000,
    1761105600000,
    1761192000000,
    1761278400000,
    1761537600000,
    1761624000000,
    1761710400000,
    1761796800000,
    1761883200000,
    1762146000000,
    1762232400000,
    1762318800000,
    1762405200000,
    1762491600000,
    1762750800000,
    1762837200000,
    1762923600000,
    1763010000000,
    1763096400000,
    1763355600000,
    1763442000000,
    1763528400000,
    1763614800000,
    1763701200000,
    1763960400000,
    1764046800000,
    1764133200000,
    1764306000000,
    1764565200000,
    1764651600000,
    1764738000000,
    1764824400000,
    1764910800000,
    1765170000000,
    1765256400000,
    1765342800000,
    1765429200000,
    1765515600000,
    1765774800000,
    1765861200000,
    1765947600000,
    1766034000000,
    1766120400000,
    1766379600000,
    1766466000000,
    1766552400000,
    1766725200000,
    1766984400000,
    1767070800000,
    1767157200000,
    1767330000000,
    1767589200000,
    1767675600000,
    1767762000000,
    1767848400000
  ],
  "open": [
    24.5,
    25.059999465942383,
    24.329999923706055,
    25.770000457763672,
    25.809999465942383,
    26.020000457763672,
    26.290000915527344,
    25.760000228881836,
    26.0,
    27.25,
    27.790000915527344,
    27.25,
    27.59000015258789,
    28.264999389648438,
    29.299999237060547,
    29.80500030517578,
    29.5,
    27.760000228881836,
    28.3700008392334,
    28.360000610351562,
    27.469999313354492,
    26.729999542236328,
    26.329999923706055,
    26.100000381469727,
    25.770000457763672,
    27.100000381469727,
    28.489999771118164,
    28.040000915527344,
    28.549999237060547,
    27.06999969482422,
    26.510000228881836,
    28.200000762939453,
    28.06999969482422,
    26.100000381469727,
    27.200000762939453,
    28.559999465942383,
    28.489999771118164,
    27.329999923706055,
    28.844999313354492,
    30.0,
    30.989999771118164,
    31.4950008392334,
    30.434999465942383,
    29.690000534057617,
    29.65999984741211,
    29.295000076293945,
    29.520000457763672,
    30.125,
    26.524999618530273,
    29.059999465942383,
    30.2450008392334,
    31.18000030517578,
    31.729999542236328,
    27.0,
    27.709999084472656,
    26.510000228881836,
    26.475000381469727,
    27.8799991607666,
    24.6299991607666,
    25.829999923706055,
    26.979999542236328,
    28.709999084472656,
    28.790000915527344,
    28.829999923706055,
    29.389999389648438,
    29.424999237060547,
    29.03499984741211,
    27.364999771118164,
    27.729999542236328,
    27.239999771118164,
    26.649999618530273,
    26.84000015258789,
    27.145000457763672,
    27.434999465942383,
    25.739999771118164,
    26.639999389648438,
    26.18000030517578,
    26.6200008392334,
    27.594999313354492,
    27.06999969482422,
    27.170000076293945,
    27.540000915527344,
    26.8700008392334,
    27.030000686645508,
    26.68000030517578,
    26.65999984741211,
    27.809999465942383,
    29.229999542236328,
    26.864999771118164,
    27.0
  ],
  "high": [
    25.280000686645508,
    25.110000610351562,
    25.540000915527344,
    25.969999313354492,
    26.100000381469727,
    26.190000534057617,
    26.854999542236328,
    26.600000381469727,
    26.690000534057617,
    27.770000457763672,
    27.8799991607666,
    27.459999084472656,
    28.57699966430664,
    29.6299991607666,
    30.299999237060547,
    30.139999389648438,
    29.670000076293945,
    28.670000076293945,
    28.479999542236328,
    28.6299991607666,
    27.610000610351562,
    27.329999923706055,
    26.350000381469727,
    26.18000030517578,
    27.139999389648438,
    28.84000015258789,
    28.709999084472656,
    28.690000534057617,
    29.799999237060547,
    27.43000030517578,
    28.350000381469727,
    29.09000015258789,
    28.440000534057617,
    26.920000076293945,
    28.93000030517578,
    29.06999969482422,
    28.799999237060547,
    28.594999313354492,
    29.8700008392334,
    30.200000762939453,
    31.979999542236328,
    32.564998626708984,
    30.915000915527344,
    29.860000610351562,
    31.219999313354492,
    30.790000915527344,
    30.3700008392334,
    30.858999252319336,
    28.239999771118164,
    30.969999313354492,
    30.989999771118164,
    32.72999954223633,
    31.75,
    29.06999969482422,
    27.950000762939453,
    27.0,
    26.850000381469727,
    28.575000762939453,
    25.44499969482422,
    27.610000610351562,
    28.450000762939453,
    29.25,
    29.75,
    29.700000762939453,
    30.420000076293945,
    29.93000030517578,
    29.700000762939453,
    27.93000030517578,
    27.829999923706055,
    27.450000762939453,
    27.68000030517578,
    27.280000686645508,
    27.5,
    27.479999542236328,
    26.739999771118164,
    26.834999084472656,
    26.71500015258789,
    27.3700008392334,
    27.6200008392334,
    27.34000015258789,
    27.540000915527344,
    27.549999237060547,
    27.40999984741211,
    27.139999389648438,
    26.899999618530273,
    27.5049991607666,
    29.860000610351562,
    29.299999237060547,
    27.18000030517578,
    28.05500030517578
  ],
  "low": [
    23.700000762939453,
    24.389999389648438,
    24.240999221801758,
    24.18000030517578,
    25.049999237060547,
    25.549999237060547,
    25.299999237060547,
    25.6200008392334,
    25.770000457763672,
    26.934999465942383,
    26.6299991607666,
    26.1299991607666,
    27.079999923706055,
    28.239999771118164,
    28.969999313354492,
    28.850000381469727,
    28.350000381469727,
    27.059999465942383,
    27.559999465942383,
    27.110000610351562,
    25.700000762939453,
    25.639999389648438,
    25.450000762939453,
    24.84000015258789,
    25.309999465942383,
    26.68000030517578,
    27.645000457763672,
    27.75,
    26.1299991607666,
    26.469999313354492,
    25.75,
    27.559999465942383,
    26.25,
    26.010000228881836,
    27.059999465942383,
    28.149999618530273,
    26.3799991607666,
    27.198999404907227,
    28.700000762939453,
    29.270000457763672,
    28.799999237060547,
    30.139999389648438,
    28.979999542236328,
    28.489999771118164,
    29.329999923706055,
    28.690000534057617,
    29.010000228881836,
    27.1299991607666,
    25.65999984741211,
    28.84000015258789,
    29.856000900268555,
    30.959999084472656,
    28.149999618530273,
    26.530000686645508,
    26.549999237060547,
    25.709999084472656,
    25.559999465942383,
    24.7450008392334,
    23.520000457763672,
    25.655000686645508,
    26.6299991607666,
    28.309999465942383,
    28.454999923706055,
    28.670000076293945,
    29.315000534057617,
    29.020000457763672,
    28.479999542236328,
    26.93000030517578,
    27.049999237060547,
    26.549999237060547,
    26.479999542236328,
    26.55500030517578,
    26.200000762939453,
    25.790000915527344,
    25.719999313354492,
    25.170000076293945,
    25.950000762939453,
    26.280000686645508,
    27.100000381469727,
    26.825000762939453,
    27.030000686645508,
    27.030000686645508,
    26.739999771118164,
    26.540000915527344,
    26.059999465942383,
    25.790000915527344,
    27.600000381469727,
    26.030000686645508,
    26.364999771118164,
    26.56999969482422
  ],