{
  "timestamps": [
    1756785600000,
    1756872000000,
    1756958400000,
    1757044800000,
    1757304000000,
    1757390400000,
    1757476800000,
    1757563200000,
    1757649600000,
    1757908800000,
    1757995200000,
    1758081600000,
    1758168000000,
    1758254400000,
    1758513600000,
    1758600000000,
    1758686400000,
    1758772800000,
    1758859200000,
    1759118400000,
    1759204800000,
    1759291200000,
    1759377600000,
    1759464000000,
    1759723200000,
    1759809600000,
    1759896000000,
    1759982400000,
    1760068800000,
    1760328000000,
    1760414400000,
    1760500800000,
    1760587200000,
    1760673600000,
    1760932800000,
    1761019200000,
    1761105600000,
    1761192000000,
    1761278400000,
    1761537600000,
    1761624000000,
    1761710400000,
    1761796800000,
    1761883200000,
    1762146000000,
    1762232400000,
    1762318800000,
    1762405200000,
    1762491600000,
    1762750800000,
    1762837200000,
    1762923600000,
    1763010000000,
    1763096400000,
    1763355600000,
    1763442000000,
    1763528400000,
    1763614800000,
    1763701200000,
    1763960400000,
    1764046800000,
    1764133200000,
    1764306000000,
    1764565200000,
    1764651600000,
    1764738000000,
    1764824400000,
    1764910800000,
    1765170000000,
    1765256400000,
    1765342800000,
    1765429200000,
    1765515600000,
    1765774800000,
    1765861200000,
    1765947600000,
    1766034000000,
    1766120400000,
    1766379600000,
    1766466000000,
    1766552400000,
    1766725200000,
    1766984400000,
    1767070800000,
    1767157200000,
    1767330000000,
    1767589200000,
    1767675600000,
    1767762000000,
    1767848400000
  ],
  "open": [
    112.0,
    111.7300033569336,
    105.56999969482422,
    104.12000274658203,
    104.3499984741211,
    113.94999694824219,
    108.5,
    108.23999786376953,
    115.37999725341797,
    114.83999633789062,
    115.25,
    119.1500015258789,
    119.4000015258789,
    121.52999877929688,
    122.5,
    127.01000213623047,
    120.30000305175781,
    114.01000213623047,
    114.12000274658203,
    115.05000305175781,
    112.38999938964844,
    111.31999969482422,
    115.0,
    115.86000061035156,
    116.66999816894531,
    113.80000305175781,
    115.5199966430664,
    118.62999725341797,
    113.54000091552734,
    109.0,
    108.58000183105469,
    112.0,
    112.91999816894531,
    113.41999816894531,
    119.72000122070312,
    120.0,
    120.5999984741211,
    123.73999786376953,
    131.94000244140625,
    133.10000610351562,
    132.22999572753906,
    130.4499969482422,
    127.5,
    135.6699981689453,
    128.47999572753906,
    120.30999755859375,
    121.30500030517578,
    124.27999877929688,
    122.97000122070312,
    122.0,
    122.2699966430664,
    122.31999969482422,
    118.13999938964844,
    111.94999694824219,
    114.45999908447266,
    111.81999969482422,
    120.66000366210938,
    134.91000366210938,
    123.38999938964844,
    133.13999938964844,
    142.61000061035156,
    146.89999389648438,
    147.5,
    144.16000366210938,
    154.05999755859375,
    141.77000427246094,
    139.6199951171875,
    139.6999969482422,
    137.25999450683594,
    136.5,
    133.99000549316406,
    131.3800048828125,
    127.41999816894531,
    127.79000091552734,
    122.19000244140625,
    126.98999786376953,
    123.19999694824219,
    120.94000244140625,
    129.5800018310547,
    128.6999969482422,
    128.5,
    126.51000213623047,
    123.63999938964844,
    122.3499984741211,
    123.29000091552734,
    124.26000213623047,
    123.4000015258789,
    126.2699966430664,
    132.8000030517578,
    137.63999938964844
  ],
  "high": [
    113.68000030517578,
    112.1500015258789,
    106.05000305175781,
    105.74700164794922,
    108.12000274658203,
    117.95800018310547,
    109.1500015258789,
    119.36000061035156,
    116.3949966430664,
    117.23999786376953,
    119.5,
    121.0,
    122.05000305175781,
    125.56700134277344,
    127.43000030517578,
    128.74000549316406,
    121.62000274658203,
    114.94999694824219,
    114.91000366210938,
    115.9000015258789,
    112.69000244140625,
    114.88999938964844,
    117.1449966430664,
    119.77999877929688,
    117.05999755859375,
    120.27999877929688,
    119.29000091552734,
    119.01300048828125,
    114.0,
    112.69000244140625,
    114.66000366210938,
    113.91000366210938,
    118.51000213623047,
    118.29499816894531,
    121.31999969482422,
    121.5,
    124.87000274658203,
    129.4600067138672,
    134.32000732421875,
    133.5500030517578,
    133.41000366210938,
    137.6699981689453,
    139.4499969482422,
    140.8699951171875,
    131.5500030517578,
    125.22000122070312,
    128.08999633789062,
    125.5999984741211,
    122.97000122070312,
    125.56500244140625,
    123.68499755859375,
    123.01000213623047,
    120.16500091552734,
    116.12000274658203,
    116.5,
    118.9800033569336,
    134.13999938964844,
    137.35000610351562,
    133.60000610351562,
    141.5,
    147.6750030517578,
    148.5,
    148.58999633789062,
    151.85000610351562,
    156.0,
    143.22999572753906,
    139.75,
    141.89999389648438,
    142.9499969482422,
    138.5,
    137.4199981689453,
    132.0,
    128.80999755859375,
    129.75,
    125.55999755859375,
    130.00999450683594,
    125.0,
    128.00999450683594,
    133.2899932861328,
    130.88999938964844,
    128.5,
    126.51000213623047,
    125.97000122070312,
    124.55799865722656,
    124.55000305175781,
    124.26000213623047,
    129.1999969482422,
    133.1999969482422,
    138.60000610351562,
    138.97000122070312
  ],
  "low": [
    109.58999633789062,
    106.44999694824219,
    101.86000061035156,
    101.0,
    103.6520004272461,
    106.54000091552734,
    105.0,
    108.0,
    112.49500274658203,
    113.83999633789062,
    115.16999816894531,
    117.69999694824219,
    114.90799713134766,
    120.66999816894531,
    122.0,
    119.80999755859375,
    116.18599700927734,
    111.05000305175781,
    112.0999984741211,
    111.5999984741211,
    109.7699966430664,
    110.05000305175781,
    112.25,
    115.0999984741211,
    112.75,
    113.5999984741211,
    114.04000091552734,
    109.80000305175781,
    107.22000122070312,
    108.91000366210938,
    108.33999633789062,
    108.62999725341797,
    110.8499984741211,
    112.83999633789062,
    116.0,
    116.51000213623047,
    117.0,
    122.9000015258789,
    129.16000366210938,
    131.00999450683594,
    129.55999755859375,
    128.1959991455078,
    120.80000305175781,
    127.51000213623047,
    119.20500183105469,
    119.0,
    119.95500183105469,
    120.75,
    115.20999908447266,
    120.20999908447266,
    121.11100006103516,
    118.56999969482422,
    114.66000366210938,
    111.03800201416016,
    112.52999877929688,
    111.5,
    119.56999969482422,
    123.41999816894531,
    123.18000030517578,
    133.13999938964844,
    139.0,
    144.47999572753906,
    143.27999877929688,
    142.00999450683594,
    141.0,
    137.75999450683594,
    133.5,
    136.25,
    136.4499969482422,
    133.14999389648438,
    129.0399932861328,
    126.55000305175781,
    124.87000274658203,
    122.54000091552734,
    119.29000091552734,
    121.55000305175781,
    120.81999969482422,
    120.94000244140625,
    128.10000610351562,
    127.51000213623047,
    124.58999633789062,
    123.31999969482422,
    122.5,
    121.0,
    121.48999786376953,
    120.1709976196289,
    123.0,
    124.41000366210938,
    131.0,
    134.25
  ],