{
  "timestamps": [
    1756785600000,
    1756872000000,
    1756958400000,
    1757044800000,
    1757304000000,
    1757390400000,
    1757476800000,
    1757563200000,
    1757649600000,
    1757908800000,
    1757995200000,
    1758081600000,
    1758168000000,
    1758254400000,
    1758513600000,
    1758600000000,
    1758686400000,
    1758772800000,
    1758859200000,
    1759118400000,
    1759204800000,
    1759291200000,
    1759377600000,
    1759464000000,
    1759723200000,
    1759809600000,
    1759896000000,
    1759982400000,
    1760068800000,
    1760328000000,
    1760414400000,
    1760500800000,
    1760587200000,
    1760673600000,
    1760932800000,
    1761019200000,
    1761105600000,
    1761192000000,
    1761278400000,
    1761537600000,
    1761624000000,
    1761710400000,
    1761796800000,
    1761883200000,
    1762146000000,
    1762232400000,
    1762318800000,
    1762405200000,
    1762491600000,
    1762750800000,
    1762837200000,
    1762923600000,
    1763010000000,
    1763096400000,
    1763355600000,
    1763442000000,
    1763528400000,
    1763614800000,
    1763701200000,
    1763960400000,
    1764046800000,
    1764133200000,
    1764306000000,
    1764565200000,
    1764651600000,
    1764738000000,
    1764824400000,
    1764910800000,
    1765170000000,
    1765256400000,
    1765342800000,
    1765429200000,
    1765515600000,
    1765774800000,
    1765861200000,
    1765947600000,
    1766034000000,
    1766120400000,
    1766379600000,
    1766466000000,
    1766552400000,
    1766725200000,
    1766984400000,
    1767070800000,
    1767157200000,
    1767330000000,
    1767589200000,
    1767675600000,
    1767762000000,
    1767848400000
  ],
  "open": [
    328.2300109863281,
    335.20001220703125,
    336.1499938964844,
    348.0,
    354.6400146484375,
    348.44000244140625,
    350.54998779296875,
    350.1700134277344,
    370.94000244140625,
    423.1300048828125,
    414.5,
    415.75,
    428.8699951171875,
    421.82000732421875,
    431.1099853515625,
    439.8800048828125,
    429.8299865722656,
    435.239990234375,
    428.29998779296875,
    444.3500061035156,
    441.5199890136719,
    443.79998779296875,
    470.5400085449219,
    443.2900085449219,
    440.75,
    447.82000732421875,
    437.57000732421875,
    431.80999755859375,
    436.5400085449219,
    423.5299987792969,
    426.7900085449219,
    434.8999938964844,
    434.7300109863281,
    425.5,
    443.8699951171875,
    445.760009765625,
    443.45001220703125,
    420.0,
    446.8299865722656,
    439.9800109863281,
    454.7799987792969,
    462.5,
    451.04998779296875,
    446.75,
    455.989990234375,
    454.4599914550781,
    452.04998779296875,
    461.9599914550781,
    437.9200134277344,
    439.6000061035156,
    439.3999938964844,
    442.1499938964844,
    423.1300048828125,
    386.29998779296875,
    398.739990234375,
    405.3800048828125,
    406.17999267578125,
    414.6300048828125,
    402.32000732421875,
    402.1700134277344,
    414.4200134277344,
    423.95001220703125,
    426.5899963378906,
    425.32000732421875,
    430.80999755859375,
    432.1000061035156,
    449.94000244140625,
    453.0299987792969,
    447.45001220703125,
    437.5400085449219,
    446.07000732421875,
    448.95001220703125,
    448.0899963378906,
    469.44000244140625,
    472.2099914550781,
    488.2200012207031,
    478.1600036621094,
    488.1199951171875,
    489.8800048828125,
    489.3999938964844,
    488.4800109863281,
    485.2300109863281,
    469.0,
    461.0899963378906,
    456.1000061035156,
    457.79998779296875,
    447.989990234375,
    446.3800048828125,
    435.8999938964844,
    427.8900146484375
  ],
  "high": [
    333.3299865722656,
    343.3299865722656,
    338.8900146484375,
    355.8699951171875,
    358.44000244140625,
    350.7699890136719,
    356.3299865722656,
    368.989990234375,
    396.69000244140625,
    425.70001220703125,
    423.25,
    428.30999755859375,
    432.2200012207031,
    429.4700012207031,
    444.9800109863281,
    440.9700012207031,
    444.2099914550781,
    435.3500061035156,
    440.4700012207031,
    450.9800109863281,
    445.0,
    462.2900085449219,
    470.75,
    446.7699890136719,
    453.54998779296875,
    452.67999267578125,
    441.3299865722656,
    436.3500061035156,
    443.1300048828125,
    436.8900146484375,
    434.20001220703125,
    440.510009765625,
    439.3500061035156,
    441.4599914550781,
    449.79998779296875,
    449.29998779296875,
    445.5400085449219,
    449.3999938964844,
    451.67999267578125,
    460.1600036621094,
    467.0,
    465.70001220703125,
    455.05999755859375,
    458.0,
    474.07000732421875,
    460.2200012207031,
    466.3299865722656,
    467.45001220703125,
    439.3599853515625,
    449.6700134277344,
    442.489990234375,
    442.3299865722656,
    424.5,
    412.19000244140625,
    423.9599914550781,
    408.8999938964844,
    411.7799987792969,
    428.94000244140625,
    402.79998779296875,
    421.7200012207031,
    420.4800109863281,
    426.94000244140625,
    432.92999267578125,
    433.6600036621094,
    436.79998779296875,
    447.9200134277344,
    454.6300048828125,
    458.8699951171875,
    449.75,
    452.3900146484375,
    456.8800048828125,
    449.2699890136719,
    463.010009765625,
    481.7699890136719,
    491.5,
    495.2799987792969,
    490.8599853515625,
    490.489990234375,
    498.8299865722656,
    491.9700012207031,
    490.8999938964844,
    489.0899963378906,
    469.3999938964844,
    463.1199951171875,
    456.54998779296875,
    458.3399963378906,
    457.54998779296875,
    448.25,
    438.3699951171875,
    436.8900146484375
  ],
  "low": [
    325.6000061035156,
    328.510009765625,
    331.4800109863281,
    344.67999267578125,
    344.8399963378906,
    343.82000732421875,
    346.07000732421875,
    347.6000061035156,
    370.239990234375,
    402.42999267578125,
    411.42999267578125,
    409.6700134277344,
    416.55999755859375,
    421.7200012207031,
    429.1300048828125,
    423.7200012207031,
    429.0299987792969,
    419.0799865722656,
    421.0199890136719,
    439.5,
    433.1199951171875,
    440.75,
    435.57000732421875,
    416.5799865722656,
    436.69000244140625,
    432.45001220703125,
    425.2300109863281,
    426.17999267578125,
    411.45001220703125,
    419.70001220703125,
    417.8599853515625,
    426.3299865722656,
    421.30999755859375,
    423.6000061035156,
    440.6099853515625,
    442.04998779296875,
    429.0,
    413.8999938964844,
    430.1700134277344,
    438.69000244140625,
    451.6000061035156,
    452.6499938964844,
    439.6099853515625,
    443.69000244140625,
    453.79998779296875,
    443.6000061035156,
    440.7099914550781,
    435.0899963378906,
    421.8800048828125,
    433.3599853515625,
    432.3599853515625,
    426.55999755859375,
    396.3399963378906,
    382.7799987792969,
    398.739990234375,
    393.7099914550781,
    398.5,
    394.739990234375,
    383.760009765625,
    401.0899963378906,
    405.95001220703125,
    416.8900146484375,
    426.20001220703125,
    425.2900085449219,
    422.1199951171875,
    431.1099853515625,
    445.3900146484375,
    451.6600036621094,
    435.25,
    435.70001220703125,
    443.6099853515625,
    440.3299865722656,
    441.6700134277344,
    467.6600036621094,
    465.8299865722656,
    466.20001220703125,
    473.1199951171875,
    474.7200012207031,
    485.3299865722656,
    482.8399963378906,
    476.79998779296875,
    473.82000732421875,
    459.0,
    453.8299865722656,
    449.29998779296875,
    435.29998779296875,
    444.57000732421875,
    428.7799987792969,
    431.2900085449219,
    424.3699951171875
  ],