{
  "timestamps": [
    1756785600000,
    1756872000000,
    1756958400000,
    1757044800000,
    1757304000000,
    1757390400000,
    1757476800000,
    1757563200000,
    1757649600000,
    1757908800000,
    1757995200000,
    1758081600000,
    1758168000000,
    1758254400000,
    1758513600000,
    1758600000000,
    1758686400000,
    1758772800000,
    1758859200000,
    1759118400000,
    1759204800000,
    1759291200000,
    1759377600000,
    1759464000000,
    1759723200000,
    1759809600000,
    1759896000000,
    1759982400000,
    1760068800000,
    1760328000000,
    1760414400000,
    1760500800000,
    1760587200000,
    1760673600000,
    1760932800000,
    1761019200000,
    1761105600000,
    1761192000000,
    1761278400000,
    1761537600000,
    1761624000000,
    1761710400000,
    1761796800000,
    1761883200000,
    1762146000000,
    1762232400000,
    1762318800000,
    1762405200000,
    1762491600000,
    1762750800000,
    1762837200000,
    1762923600000,
    1763010000000,
    1763096400000,
    1763355600000,
    1763442000000,
    1763528400000,
    1763614800000,
    1763701200000,
    1763960400000,
    1764046800000,
    1764133200000,
    1764306000000,
    1764565200000,
    1764651600000,
    1764738000000,
    1764824400000,
    1764910800000,
    1765170000000,
    1765256400000,
    1765342800000,
    1765429200000,
    1765515600000,
    1765774800000,
    1765861200000,
    1765947600000,
    1766034000000,
    1766120400000,
    1766379600000,
    1766466000000,
    1766552400000,
    1766725200000,
    1766984400000,
    1767070800000,
    1767157200000,
    1767330000000,
    1767589200000,
    1767675600000,
    1767762000000,
    1767848400000
  ],
  "open": [
    226.14999389648438,
    231.52000427246094,
    231.35000610351562,
    240.24000549316406,
    241.99000549316406,
    246.92999267578125,
    258.8699951171875,
    260.3500061035156,
    260.8500061035156,
    260.0,
    265.9200134277344,
    264.3399963378906,
    258.0,
    266.3699951171875,
    266.5400085449219,
    282.3999938964844,
    280.30999755859375,
    273.1199951171875,
    273.8900146484375,
    276.489990234375,
    275.32000732421875,
    278.44000244140625,
    296.5199890136719,
    292.8599853515625,
    300.010009765625,
    306.6199951171875,
    295.0,
    302.30999755859375,
    299.9599914550781,
    298.239990234375,
    295.6300048828125,
    306.2900085449219,
    310.92999267578125,
    298.3999938964844,
    300.0,
    299.0,
    293.0,
    289.79998779296875,
    295.57000732421875,
    298.6499938964844,
    298.32000732421875,
    305.79998779296875,
    303.0799865722656,
    305.989990234375,
    302.5899963378906,
    296.8800048828125,
    292.6199951171875,
    294.1000061035156,
    285.2099914550781,
    294.3599853515625,
    292.05999755859375,
    293.70001220703125,
    289.1700134277344,
    275.9100036621094,
    281.44000244140625,
    277.54998779296875,
    276.9200134277344,
    292.2099914550781,
    272.80999755859375,
    273.19000244140625,
    282.7300109863281,
    289.1000061035156,
    292.4800109863281,
    286.9200134277344,
    292.0,
    292.17999267578125,
    293.9800109863281,
    296.04998779296875,
    301.20001220703125,
    299.989990234375,
    305.3699951171875,
    305.32000732421875,
    304.2799987792969,
    295.1499938964844,
    287.260009765625,
    288.5299987792969,
    285.0,
    286.3800048828125,
    294.6700134277344,
    293.3999938964844,
    297.739990234375,
    299.8999938964844,
    301.7799987792969,
    302.3599853515625,
    304.0,
    311.9800109863281,
    330.3999938964844,
    330.2200012207031,
    324.6700134277344,
    324.3900146484375
  ],
  "high": [
    229.33999633789062,
    232.4499969482422,
    235.30999755859375,
    244.5500030517578,
    247.8800048828125,
    254.72999572753906,
    264.5799865722656,
    261.6400146484375,
    260.95001220703125,
    262.79998779296875,
    266.44000244140625,
    264.80999755859375,
    270.5400085449219,
    266.57000732421875,
    276.3599853515625,
    286.0,
    281.2099914550781,
    277.1400146484375,
    275.5,
    279.8699951171875,
    279.489990234375,
    290.4800109863281,
    296.7200012207031,
    296.05999755859375,
    307.29998779296875,
    307.1000061035156,
    306.3999938964844,
    302.8299865722656,
    300.20001220703125,
    304.6300048828125,
    301.75,
    306.6099853515625,
    311.3699951171875,
    303.29998779296875,
    303.6499938964844,
    299.3699951171875,
    295.20001220703125,
    294.0899963378906,
    297.95001220703125,
    300.4800109863281,
    302.1300048828125,
    307.9599914550781,
    307.30999755859375,
    307.67999267578125,
    310.1199951171875,
    301.989990234375,
    298.2200012207031,
    294.6400146484375,
    287.8900146484375,
    297.1300048828125,
    294.9200134277344,
    294.8699951171875,
    289.5,
    286.8599853515625,
    286.5299987792969,
    280.19000244140625,
    284.54998779296875,
    292.8500061035156,
    278.69000244140625,
    285.05999755859375,
    285.3999938964844,
    292.80999755859375,
    292.6700134277344,
    291.1600036621094,
    294.5,
    296.6199951171875,
    294.0299987792969,
    300.79998779296875,
    302.6199951171875,
    304.67999267578125,
    313.9800109863281,
    305.8399963378906,
    304.2799987792969,
    295.79998779296875,
    288.4599914550781,
    289.1000061035156,
    287.1600036621094,
    292.1700134277344,
    295.010009765625,
    297.9100036621094,
    299.1600036621094,
    303.3800048828125,
    304.5,
    304.54998779296875,
    307.3900146484375,
    321.5899963378906,
    331.25,
    333.0799865722656,
    326.29998779296875,
    324.5
  ],
  "low": [
    225.6300048828125,
    228.60000610351562,
    230.3000030517578,
    237.89999389648438,
    241.6199951171875,
    246.92999267578125,
    257.75,
    258.2300109863281,
    258.3800048828125,
    258.75,
    260.6099853515625,
    259.7300109863281,
    257.9800109863281,
    262.80999755859375,
    265.45001220703125,
    280.0,
    276.7200012207031,
    270.19000244140625,
    270.6199951171875,
    273.2300109863281,
    273.8299865722656,
    277.1700134277344,
    287.0299987792969,
    290.489990234375,
    299.94000244140625,
    293.2799987792969,
    293.9800109863281,
    297.4200134277344,
    280.3299865722656,
    292.32000732421875,
    291.3399963378906,
    300.07000732421875,
    296.69000244140625,
    294.9200134277344,
    297.05999755859375,
    293.6600036621094,
    284.3999938964844,
    289.6300048828125,
    294.3900146484375,
    293.69000244140625,
    296.0799865722656,
    302.3800048828125,
    300.82000732421875,
    296.67999267578125,
    302.1199951171875,
    293.510009765625,
    291.5,
    287.3800048828125,
    277.1300048828125,
    291.75,
    288.9100036621094,
    289.5799865722656,
    280.0,
    273.2300109863281,
    279.79998779296875,
    272.7200012207031,
    276.32000732421875,
    276.4100036621094,
    266.82000732421875,
    273.19000244140625,
    273.0799865722656,
    287.7300109863281,
    289.0,
    283.19000244140625,
    289.17999267578125,
    286.07000732421875,
    290.20001220703125,
    293.25,
    296.7200012207031,
    298.5,
    302.5,
    299.6400146484375,
    290.9800109863281,
    287.54998779296875,
    283.32000732421875,
    275.0799865722656,
    281.75,
    286.3800048828125,
    291.2099914550781,
    292.20001220703125,
    296.2300109863281,
    298.5199890136719,
    298.6499938964844,
    299.45001220703125,
    303.42999267578125,
    311.70001220703125,
    321.5,
    324.5899963378906,
    318.5400085449219,
    316.1400146484375
  ],