{
  "timestamps": [
    1756785600000,
    1756872000000,
    1756958400000,
    1757044800000,
    1757304000000,
    1757390400000,
    1757476800000,
    1757563200000,
    1757649600000,
    1757908800000,
    1757995200000,
    1758081600000,
    1758168000000,
    1758254400000,
    1758513600000,
    1758600000000,
    1758686400000,
    1758772800000,
    1758859200000,
    1759118400000,
    1759204800000,
    1759291200000,
    1759377600000,
    1759464000000,
    1759723200000,
    1759809600000,
    1759896000000,
    1759982400000,
    1760068800000,
    1760328000000,
    1760414400000,
    1760500800000,
    1760587200000,
    1760673600000,
    1760932800000,
    1761019200000,
    1761105600000,
    1761192000000,
    1761278400000,
    1761537600000,
    1761624000000,
    1761710400000,
    1761796800000,
    1761883200000,
    1762146000000,
    1762232400000,
    1762318800000,
    1762405200000,
    1762491600000,
    1762750800000,
    1762837200000,
    1762923600000,
    1763010000000,
    1763096400000,
    1763355600000,
    1763442000000,
    1763528400000,
    1763614800000,
    1763701200000,
    1763960400000,
    1764046800000,
    1764133200000,
    1764306000000,
    1764565200000,
    1764651600000,
    1764738000000,
    1764824400000,
    1764910800000,
    1765170000000,
    1765256400000,
    1765342800000,
    1765429200000,
    1765515600000,
    1765774800000,
    1765861200000,
    1765947600000,
    1766034000000,
    1766120400000,
    1766379600000,
    1766466000000,
    1766552400000,
    1766725200000,
    1766984400000,
    1767070800000,
    1767157200000,
    1767330000000,
    1767589200000,
    1767675600000,
    1767762000000,
    1767848400000
  ],
  "open": [
    9.199999809265137,
    9.359999656677246,
    9.0,
    9.329999923706055,
    9.6899995803833,
    10.069999694824219,
    9.859999656677246,
    10.020000457763672,
    10.600000381469727,
    10.779999732971191,
    10.979999542236328,
    11.329999923706055,
    11.550000190734863,
    11.050000190734863,
    13.0,
    14.329999923706055,
    14.0,
    12.25,
    12.880000114440918,
    13.350000381469727,
    14.479999542236328,
    15.130000114440918,
    15.0,
    16.149999618530273,
    16.760000228881836,
    16.399999618530273,
    15.960000038146973,
    16.149999618530273,
    15.079999923706055,
    13.779999732971191,
    13.880000114440918,
    16.290000915527344,
    14.350000381469727,
    12.420000076293945,
    13.0,
    12.779999732971191,
    11.770000457763672,
    11.680000305175781,
    12.300000190734863,
    15.5,
    15.470000267028809,
    14.1899995803833,
    15.399999618530273,
    15.380000114440918,
    15.09000015258789,
    12.65999984741211,
    12.100000381469727,
    12.130000114440918,
    10.0,
    11.5,
    11.210000038146973,
    11.100000381469727,
    10.369999885559082,
    9.029999732971191,
    9.40999984741211,
    8.4399995803833,
    9.140000343322754,
    9.100000381469727,
    7.889999866485596,
    8.0,
    8.550000190734863,
    8.520000457763672,
    8.789999961853027,
    8.59000015258789,
    8.600000381469727,
    9.399999618530273,
    10.25,
    11.039999961853027,
    10.899999618530273,
    10.710000038146973,
    11.09000015258789,
    10.489999771118164,
    10.699999809265137,
    10.149999618530273,
    9.0,
    9.40999984741211,
    9.0,
    9.0,
    10.300000190734863,
    12.25,
    13.3100004196167,
    13.0,
    12.0,
    11.510000228881836,
    12.050000190734863,
    13.100000381469727,
    14.239999771118164,
    14.90999984741211,
    15.600000381469727,
    15.369999885559082
  ],
  "high": [
    9.352999687194824,
    9.390000343322754,
    9.279999732971191,
    9.609999656677246,
    10.020000457763672,
    10.130000114440918,
    10.029999732971191,
    10.920000076293945,
    10.62600040435791,
    10.989999771118164,
    11.6899995803833,
    11.899999618530273,
    11.550000190734863,
    13.130000114440918,
    14.890000343322754,
    15.229999542236328,
    14.649999618530273,
    13.350000381469727,
    13.199999809265137,
    14.40999984741211,
    15.430000305175781,
    15.979999542236328,
    15.5,
    17.18000030517578,
    17.479999542236328,
    17.25,
    16.649999618530273,
    16.770000457763672,
    15.175000190734863,
    14.609999656677246,
    15.550000190734863,
    16.969999313354492,
    14.562000274658203,
    12.699999809265137,
    13.100000381469727,
    13.180000305175781,
    12.0,
    12.15999984741211,
    14.34000015258789,
    16.450000762939453,
    15.470000267028809,
    16.3799991607666,
    16.350000381469727,
    15.380000114440918,
    15.097999572753906,
    13.057000160217285,
    12.381999969482422,
    12.20199966430664,
    10.899999618530273,
    11.539999961853027,
    11.210000038146973,
    11.390000343322754,
    10.604999542236328,
    9.920000076293945,
    9.40999984741211,
    9.229999542236328,
    9.270000457763672,
    9.25,
    8.100000381469727,
    8.520000457763672,
    8.616999626159668,
    8.65999984741211,
    8.949999809265137,
    8.739999771118164,
    9.270000457763672,
    10.395000457763672,
    11.25,
    11.100000381469727,
    11.399999618530273,
    11.640000343322754,
    11.149999618530273,
    10.9399995803833,
    10.8100004196167,
    10.220000267028809,
    9.65999984741211,
    9.706000328063965,
    9.59000015258789,
    10.225000381469727,
    12.149999618530273,
    13.199999809265137,
    13.350000381469727,
    13.0,
    12.329999923706055,
    12.380000114440918,
    13.156999588012695,
    13.664999961853027,
    15.739999771118164,
    16.440000534057617,
    15.779999732971191,
    16.93000030517578
  ],
  "low": [
    8.649999618530273,
    8.784000396728516,
    8.819999694824219,
    8.923999786376953,
    9.579999923706055,
    9.609999656677246,
    9.680000305175781,
    10.0,
    9.880000114440918,
    10.260000228881836,
    10.333999633789062,
    11.109999656677246,
    10.90999984741211,
    11.050000190734863,
    12.670000076293945,
    13.609000205993652,
    13.281000137329102,
    11.819999694824219,
    12.510000228881836,
    13.3100004196167,
    13.510000228881836,
    14.350000381469727,
    14.699999809265137,
    15.180000305175781,
    16.0,
    15.130000114440918,
    14.90999984741211,
    14.75,
    13.260000228881836,
    13.470000267028809,
    13.149999618530273,
    13.699999809265137,
    12.550000190734863,
    11.8100004196167,
    12.399999618530273,
    12.399999618530273,
    11.109999656677246,
    11.550000190734863,
    11.9399995803833,
    14.539999961853027,
    13.800000190734863,
    13.449999809265137,
    14.949999809265137,
    14.229999542236328,
    13.270000457763672,
    12.020000457763672,
    11.5,
    10.710000038146973,
    9.425000190734863,
    10.710000038146973,
    10.699999809265137,
    10.300000190734863,
    9.399999618530273,
    8.899999618530273,
    8.437000274658203,
    8.270000457763672,
    8.59000015258789,
    7.699999809265137,
    7.244999885559082,
    7.572000026702881,
    7.820000171661377,
    8.220000267028809,
    8.600000381469727,
    8.380000114440918,
    8.489999771118164,
    8.9399995803833,
    10.100000381469727,
    10.460000038146973,
    10.800000190734863,
    10.699999809265137,
    10.5,
    10.0,
    9.9350004196167,
    9.079999923706055,
    9.0,
    8.65999984741211,
    8.789999961853027,
    8.970000267028809,
    10.130000114440918,
    11.819999694824219,
    12.75,
    12.109999656677246,
    11.53499984741211,
    11.138999938964844,
    11.819999694824219,
    12.369999885559082,
    13.899999618530273,
    14.649999618530273,
    14.609999656677246,
    14.710000038146973
  ],