{
  "timestamps": [
    1756785600000,
    1756872000000,
    1756958400000,
    1757044800000,
    1757304000000,
    1757390400000,
    1757476800000,
    1757563200000,
    1757649600000,
    1757908800000,
    1757995200000,
    1758081600000,
    1758168000000,
    1758254400000,
    1758513600000,
    1758600000000,
    1758686400000,
    1758772800000,
    1758859200000,
    1759118400000,
    1759204800000,
    1759291200000,
    1759377600000,
    1759464000000,
    1759723200000,
    1759809600000,
    1759896000000,
    1759982400000,
    1760068800000,
    1760328000000,
    1760414400000,
    1760500800000,
    1760587200000,
    1760673600000,
    1760932800000,
    1761019200000,
    1761105600000,
    1761192000000,
    1761278400000,
    1761537600000,
    1761624000000,
    1761710400000,
    1761796800000,
    1761883200000,
    1762146000000,
    1762232400000,
    1762318800000,
    1762405200000,
    1762491600000,
    1762750800000,
    1762837200000,
    1762923600000,
    1763010000000,
    1763096400000,
    1763355600000,
    1763442000000,
    1763528400000,
    1763614800000,
    1763701200000,
    1763960400000,
    1764046800000,
    1764133200000,
    1764306000000,
    1764565200000,
    1764651600000,
    1764738000000,
    1764824400000,
    1764910800000,
    1765170000000,
    1765256400000,
    1765342800000,
    1765429200000,
    1765515600000,
    1765774800000,
    1765861200000,
    1765947600000,
    1766034000000,
    1766120400000,
    1766379600000,
    1766466000000,
    1766552400000,
    1766725200000,
    1766984400000,
    1767070800000,
    1767157200000,
    1767330000000,
    1767589200000,
    1767675600000,
    1767762000000,
    1767848400000
  ],
  "open": [
    11.0,
    11.329999923706055,
    11.3100004196167,
    11.229999542236328,
    11.619999885559082,
    12.399999618530273,
    13.079999923706055,
    12.510000228881836,
    12.5,
    11.9399995803833,
    14.229999542236328,
    13.75,
    14.350000381469727,
    14.100000381469727,
    15.0,
    15.800000190734863,
    17.329999923706055,
    15.119999885559082,
    17.510000228881836,
    17.270000457763672,
    15.130000114440918,
    15.0,
    16.0,
    17.059999465942383,
    17.350000381469727,
    17.489999771118164,
    18.0,
    19.0,
    21.239999771118164,
    24.34000015258789,
    26.079999923706055,
    26.65999984741211,
    24.920000076293945,
    19.510000228881836,
    22.329999923706055,
    22.489999771118164,
    18.889999389648438,
    23.18000030517578,
    21.760000228881836,
    20.100000381469727,
    19.709999084472656,
    19.6200008392334,
    21.0,
    22.299999237060547,
    19.690000534057617,
    16.0,
    16.940000534057617,
    15.75,
    14.15999984741211,
    16.3799991607666,
    16.059999465942383,
    15.899999618530273,
    15.779999732971191,
    14.5,
    15.140000343322754,
    14.569999694824219,
    15.359999656677246,
    15.989999771118164,
    12.829999923706055,
    13.0,
    13.899999618530273,
    14.75,
    14.569999694824219,
    14.199999809265137,
    14.199999809265137,
    15.350000381469727,
    15.079999923706055,
    16.600000381469727,
    15.680000305175781,
    15.289999961853027,
    15.25,
    14.630000114440918,
    16.0,
    14.760000228881836,
    13.359999656677246,
    14.119999885559082,
    13.600000381469727,
    14.4399995803833,
    15.399999618530273,
    15.039999961853027,
    15.199999809265137,
    15.079999923706055,
    14.699999809265137,
    15.149999618530273,
    14.100000381469727,
    14.65999984741211,
    17.270000457763672,
    18.829999923706055,
    18.239999771118164,
    19.530000686645508
  ],
  "high": [
    11.369999885559082,
    11.600000381469727,
    11.579999923706055,
    11.569999694824219,
    11.960000038146973,
    13.460000038146973,
    13.25,
    12.869999885559082,
    12.520000457763672,
    14.119999885559082,
    14.40999984741211,
    14.149999618530273,
    14.380000114440918,
    15.289999961853027,
    15.710000038146973,
    16.770000457763672,
    18.600000381469727,
    17.670000076293945,
    18.780000686645508,
    17.5,
    16.389999389648438,
    15.800000190734863,
    17.0,
    17.850000381469727,
    18.049999237060547,
    19.010000228881836,
    19.260000228881836,
    20.510000228881836,
    22.3700008392334,
    25.690000534057617,
    26.8799991607666,
    27.329999923706055,
    26.030000686645508,
    21.670000076293945,
    23.139999389648438,
    22.489999771118164,
    22.950000762939453,
    23.40999984741211,
    22.850000381469727,
    20.260000228881836,
    20.950000762939453,
    21.139999389648438,
    22.25,
    22.450000762939453,
    19.889999389648438,
    18.200000762939453,
    17.0,
    15.960000038146973,
    15.720000267028809,
    16.920000076293945,
    16.149999618530273,
    16.309999465942383,
    16.520000457763672,
    16.43000030517578,
    15.779999732971191,
    15.569999694824219,
    16.209999084472656,
    16.059999465942383,
    12.949999809265137,
    14.079999923706055,
    14.59000015258789,
    14.800000190734863,
    14.829999923706055,
    14.600000381469727,
    15.079999923706055,
    15.489999771118164,
    16.520000457763672,
    16.6299991607666,
    15.920000076293945,
    15.65999984741211,
    15.260000228881836,
    16.040000915527344,
    16.020000457763672,
    15.289999961853027,
    14.329999923706055,
    14.420000076293945,
    14.15999984741211,
    15.619999885559082,
    15.529999732971191,
    15.970000267028809,
    15.300000190734863,
    15.119999885559082,
    16.0,
    15.220000267028809,
    14.779999732971191,
    17.06999969482422,
    18.540000915527344,
    19.020000457763672,
    19.030000686645508,
    19.56999969482422
  ],
  "low": [
    10.649999618530273,
    11.119999885559082,
    10.970000267028809,
    10.9399995803833,
    11.25,
    11.970000267028809,
    12.520000457763672,
    12.319999694824219,
    11.819999694824219,
    11.859999656677246,
    13.1899995803833,
    13.479999542236328,
    13.630000114440918,
    14.010000228881836,
    14.260000228881836,
    15.350000381469727,
    16.770000457763672,
    15.109999656677246,
    16.450000762939453,
    16.079999923706055,
    14.84000015258789,
    14.9399995803833,
    15.539999961853027,
    16.030000686645508,
    16.850000381469727,
    16.889999389648438,
    17.40999984741211,
    18.510000228881836,
    20.200000762939453,
    22.709999084472656,
    21.899999618530273,
    23.0,
    21.440000534057617,
    19.209999084472656,
    20.780000686645508,
    20.3700008392334,
    18.760000228881836,
    20.739999771118164,
    20.290000915527344,
    17.780000686645508,
    19.209999084472656,
    19.149999618530273,
    19.559999465942383,
    20.010000228881836,
    17.399999618530273,
    15.760000228881836,
    15.649999618530273,
    14.600000381469727,
    14.079999923706055,
    16.09000015258789,
    15.319999694824219,
    15.579999923706055,
    15.260000228881836,
    14.270000457763672,
    14.770000457763672,
    14.529999732971191,
    15.109999656677246,
    13.170000076293945,
    12.079999923706055,
    12.800000190734863,
    13.4399995803833,
    14.319999694824219,
    14.199999809265137,
    13.920000076293945,
    14.140000343322754,
    14.699999809265137,
    14.739999771118164,
    15.130000114440918,
    15.260000228881836,
    14.979999542236328,
    14.149999618530273,
    14.529999732971191,
    14.199999809265137,
    13.979999542236328,
    13.359999656677246,
    13.399999618530273,
    13.539999961853027,
    14.300000190734863,
    14.880000114440918,
    15.010000228881836,
    14.6899995803833,
    14.5600004196167,
    14.649999618530273,
    14.140000343322754,
    14.0600004196167,
    14.65999984741211,
    16.829999923706055,
    17.68000030517578,
    17.809999465942383,
    18.350000381469727
  ],