{
  "timestamps": [
    1756785600000,
    1756872000000,
    1756958400000,
    1757044800000,
    1757304000000,
    1757390400000,
    1757476800000,
    1757563200000,
    1757649600000,
    1757908800000,
    1757995200000,
    1758081600000,
    1758168000000,
    1758254400000,
    1758513600000,
    1758600000000,
    1758686400000,
    1758772800000,
    1758859200000,
    1759118400000,
    1759204800000,
    1759291200000,
    1759377600000,
    1759464000000,
    1759723200000,
    1759809600000,
    1759896000000,
    1759982400000,
    1760068800000,
    1760328000000,
    1760414400000,
    1760500800000,
    1760587200000,
    1760673600000,
    1760932800000,
    1761019200000,
    1761105600000,
    1761192000000,
    1761278400000,
    1761537600000,
    1761624000000,
    1761710400000,
    1761796800000,
    1761883200000,
    1762146000000,
    1762232400000,
    1762318800000,
    1762405200000,
    1762491600000,
    1762750800000,
    1762837200000,
    1762923600000,
    1763010000000,
    1763096400000,
    1763355600000,
    1763442000000,
    1763528400000,
    1763614800000,
    1763701200000,
    1763960400000,
    1764046800000,
    1764133200000,
    1764306000000,
    1764565200000,
    1764651600000,
    1764738000000,
    1764824400000,
    1764910800000,
    1765170000000,
    1765256400000,
    1765342800000,
    1765429200000,
    1765515600000,
    1765774800000,
    1765861200000,
    1765947600000,
    1766034000000,
    1766120400000,
    1766379600000,
    1766466000000,
    1766552400000,
    1766725200000,
    1766984400000,
    1767070800000,
    1767157200000,
    1767330000000,
    1767589200000,
    1767675600000,
    1767762000000,
    1767848400000
  ],
  "open": [
    123.69999694824219,
    124.80000305175781,
    125.9000015258789,
    127.80999755859375,
    125.70999908447266,
    124.08000183105469,
    134.24000549316406,
    138.4199981689453,
    135.5,
    135.9199981689453,
    140.25,
    135.63999938964844,
    139.0,
    142.6300048828125,
    143.0500030517578,
    151.32000732421875,
    143.47999572753906,
    137.00999450683594,
    139.0,
    142.0,
    144.0,
    149.1199951171875,
    164.3000030517578,
    161.63999938964844,
    168.84500122070312,
    164.75,
    160.52499389648438,
    168.3800048828125,
    178.42999267578125,
    175.00999450683594,
    171.69000244140625,
    180.0,
    182.50999450683594,
    175.0,
    178.0,
    175.0800018310547,
    182.60000610351562,
    174.52999877929688,
    186.85000610351562,
    189.99000549316406,
    192.77000427246094,
    193.6999969482422,
    193.86000061035156,
    196.9499969482422,
    196.14999389648438,
    183.3000030517578,
    182.0749969482422,
    191.0050048828125,
    177.0,
    188.02000427246094,
    184.0,
    182.11000061035156,
    169.97500610351562,
    162.0,
    168.38999938964844,
    163.30999755859375,
    166.05999755859375,
    176.9199981689453,
    160.0,
    162.42999267578125,
    167.5500030517578,
    172.2050018310547,
    173.52000427246094,
    175.89999389648438,
    182.82000732421875,
    179.02000427246094,
    179.33999633789062,
    182.1699981689453,
    186.1699981689453,
    181.17999267578125,
    179.3800048828125,
    177.5,
    173.3000030517578,
    163.41000366210938,
    158.35000610351562,
    161.00999450683594,
    156.42999267578125,
    156.0,
    166.1300048828125,
    165.52999877929688,
    166.0,
    167.25999450683594,
    165.8000030517578,
    165.99000549316406,
    164.69000244140625,
    169.46499633789062,
    182.6300048828125,
    169.36000061035156,
    169.0,
    170.75
  ],
  "high": [
    124.48999786376953,
    125.73500061035156,
    127.08999633789062,
    128.57699584960938,
    125.72000122070312,
    125.9800033569336,
    141.22000122070312,
    138.4199981689453,
    137.0919952392578,
    142.05999755859375,
    141.21499633789062,
    137.56500244140625,
    142.6199951171875,
    144.49000549316406,
    152.4499969482422,
    152.10000610351562,
    146.10000610351562,
    141.18499755859375,
    140.97999572753906,
    145.61000061035156,
    150.92999267578125,
    162.22500610351562,
    168.99000549316406,
    163.8800048828125,
    169.8300018310547,
    165.0,
    167.5500030517578,
    170.88900756835938,
    183.10499572753906,
    184.44000244140625,
    181.83999633789062,
    182.99000549316406,
    183.0,
    178.0,
    179.7899932861328,
    177.19000244140625,
    184.5,
    184.0399932861328,
    188.88999938964844,
    194.0,
    195.7050018310547,
    199.5,
    202.4499969482422,
    199.8699951171875,
    197.60000610351562,
    186.89999389648438,
    193.39999389648438,
    191.0050048828125,
    179.8000030517578,
    191.41000366210938,
    187.47999572753906,
    182.57000732421875,
    170.64999389648438,
    175.8800048828125,
    174.85000610351562,
    169.12600708007812,
    174.66000366210938,
    180.875,
    161.2899932861328,
    171.8000030517578,
    169.66000366210938,
    174.8699951171875,
    179.8000030517578,
    182.64500427246094,
    186.3699951171875,
    180.92999267578125,
    185.33999633789062,
    189.66000366210938,
    188.5,
    182.5,
    185.40499877929688,
    179.0,
    174.14999389648438,
    166.5500030517578,
    162.47000122070312,
    161.00999450683594,
    158.7550048828125,
    162.3699951171875,
    167.0,
    167.9600067138672,
    167.5,
    168.44000244140625,
    168.99000549316406,
    166.39999389648438,
    165.75799560546875,
    177.25,
    183.25,
    175.2100067138672,
    174.2100067138672,
    171.25999450683594
  ],
  "low": [
    119.66500091552734,
    123.06999969482422,
    124.47000122070312,
    118.69999694824219,
    120.97000122070312,
    120.83000183105469,
    134.24000549316406,
    133.9499969482422,
    133.55999755859375,
    134.39999389648438,
    135.1300048828125,
    132.68499755859375,
    136.97000122070312,
    139.3800048828125,
    142.25,
    139.14999389648438,
    140.85000610351562,
    133.85000610351562,
    137.0800018310547,
    141.39999389648438,
    144.0,
    147.35000610351562,
    157.30999755859375,
    157.8300018310547,
    162.33999633789062,
    154.77000427246094,
    159.27200317382812,
    164.75,
    168.64999389648438,
    172.0,
    168.1999969482422,
    175.60000610351562,
    175.2100067138672,
    170.3000030517578,
    173.9499969482422,
    170.55999755859375,
    162.67999267578125,
    174.0,
    184.89999389648438,
    188.91400146484375,
    186.02000427246094,
    193.1300048828125,
    192.38999938964844,
    188.5800018310547,
    189.57000732421875,
    177.5,
    181.0,
    180.50999450683594,
    169.61000061035156,
    184.75999450683594,
    178.0399932861328,
    173.00999450683594,
    160.6699981689453,
    159.66000366210938,
    164.55999755859375,
    158.0,
    165.91000366210938,
    158.0800018310547,
    149.11000061035156,
    162.42999267578125,
    158.88999938964844,
    170.5500030517578,
    172.66000366210938,
    173.1999969482422,
    179.6199951171875,
    172.6999969482422,
    177.16000366210938,
    180.10000610351562,
    182.0,
    176.5399932861328,
    175.5500030517578,
    167.17999267578125,
    159.82000732421875,
    160.0,
    154.64999389648438,
    147.82000732421875,
    151.5,
    155.27000427246094,
    162.9499969482422,
    161.8300018310547,
    164.6199951171875,
    165.85000610351562,
    163.7899932861328,
    163.8800048828125,
    161.91000366210938,
    169.1300048828125,
    170.44000244140625,
    162.2100067138672,
    168.52999877929688,
    158.77000427246094
  ],