{
  "timestamps": [
    1756785600000,
    1756872000000,
    1756958400000,
    1757044800000,
    1757304000000,
    1757390400000,
    1757476800000,
    1757563200000,
    1757649600000,
    1757908800000,
    1757995200000,
    1758081600000,
    1758168000000,
    1758254400000,
    1758513600000,
    1758600000000,
    1758686400000,
    1758772800000,
    1758859200000,
    1759118400000,
    1759204800000,
    1759291200000,
    1759377600000,
    1759464000000,
    1759723200000,
    1759809600000,
    1759896000000,
    1759982400000,
    1760068800000,
    1760328000000,
    1760414400000,
    1760500800000,
    1760587200000,
    1760673600000,
    1760932800000,
    1761019200000,
    1761105600000,
    1761192000000,
    1761278400000,
    1761537600000,
    1761624000000,
    1761710400000,
    1761796800000,
    1761883200000,
    1762146000000,
    1762232400000,
    1762318800000,
    1762405200000,
    1762491600000,
    1762750800000,
    1762837200000,
    1762923600000,
    1763010000000,
    1763096400000,
    1763355600000,
    1763442000000,
    1763528400000,
    1763614800000,
    1763701200000,
    1763960400000,
    1764046800000,
    1764133200000,
    1764306000000,
    1764565200000,
    1764651600000,
    1764738000000,
    1764824400000,
    1764910800000,
    1765170000000,
    1765256400000,
    1765342800000,
    1765429200000,
    1765515600000,
    1765774800000,
    1765861200000,
    1765947600000,
    1766034000000,
    1766120400000,
    1766379600000,
    1766466000000,
    1766552400000,
    1766725200000,
    1766984400000,
    1767070800000,
    1767157200000,
    1767330000000,
    1767589200000,
    1767675600000,
    1767762000000,
    1767848400000
  ],
  "open": [
    184.5500030517578,
    186.0,
    189.0,
    190.25,
    189.58999633789062,
    190.0,
    200.52000427246094,
    208.77999877929688,
    202.9250030517578,
    209.6999969482422,
    213.8000030517578,
    211.2949981689453,
    213.30999755859375,
    211.42999267578125,
    211.0,
    210.11000061035156,
    203.25999450683594,
    198.0,
    201.1999969482422,
    202.0,
    199.19000244140625,
    195.0,
    204.0399932861328,
    204.35000610351562,
    206.16000366210938,
    201.57000732421875,
    201.5800018310547,
    207.0,
    209.75999450683594,
    201.1199951171875,
    205.7899932861328,
    209.32000732421875,
    214.7899932861328,
    207.6699981689453,
    204.1300048828125,
    192.8800048828125,
    187.5500030517578,
    185.7100067138672,
    196.60000610351562,
    203.66000366210938,
    197.31500244140625,
    192.3000030517578,
    194.67999267578125,
    192.0,
    190.80999755859375,
    188.10000610351562,
    186.25999450683594,
    182.88999938964844,
    178.5,
    194.8000030517578,
    185.9199981689453,
    180.3300018310547,
    176.91000366210938,
    167.17999267578125,
    175.42999267578125,
    172.66000366210938,
    175.16000366210938,
    184.82000732421875,
    172.0,
    169.57000732421875,
    174.0800018310547,
    174.0,
    179.0,
    176.00999450683594,
    175.39999389648438,
    172.66000366210938,
    171.89999389648438,
    176.52000427246094,
    167.82000732421875,
    165.3699951171875,
    165.33999633789062,
    162.0500030517578,
    175.1999969482422,
    172.9600067138672,
    166.64999389648438,
    174.00999450683594,
    165.66000366210938,
    166.6999969482422,
    164.0,
    161.57000732421875,
    160.99000549316406,
    161.6699981689453,
    161.0,
    162.0,
    162.88999938964844,
    163.88999938964844,
    169.3699951171875,
    169.0,
    168.64999389648438,
    155.25
  ],
  "high": [
    186.8800048828125,
    188.5500030517578,
    192.11000061035156,
    191.43299865722656,
    190.55499267578125,
    195.5,
    212.8800048828125,
    211.89999389648438,
    210.21499633789062,
    217.89999389648438,
    213.8000030517578,
    213.8000030517578,
    214.4600067138672,
    213.83999633789062,
    219.82000732421875,
    212.76499938964844,
    206.18699645996094,
    204.25999450683594,
    207.5,
    207.1269989013672,
    200.5,
    204.92999267578125,
    205.0,
    210.1999969482422,
    207.92999267578125,
    203.8350067138672,
    206.61000061035156,
    211.07000732421875,
    212.3699951171875,
    209.9499969482422,
    208.85000610351562,
    216.03500366210938,
    217.10000610351562,
    210.0500030517578,
    205.5,
    193.4199981689453,
    189.5,
    192.1999969482422,
    202.0,
    203.66000366210938,
    197.31500244140625,
    200.72999572753906,
    198.82000732421875,
    192.88999938964844,
    195.19000244140625,
    191.49000549316406,
    192.47500610351562,
    189.1199951171875,
    191.0749969482422,
    196.8000030517578,
    187.94000244140625,
    181.3000030517578,
    177.9600067138672,
    180.0,
    179.52000427246094,
    177.4199981689453,
    181.5,
    189.2899932861328,
    173.67999267578125,
    175.1999969482422,
    174.72999572753906,
    177.75,
    180.77000427246094,
    176.47999572753906,
    175.9499969482422,
    173.85000610351562,
    178.0500030517578,
    176.6300048828125,
    167.82000732421875,
    169.91000366210938,
    166.02000427246094,
    174.88999938964844,
    180.0,
    173.0,
    173.92999267578125,
    175.13999938964844,
    171.9199981689453,
    171.41000366210938,
    164.30999755859375,
    163.6999969482422,
    162.5850067138672,
    163.0,
    164.1999969482422,
    163.05999755859375,
    164.5,
    169.27999877929688,
    171.65499877929688,
    172.61000061035156,
    168.64999389648438,
    155.8000030517578
  ],
  "low": [
    182.08999633789062,
    184.33999633789062,
    188.79600524902344,
    178.42999267578125,
    184.61000061035156,
    189.2100067138672,
    200.0,
    203.10000610351562,
    202.00999450683594,
    209.6999969482422,
    207.31399536132812,
    204.6699981689453,
    208.0500030517578,
    205.1840057373047,
    207.8000030517578,
    203.4600067138672,
    201.8699951171875,
    196.00999450683594,
    200.97999572753906,
    197.6999969482422,
    190.6999969482422,
    192.1699981689453,
    198.7100067138672,
    201.5,
    197.42999267578125,
    195.88499450683594,
    200.1269989013672,
    205.3350067138672,
    196.83999633789062,
    200.39999389648438,
    201.39999389648438,
    206.39999389648438,
    208.6840057373047,
    200.0500030517578,
    192.8070068359375,
    185.57000732421875,
    179.64999389648438,
    185.7100067138672,
    194.60000610351562,
    196.5,
    184.47000122070312,
    189.47000122070312,
    188.5399932861328,
    183.52000427246094,
    187.8459930419922,
    184.5,
    184.92999267578125,
    179.52999877929688,
    176.60000610351562,
    184.16000366210938,
    178.80999755859375,
    177.2899932861328,
    170.52000427246094,
    165.5800018310547,
    173.1199951171875,
    170.66000366210938,
    174.22000122070312,
    173.1300048828125,
    162.44000244140625,
    165.89999389648438,
    165.90499877929688,
    173.0850067138672,
    178.00999450683594,
    172.69000244140625,
    171.36500549316406,
    168.9499969482422,
    170.4709930419922,
    166.47000122070312,
    164.05999755859375,
    164.72999572753906,
    158.64999389648438,
    161.00999450683594,
    167.5,
    166.97999572753906,
    166.5500030517578,
    158.6999969482422,
    162.6699981689453,
    162.6999969482422,
    160.85000610351562,
    160.1300048828125,
    159.77000427246094,
    160.35000610351562,
    159.9239959716797,
    161.05999755859375,
    161.22000122070312,
    163.88999938964844,
    160.19000244140625,
    163.77999877929688,
    153.5399932861328,
    149.19000244140625
  ],