{
  "timestamps": [
    1756785600000,
    1756872000000,
    1756958400000,
    1757044800000,
    1757304000000,
    1757390400000,
    1757476800000,
    1757563200000,
    1757649600000,
    1757908800000,
    1757995200000,
    1758081600000,
    1758168000000,
    1758254400000,
    1758513600000,
    1758600000000,
    1758686400000,
    1758772800000,
    1758859200000,
    1759118400000,
    1759204800000,
    1759291200000,
    1759377600000,
    1759464000000,
    1759723200000,
    1759809600000,
    1759896000000,
    1759982400000,
    1760068800000,
    1760328000000,
    1760414400000,
    1760500800000,
    1760587200000,
    1760673600000,
    1760932800000,
    1761019200000,
    1761105600000,
    1761192000000,
    1761278400000,
    1761537600000,
    1761624000000,
    1761710400000,
    1761796800000,
    1761883200000,
    1762146000000,
    1762232400000,
    1762318800000,
    1762405200000,
    1762491600000,
    1762750800000,
    1762837200000,
    1762923600000,
    1763010000000,
    1763096400000,
    1763355600000,
    1763442000000,
    1763528400000,
    1763614800000,
    1763701200000,
    1763960400000,
    1764046800000,
    1764133200000,
    1764306000000,
    1764565200000,
    1764651600000,
    1764738000000,
    1764824400000,
    1764910800000,
    1765170000000,
    1765256400000,
    1765342800000,
    1765429200000,
    1765515600000,
    1765774800000,
    1765861200000,
    1765947600000,
    1766034000000,
    1766120400000,
    1766379600000,
    1766466000000,
    1766552400000,
    1766725200000,
    1766984400000,
    1767070800000,
    1767157200000,
    1767330000000,
    1767589200000,
    1767675600000,
    1767762000000,
    1767848400000
  ],
  "open": [
    18.889999389648438,
    18.510000228881836,
    18.579999923706055,
    19.059999465942383,
    18.989999771118164,
    18.639999389648438,
    18.889999389648438,
    18.760000228881836,
    20.799999237060547,
    20.350000381469727,
    20.399999618530273,
    20.329999923706055,
    21.350000381469727,
    21.260000228881836,
    21.209999084472656,
    22.0,
    21.790000915527344,
    19.950000762939453,
    20.309999465942383,
    20.920000076293945,
    21.0,
    20.649999618530273,
    20.100000381469727,
    19.360000610351562,
    19.729999542236328,
    20.200000762939453,
    20.5,
    20.81999969482422,
    20.520000457763672,
    18.690000534057617,
    18.25,
    19.479999542236328,
    18.729999542236328,
    17.8799991607666,
    18.0,
    18.700000762939453,
    19.010000228881836,
    18.485000610351562,
    19.09000015258789,
    19.190000534057617,
    18.709999084472656,
    18.18000030517578,
    17.540000915527344,
    17.350000381469727,
    18.010000228881836,
    17.200000762939453,
    18.81999969482422,
    19.899999618530273,
    18.8799991607666,
    20.059999465942383,
    19.729999542236328,
    20.059999465942383,
    20.200000762939453,
    17.649999618530273,
    18.010000228881836,
    16.940000534057617,
    17.5,
    17.510000228881836,
    16.299999237060547,
    17.549999237060547,
    18.34000015258789,
    18.450000762939453,
    18.399999618530273,
    17.780000686645508,
    17.93000030517578,
    17.649999618530273,
    18.520000457763672,
    18.34000015258789,
    19.299999237060547,
    18.979999542236328,
    19.100000381469727,
    19.360000610351562,
    19.549999237060547,
    18.450000762939453,
    17.360000610351562,
    17.889999389648438,
    17.700000762939453,
    17.8700008392334,
    18.139999389648438,
    18.1200008392334,
    19.010000228881836,
    19.110000610351562,
    20.420000076293945,
    20.5,
    20.790000915527344,
    20.540000915527344,
    20.3799991607666,
    23.124000549316406,
    24.0,
    23.059999465942383
  ],
  "high": [
    19.020000457763672,
    20.0,
    18.7450008392334,
    19.604000091552734,
    19.110000610351562,
    18.729999542236328,
    19.777999877929688,
    20.81999969482422,
    20.989999771118164,
    21.15999984741211,
    20.530000686645508,
    20.6200008392334,
    21.790000915527344,
    21.559999465942383,
    22.184999465942383,
    22.1299991607666,
    21.790000915527344,
    20.350000381469727,
    20.600000381469727,
    21.344999313354492,
    21.0,
    21.760000228881836,
    20.100000381469727,
    19.736000061035156,
    20.6200008392334,
    20.200000762939453,
    21.540000915527344,
    21.299999237060547,
    20.523000717163086,
    19.079999923706055,
    19.559999465942383,
    19.53499984741211,
    19.190000534057617,
    18.479999542236328,
    18.739999771118164,
    19.65999984741211,
    19.19499969482422,
    18.825000762939453,
    19.395000457763672,
    19.229999542236328,
    18.770000457763672,
    18.229999542236328,
    17.65999984741211,
    18.09000015258789,
    18.3799991607666,
    17.5,
    20.0,
    20.209999084472656,
    19.684999465942383,
    20.200000762939453,
    20.59000015258789,
    20.6299991607666,
    20.219999313354492,
    19.049999237060547,
    18.270000457763672,
    17.559999465942383,
    17.670000076293945,
    17.889999389648438,
    17.3700008392334,
    18.174999237060547,
    18.549999237060547,
    18.649999618530273,
    18.520000457763672,
    18.405000686645508,
    18.5,
    18.437000274658203,
    18.7450008392334,
    19.229999542236328,
    19.600000381469727,
    19.510000228881836,
    19.959999084472656,
    19.84000015258789,
    19.639999389648438,
    18.510000228881836,
    18.149999618530273,
    18.139999389648438,
    18.045000076293945,
    18.084999084472656,
    18.399999618530273,
    18.399999618530273,
    19.34000015258789,
    20.709999084472656,
    20.530000686645508,
    21.3700008392334,
    21.110000610351562,
    20.6299991607666,
    21.885000228881836,
    23.940000534057617,
    24.059999465942383,
    23.690000534057617
  ],
  "low": [
    17.920000076293945,
    18.489999771118164,
    18.219999313354492,
    18.510000228881836,
    18.559999465942383,
    18.25,
    18.75,
    18.540000915527344,
    20.003999710083008,
    19.989999771118164,
    19.809999465942383,
    19.610000610351562,
    20.899999618530273,
    20.8799991607666,
    20.959999084472656,
    21.479999542236328,
    20.549999237060547,
    19.520999908447266,
    20.170000076293945,
    20.579999923706055,
    19.760000228881836,
    19.670000076293945,
    19.049999237060547,
    19.03499984741211,
    19.031999588012695,
    19.139999389648438,
    19.399999618530273,
    19.825000762939453,
    18.350000381469727,
    18.500999450683594,
    18.100000381469727,
    18.440000534057617,
    18.030000686645508,
    17.459999084472656,
    17.950000762939453,
    18.59000015258789,
    18.190000534057617,
    18.15999984741211,
    18.700000762939453,
    18.799999237060547,
    18.149999618530273,
    17.549999237060547,
    16.864999771118164,
    17.280000686645508,
    17.44499969482422,
    16.625,
    17.829999923706055,
    18.684999465942383,
    17.614999771118164,
    19.524999618530273,
    19.565000534057617,
    19.579999923706055,
    18.239999771118164,
    17.540000915527344,
    17.040000915527344,
    16.65999984741211,
    16.854999542236328,
    16.040000915527344,
    15.859999656677246,
    17.450000762939453,
    17.700000762939453,
    17.9950008392334,
    18.100000381469727,
    17.690000534057617,
    17.69499969482422,
    17.510000228881836,
    18.299999237060547,
    18.15999984741211,
    19.040000915527344,
    18.8799991607666,
    19.020000457763672,
    19.190000534057617,
    18.540000915527344,
    17.389999389648438,
    17.309999465942383,
    17.239999771118164,
    17.3700008392334,
    17.665000915527344,
    17.950000762939453,
    17.979999542236328,
    18.829999923706055,
    18.860000610351562,
    19.65999984741211,
    20.309999465942383,
    20.25,
    19.479999542236328,
    20.290000915527344,
    22.450000762939453,
    23.079999923706055,
    22.6299991607666
  ],